{"pde": {"dim": 2, "kappa": [0.0, 1.0, 0.8, 0.6, 0.4, 0.5, 0.3, 0.2, 0.1, 0.7], "theta": [0.0, 0.4, 0.2, 0.3, 0.4, 0.5, 0.4, 0.3, 0.2, 0.1], "nu": [0.0, 0.2, 0.15, 0.11, 0.12, 0.1, 0.13, 0.14, 0.14, 0.1], "lb": [0.0, 1.5, 1.11, 0.12, 0.13, 0.15, 0.11, 0.12, 0.13, 0.15], "rho": [0.0, 0.0, 0.0, 0.0, 0.0, 0.0, 0.0, 0.0, 0.0, 0.0], "eta": 0.5, "T": 1.0}, "simulation": {"num_samples": 512, "num_time_intervals": 10, "start": 0.9, "end": 1.1, "num_neurons": 6}, "optimal": 3.0, "bounds": 8.0, "0": {"ell": {"min": 0.0, "mean": 0.0, "median": 0.0, "max": 0.0, "std": 0.0, "bound": 0.0}, "sigma": {"min": 1.7, "mean": 1.6999999999999997, "median": 1.7, "max": 1.7, "std": 2.220662921453717e-16}}, "1": {"ell": {"min": -8.0, "mean": 0.23100721349157743, "median": 0.17426742434581685, "max": 8.0, "std": 0.4214148378599221, "bound": 8.0}, "sigma": {"min": -6.3, "mean": 1.9310072134915774, "median": 1.8742674243458168, "max": 9.7, "std": 0.4214148378599221}}, "2": {"ell": {"min": -1.0, "mean": 0.15277140220505006, "median": 0.13698617893527137, "max": 1.0, "std": 0.2714901243250744, "bound": 1.0}, "sigma": {"min": -7.3, "mean": 2.082242989874767, "median": 2.0130291447522133, "max": 10.7, "std": 0.5721673583202354}}, "3": {"ell": {"min": -1.0, "mean": 0.4298920326580104, "median": 0.5502143882499879, "max": 1.0, "std": 0.6093307950385777, "bound": 1.0}, "sigma": {"min": -6.3, "mean": 2.5295259573278086, "median": 2.4353350348768394, "max": 11.7, "std": 0.9113674053981982}}, "4": {"ell": {"min": -1.0, "mean": -0.002911252189126619, "median": 0.0, "max": 1.0, "std": 0.23221048033048705, "bound": 1.0}, "sigma": {"min": -8.300001875795173, "mean": 2.61356970434395, "median": 2.598181169380516, "max": 12.7, "std": 1.275224680320677}}, "5": {"ell": {"min": -1.0, "mean": 0.026869433955044493, "median": 0.00019169879379172947, "max": 1.0, "std": 0.5672646434753222, "bound": 1.0}, "sigma": {"min": -9.300000000335498, "mean": 2.6117672027089425, "median": 2.6815396134572635, "max": 11.7, "std": 1.3149481948545667}}, "6": {"ell": {"min": -1.0, "mean": -0.012206979858669417, "median": 0.0, "max": 1.0, "std": 0.2449144780774777, "bound": 1.0}, "sigma": {"min": -9.300000000000061, "mean": 2.6645923709130956, "median": 2.6816054934862366, "max": 12.702092060465665, "std": 1.3343068487263932}}, "7": {"ell": {"min": -1.0, "mean": -0.01868724827805796, "median": 0.0, "max": 1.0, "std": 0.2481975998762444, "bound": 1.0}, "sigma": {"min": -9.300000005545465, "mean": 2.635632982404318, "median": 2.678041695036042, "max": 12.7, "std": 1.3635310036931532}}, "8": {"ell": {"min": -1.0, "mean": 0.003183034779539895, "median": -8.98608288549338e-07, "max": 1.0, "std": 0.6496067497077924, "bound": 1.0}, "sigma": {"min": -8.300023396308104, "mean": 2.6427164120585322, "median": 2.49678520092753, "max": 14.700000000007805, "std": 1.5240017412857385}}, "9": {"ell": {"min": -1.0, "mean": -0.007411551919555136, "median": 0.0, "max": 1.0, "std": 0.27726805100450375, "bound": 1.0}, "sigma": {"min": -9.404263716480939, "mean": 2.691657212920023, "median": 2.6251382879696266, "max": 13.700139490195138, "std": 1.5942139545461487}}, "10": {"ell": {"min": -1.0, "mean": 0.07042359786026768, "median": 0.0011610556900933985, "max": 1.0, "std": 0.5774382133723339, "bound": 1.0}, "sigma": {"min": -8.300375005787092, "mean": 2.7434567700010235, "median": 2.6028982724601706, "max": 15.70499482601298, "std": 1.7624931861899762}}}