{"pde": {"dim": 2, "kappa": [0.0, 1.0, 0.8, 0.6, 0.4, 0.5, 0.3, 0.2, 0.1, 0.7], "theta": [0.0, 0.4, 0.2, 0.3, 0.4, 0.5, 0.4, 0.3, 0.2, 0.1], "nu": [0.0, 0.2, 0.15, 0.11, 0.12, 0.1, 0.13, 0.14, 0.14, 0.1], "lb": [0.0, 1.5, 1.11, 0.12, 0.13, 0.15, 0.11, 0.12, 0.13, 0.15], "rho": [0.0, 0.0, 0.0, 0.0, 0.0, 0.0, 0.0, 0.0, 0.0, 0.0], "eta": 0.5, "T": 1.0}, "simulation": {"num_samples": 1024, "num_time_intervals": 10, "start": 0.9, "end": 1.1, "num_neurons": 6}, "optimal": 3.0, "bounds": 4.0, "0": {"ell": {"min": 0.0, "mean": 0.0, "median": 0.0, "max": 0.0, "std": 0.0, "bound": 0.0}, "sigma": {"min": 1.7, "mean": 1.6999999999999997, "median": 1.7, "max": 1.7, "std": 2.2205544774091416e-16}}, "1": {"ell": {"min": 0.028776093914820448, "mean": 0.2535018667455309, "median": 0.14476025184760613, "max": 4.0, "std": 0.37302764248152437, "bound": 4.0}, "sigma": {"min": 1.7287760939148205, "mean": 1.953501866745531, "median": 1.844760251847606, "max": 5.7, "std": 0.3730276424815243}}, "2": {"ell": {"min": -3.5, "mean": 0.08938271255024438, "median": 0.07615686194170923, "max": 3.5, "std": 0.4925797449032127, "bound": 3.5}, "sigma": {"min": -1.4798128975681868, "mean": 2.047437189724501, "median": 1.926410934500623, "max": 9.2, "std": 0.6409264330444586}}, "3": {"ell": {"min": -3.0, "mean": -0.003371959814462247, "median": 0.05115871514694681, "max": 3.0, "std": 0.7862846710725604, "bound": 3.0}, "sigma": {"min": -1.7999999999999998, "mean": 2.0459581341521966, "median": 1.9682265952602391, "max": 12.2, "std": 0.9954000556581761}}, "4": {"ell": {"min": -2.5, "mean": 0.296656351214506, "median": 0.0987421931044896, "max": 2.5, "std": 0.7371912614283742, "bound": 2.5}, "sigma": {"min": -4.488307695233076, "mean": 2.295219803662641, "median": 2.0802823463274316, "max": 14.7, "std": 1.200651065551858}}, "5": {"ell": {"min": -2.0, "mean": -0.10573957510332765, "median": -1.5203420203774963e-07, "max": 2.0, "std": 0.6149704251086145, "bound": 2.0}, "sigma": {"min": -4.8176174923543105, "mean": 2.330325931595846, "median": 2.1406475651583308, "max": 14.7, "std": 1.5416533759489306}}}