{"pde": {"dim": 20, "kappa": [0.0, 1.0, 0.8, 0.6, 0.4, 0.5, 0.3, 0.2, 0.1, 0.7, 1.0, 0.8, 0.6, 0.4, 0.5, 0.3, 0.2, 0.1, 0.7, 1.0, 0.8, 0.6, 0.4, 0.5, 0.3, 0.2, 0.1, 0.7], "theta": [0.0, 0.1, 0.2, 0.3, 0.4, 0.5, 0.4, 0.3, 0.2, 0.1, 0.1, 0.2, 0.3, 0.4, 0.5, 0.4, 0.3, 0.2, 0.1, 0.1, 0.2, 0.3, 0.4, 0.5, 0.4, 0.3, 0.2, 0.1], "nu": [0.2, 0.15, 0.11, 0.12, 0.1, 0.13, 0.14, 0.14, 0.1, 0.2, 0.15, 0.11, 0.12, 0.1, 0.13, 0.14, 0.14, 0.1, 0.2, 0.15, 0.11, 0.12, 0.1, 0.13, 0.14, 0.14, 0.1], "lb": [0.0, 1.15, 1.11, 0.12, 0.13, 0.15, 0.11, 0.12, 0.13, 0.15, 1.15, 1.11, 0.12, 0.13, 0.15, 0.11, 0.12, 0.13, 0.15, 1.15, 1.11, 0.12, 0.13, 0.15, 0.11, 0.12, 0.13, 0.15], "rho": [0.0, 0.0, 0.0, 0.0, 0.0, 0.0, 0.0, 0.0, 0.0, 0.0, 0.0, 0.0, 0.0, 0.0, 0.0, 0.0, 0.0, 0.0, 0.0, 0.0, 0.0, 0.0, 0.0, 0.0, 0.0, 0.0, 0.0, 0.0], "eta": 1.0, "T": 1.0}, "simulation": {"num_samples": 1024, "num_time_intervals": 10, "start": 0.0, "end": 1.0, "num_neurons": 4}, "optimal": 2.582847266099953, "0": {"ell": {"min": 0.0, "mean": 0.0, "median": 0.0, "max": 0.0, "std": 0.0}, "sigma": {"min": 2.0, "mean": 2.0, "median": 2.0, "max": 2.0, "std": 0.0}}, "1": {"ell": {"min": -0.5, "mean": -0.06499710550808176, "median": -0.007429607928014092, "max": 0.5, "std": 0.33910354198941633}, "sigma": {"min": 1.5, "mean": 1.9350028944919184, "median": 1.992570392071986, "max": 2.5, "std": 0.33910354198941633}}, "2": {"ell": {"min": -0.5, "mean": -0.00993174030460845, "median": -4.109510241286938e-09, "max": 0.5, "std": 0.13960387923872142}, "sigma": {"min": 1.0, "mean": 1.904812962775954, "median": 1.9858268945513255, "max": 3.0, "std": 0.3609496303659509}}, "3": {"ell": {"min": -0.5, "mean": 0.1266000793573341, "median": 0.11292571794647605, "max": 0.5, "std": 0.29089123454618016}, "sigma": {"min": 0.5, "mean": 2.025163510213905, "median": 2.0122294576079347, "max": 3.5, "std": 0.40300293340861637}}, "4": {"ell": {"min": -0.5, "mean": -0.03427301933052276, "median": -3.485215360830509e-10, "max": 0.5, "std": 0.2065495738850093}, "sigma": {"min": 0.0, "mean": 1.9812692979180047, "median": 2.006178684575014, "max": 4.0, "std": 0.44938102875302244}}, "5": {"ell": {"min": -0.1, "mean": 0.022328389254037483, "median": 0.1, "max": 0.1, "std": 0.08619054590866643}, "sigma": {"min": 0.1, "mean": 1.9872110350121996, "median": 2.012597584513189, "max": 4.1, "std": 0.4262605622238305}}, "6": {"ell": {"min": -0.1, "mean": -0.0019000384690000586, "median": -1.1910752752620952e-15, "max": 0.1, "std": 0.026385277743519918}}}