{"pde": {"dim": 2, "kappa": [0.0, 1.0, 0.8, 0.6, 0.4, 0.5, 0.3, 0.2, 0.1, 0.7], "theta": [0.0, 0.1, 0.2, 0.3, 0.4, 0.5, 0.4, 0.3, 0.2, 0.1], "nu": [0.02, 0.015, 0.11, 0.12, 0.01, 0.013, 0.14, 0.14, 0.01], "lb": [0.0, 1.15, 1.11, 0.12, 0.13, 0.15, 0.11, 0.12, 0.13, 0.15], "rho": [0.0, 0.0, 0.0, 0.0, 0.0, 0.0, 0.0, 0.0, 0.0, 0.0], "eta": 1.0, "T": 1.0}, "simulation": {"num_samples": 1024, "num_time_intervals": 10, "start": 0.0, "end": 1.0, "num_neurons": 6}, "optimal": 1.15, "0": {"ell": {"min": 0.5, "mean": 0.5, "median": 0.5, "max": 0.5, "std": 0.0}}, "1": {"ell": {"min": 0.4348481995164636, "mean": 0.7894093618164804, "median": 0.7349118198215243, "max": 2.6, "std": 0.25990021303755473}, "nabla u * ell": {"min": 0.49826887904757766, "mean": 0.5071448628225074, "median": 0.5005041830172727, "max": 1.5129963384220844, "std": 0.024438977747481716}, "min(nabla u , ell)": {"min": 0.4841362090036673, "mean": 0.533499389166295, "median": 0.5151848037574176, "max": 1.24990806353708, "std": 0.04766929936216003}}, "2": {"ell": {"min": -0.5024440001419914, "mean": 0.9635363804033524, "median": 0.9730147371062574, "max": 3.7, "std": 0.32096278117247096}, "nabla u * ell": {"min": -0.5024440001419914, "mean": 0.8098461425883382, "median": 0.7410429453512059, "max": 3.7, "std": 0.33308311987570427}, "min(nabla u , ell)": {"min": 0.17821730023278948, "mean": 0.7264916661752652, "median": 0.7136174766021666, "max": 3.325336429293103, "std": 0.20680313488798058}}, "3": {"ell": {"min": -1.2483084980011343, "mean": 1.0237065803428747, "median": 1.0450806051487718, "max": 4.466666666666667, "std": 0.24288374746588365}, "nabla u * ell": {"min": -0.6662282301690832, "mean": 0.9200747056082491, "median": 0.9276236982340157, "max": 4.466666666666667, "std": 0.24561283488015043}, "min(nabla u , ell)": {"min": -0.2985674317894748, "mean": 0.885149609882836, "median": 0.9044916595778588, "max": 3.9112181796167325, "std": 0.21037501675017153}}, "4": {"ell": {"min": -0.6522280622347995, "mean": 1.0541127696824708, "median": 0.9692612842155662, "max": 5.066666666666666, "std": 0.390631793112678}, "nabla u * ell": {"min": -0.6522280622347995, "mean": 1.0682567651475767, "median": 1.060003228524348, "max": 5.066666666666666, "std": 0.33652150439980744}, "min(nabla u , ell)": {"min": -1.1771111156910532, "mean": 0.9854321722392216, "median": 0.978643821713953, "max": 4.678915864382518, "std": 0.3085516626842353}}, "5": {"ell": {"min": -1.1446422571121508, "mean": 1.003704997883697, "median": 0.9258280156233172, "max": 5.566666666666666, "std": 0.5404950203286785}, "nabla u * ell": {"min": -1.1446422571121508, "mean": 1.0290001166517453, "median": 0.9516578796736608, "max": 5.566666666666666, "std": 0.475631800877526}, "min(nabla u , ell)": {"min": -0.8925543199788354, "mean": 0.9603284142846757, "median": 0.9151756963735772, "max": 5.1525144071391145, "std": 0.38093744952897673}}, "6": {"ell": {"min": -1.5818584988962898, "mean": 1.1080537591299462, "median": 1.1020763935029487, "max": 6.0, "std": 0.582697138971134}, "nabla u * ell": {"min": -1.1453745971562135, "mean": 1.039461400566235, "median": 0.9438306198613107, "max": 6.0, "std": 0.5662964739283872}, "min(nabla u , ell)": {"min": -0.7126536101400077, "mean": 1.0129441660659673, "median": 0.9622344005278891, "max": 5.613577973181791, "std": 0.47091275331633636}}, "7": {"ell": {"min": -1.1857142857142855, "mean": 1.0784079964834485, "median": 1.0143844643994189, "max": 6.385714285714286, "std": 0.6090962094271853}, "nabla u * ell": {"min": -1.1857142857142855, "mean": 1.0870368902212437, "median": 1.0181735450283467, "max": 6.385714285714286, "std": 0.6034474568879735}, "min(nabla u , ell)": {"min": -1.1553481026773649, "mean": 1.0508295309319866, "median": 1.0263650668170163, "max": 6.136217310811496, "std": 0.4921348005083951}}, "8": {"ell": {"min": -1.4238855098072296, "mean": 1.0013728149336323, "median": 0.9278136791355428, "max": 6.182513807276985, "std": 0.549204917972582}, "nabla u * ell": {"min": -1.4238855098072296, "mean": 1.0261357502397441, "median": 0.954735512001496, "max": 6.182513807276985, "std": 0.5605388817512396}, "min(nabla u , ell)": {"min": -0.9960844542298832, "mean": 1.014435134229325, "median": 0.9545772663323523, "max": 6.5249551970431865, "std": 0.4879111654590299}}, "9": {"ell": {"min": -1.1214851345176582, "mean": 1.0455221951903564, "median": 1.0302146143493962, "max": 6.413492063492064, "std": 0.5966430098469075}, "nabla u * ell": {"min": -1.1275206955947406, "mean": 1.0197673461708894, "median": 0.9488956736262356, "max": 6.413492063492064, "std": 0.5529962033401236}, "min(nabla u , ell)": {"min": -0.8926641667790233, "mean": 1.020359234355358, "median": 0.9476697067318939, "max": 6.673789721858376, "std": 0.6300058327123537}}, "10": {"ell": {"min": -1.3943277568986525, "mean": 1.0410302015640371, "median": 1.0337209847090483, "max": 7.057936328891297, "std": 0.6502690946304204}, "nabla u * ell": {"min": -1.3943277568986525, "mean": 1.0436126042246476, "median": 1.0344216772424146, "max": 7.057936507107433, "std": 0.6471399531234201}, "min(nabla u , ell)": {"min": -1.5166656785510981, "mean": 1.059110261775229, "median": 1.0109875354043334, "max": 6.6498847184353425, "std": 0.7553927772920584}}}