{"pde": {"dim": 2, "kappa": [0.0, 1.0, 0.8, 0.6, 0.4, 0.5, 0.3, 0.2, 0.1, 0.7], "theta": [0.0, 0.4, 0.2, 0.3, 0.4, 0.5, 0.4, 0.3, 0.2, 0.1], "nu": [0.0, 0.2, 0.15, 0.11, 0.12, 0.1, 0.13, 0.14, 0.14, 0.1], "lb": [0.0, 1.5, 1.11, 0.12, 0.13, 0.15, 0.11, 0.12, 0.13, 0.15], "rho": [0.0, 0.0, 0.0, 0.0, 0.0, 0.0, 0.0, 0.0, 0.0, 0.0], "eta": 0.5, "T": 1.0}, "simulation": {"num_samples": 1024, "num_time_intervals": 10, "start": 0.9, "end": 1.1, "num_neurons": 6}, "optimal": 3.0, "bounds": 4.0, "0": {"ell": {"min": 0.0, "mean": 0.0, "median": 0.0, "max": 0.0, "std": 0.0, "bound": 0.0}, "sigma": {"min": 1.7, "mean": 1.6999999999999997, "median": 1.7, "max": 1.7, "std": 2.2205544774091416e-16}}, "1": {"ell": {"min": -0.4555671921314097, "mean": 0.16575114666114826, "median": 0.09237229475341899, "max": 4.0, "std": 0.3022691439261227, "bound": 4.0}, "sigma": {"min": 1.2444328078685902, "mean": 1.8657511466611485, "median": 1.7923722947534189, "max": 5.7, "std": 0.30226914392612264}}, "2": {"ell": {"min": -3.5, "mean": 0.3266792515165383, "median": 0.27418875501943935, "max": 3.5, "std": 0.5941667317168964, "bound": 3.5}, "sigma": {"min": -5.8, "mean": 2.1899950474720713, "median": 2.0784936172682817, "max": 9.2, "std": 0.6628729925669621}}, "3": {"ell": {"min": -3.0, "mean": 0.03246929046593039, "median": 0.04835127927617884, "max": 3.0, "std": 0.6905940164046426, "bound": 3.0}, "sigma": {"min": -5.332867522428882, "mean": 2.2373703493434367, "median": 2.0934201723533024, "max": 12.2, "std": 0.935394452492356}}, "4": {"ell": {"min": -2.5, "mean": -0.024657128552229353, "median": 0.0, "max": 2.5, "std": 0.46120817322545704, "bound": 2.5}, "sigma": {"min": -8.800000000078459, "mean": 2.1992181192535454, "median": 2.101929086848918, "max": 14.7, "std": 0.9745387799895014}}, "5": {"ell": {"min": -2.0, "mean": -0.3546656004569268, "median": -0.22929385206973496, "max": 2.0, "std": 1.1318340119649066, "bound": 2.0}, "sigma": {"min": -7.167374156465565, "mean": 1.8526311000267157, "median": 1.7349905471010338, "max": 16.7, "std": 1.4944358743248147}}, "6": {"ell": {"min": -1.5, "mean": 0.0007021897465057714, "median": 2.8428954427803504e-12, "max": 1.5, "std": 0.44012922715149316, "bound": 1.5}, "sigma": {"min": -4.775047690775595, "mean": 1.827316756987225, "median": 1.7201041226434282, "max": 16.101367088376243, "std": 1.7711583757978848}}}