{"pde": {"dim": 10, "kappa": [0.0, 1.0, 0.8, 0.6, 0.4, 0.5, 0.3, 0.2, 0.1, 0.7, 1.0, 0.8, 0.6, 0.4, 0.5, 0.3, 0.2, 0.1, 0.7, 1.0, 0.8, 0.6, 0.4, 0.5, 0.3, 0.2, 0.1, 0.7], "theta": [0.0, 0.1, 0.2, 0.3, 0.4, 0.5, 0.4, 0.3, 0.2, 0.1, 0.1, 0.2, 0.3, 0.4, 0.5, 0.4, 0.3, 0.2, 0.1, 0.1, 0.2, 0.3, 0.4, 0.5, 0.4, 0.3, 0.2, 0.1], "nu": [0.2, 0.15, 0.11, 0.12, 0.1, 0.13, 0.14, 0.14, 0.1, 0.2, 0.15, 0.11, 0.12, 0.1, 0.13, 0.14, 0.14, 0.1, 0.2, 0.15, 0.11, 0.12, 0.1, 0.13, 0.14, 0.14, 0.1], "lb": [0.0, 1.15, 1.11, 0.12, 0.13, 0.15, 0.11, 0.12, 0.13, 0.15, 1.15, 1.11, 0.12, 0.13, 0.15, 0.11, 0.12, 0.13, 0.15, 1.15, 1.11, 0.12, 0.13, 0.15, 0.11, 0.12, 0.13, 0.15], "rho": [0.0, 0.0, 0.0, 0.0, 0.0, 0.0, 0.0, 0.0, 0.0, 0.0, 0.0, 0.0, 0.0, 0.0, 0.0, 0.0, 0.0, 0.0, 0.0, 0.0, 0.0, 0.0, 0.0, 0.0, 0.0, 0.0, 0.0, 0.0], "eta": 1.0, "T": 1.0}, "simulation": {"num_samples": 16384, "num_time_intervals": 10, "start": 0.0, "end": 1.0, "num_neurons": 6}, "optimal": 1.6353287131338459, "bounds": [1.0, 1.0, 1.0, 1.0, 1.0, 1.0, 1.0, 1.0, 1.0, 1.0, 1.0], "0": {"ell": {"min": 0.0, "mean": 0.0, "median": 0.0, "max": 0.0, "std": 0.0}, "sigma": {"min": 1.7, "mean": 1.6999999999999997, "median": 1.7, "max": 1.7, "std": 2.2204528255449105e-16}}, "1": {"ell": {"min": -1.0, "mean": 0.1604293033545864, "median": 0.3138829512954765, "max": 1.0, "std": 0.4583362742690642}, "sigma": {"min": 0.3450132609655069, "mean": 1.8119622368829629, "median": 1.9572879938224097, "max": 3.1621867552988787, "std": 0.3628470732714721}}, "2": {"ell": {"min": -1.0, "mean": 0.13059656951963955, "median": 0.02921936621297543, "max": 1.0, "std": 0.48985096800111577}, "sigma": {"min": 0.7866170557287246, "mean": 1.908510437874589, "median": 1.9198746716377877, "max": 3.1913002305308615, "std": 0.4424546832170453}}, "3": {"ell": {"min": -1.0, "mean": -0.032248708620285754, "median": -0.020036641779636905, "max": 1.0, "std": 0.4395989511123356}, "sigma": {"min": 0.447757391885628, "mean": 1.8550765063991244, "median": 1.8881002873811816, "max": 3.450135479870347, "std": 0.43669424600702234}}, "4": {"ell": {"min": -1.0, "mean": 0.09666172553595201, "median": 0.118539314081621, "max": 1.0, "std": 0.3880434807161647}, "sigma": {"min": 0.47056705085878225, "mean": 1.9224616194730249, "median": 1.987801692674931, "max": 2.778735601195439, "std": 0.41219802111249565}}, "5": {"ell": {"min": -1.0, "mean": 0.023666599566492398, "median": -0.02884045169340238, "max": 1.0, "std": 0.3709139360830228}, "sigma": {"min": 0.2051030215616292, "mean": 1.9245300063683417, "median": 1.9882485297952472, "max": 2.9792039142937985, "std": 0.3766598645494852}}, "6": {"ell": {"min": -1.0, "mean": -0.012423057004188613, "median": 0.0018060920310338183, "max": 1.0, "std": 0.35547604021182144}, "sigma": {"min": 0.10205630986899017, "mean": 1.8738212730855115, "median": 2.048554172101227, "max": 2.893558303405424, "std": 0.5348385903807815}}, "7": {"ell": {"min": -1.0, "mean": 0.13400770788592792, "median": -0.062207024302401326, "max": 1.0, "std": 0.4776222515344029}, "sigma": {"min": 0.9137672239307448, "mean": 1.9952450179215888, "median": 1.975548077531403, "max": 3.3806812653217895, "std": 0.37133887529112863}}, "8": {"ell": {"min": -1.0, "mean": -0.17639429159341102, "median": -0.042853260852746364, "max": 1.0, "std": 0.5754130831120211}, "sigma": {"min": 0.05098887740280425, "mean": 1.69864147711767, "median": 1.8074714533084661, "max": 3.19578097465933, "std": 0.629654532802756}}, "9": {"ell": {"min": -1.0, "mean": -0.17787738419447524, "median": -0.037879472999546235, "max": 1.0, "std": 0.6727255783797778}, "sigma": {"min": -0.8811024921645519, "mean": 1.2773821623835828, "median": 1.1223703593119736, "max": 3.7834645176554855, "std": 1.06785453006325}}, "10": {"ell": {"min": -1.0, "mean": 0.199082375328069, "median": 0.05024500457306337, "max": 1.0, "std": 0.6271023242220066}, "sigma": {"min": -0.33386283734042715, "mean": 1.418252969754023, "median": 1.1436817893834632, "max": 3.9535906860656835, "std": 0.8151434089850608}}}