{"pde": {"dim": 10, "kappa": [0.0, 1.0, 0.8, 0.6, 0.4, 0.5, 0.3, 0.2, 0.1, 0.7], "theta": [0.0, 0.1, 0.2, 0.3, 0.4, 0.5, 0.4, 0.3, 0.2, 0.1], "nu": [0.2, 0.15, 0.11, 0.12, 0.1, 0.13, 0.14, 0.14, 0.1], "lb": [0.0, 1.15, 1.11, 0.12, 0.13, 0.15, 0.11, 0.12, 0.13, 0.15], "rho": [0.0, 0.0, 0.0, 0.0, 0.0, 0.0, 0.0, 0.0, 0.0, 0.0], "eta": 1.0, "T": 1.0}, "simulation": {"num_samples": 4096, "num_time_intervals": 10, "start": 0.0, "end": 1.0, "num_neurons": 6}, "optimal": 1.6353287131338459, "0": {"ell": {"min": 1.35, "mean": 1.3500000000000003, "median": 1.35, "max": 1.35, "std": 2.2204731548009436e-16}}, "1": {"ell": {"min": 1.25, "mean": 1.3889606785261477, "median": 1.3786488085044981, "max": 1.4500000000000002, "std": 0.04649045368127991}}, "2": {"ell": {"min": 1.15, "mean": 1.4071907087794977, "median": 1.3841263775052584, "max": 1.5500000000000003, "std": 0.07804024936994575}}, "3": {"ell": {"min": 1.0499999999999998, "mean": 1.4626542022666313, "median": 1.4500000000000002, "max": 1.6500000000000004, "std": 0.07868905238249609}}, "4": {"ell": {"min": 0.9499999999999998, "mean": 1.510428680889532, "median": 1.510075662013993, "max": 1.7500000000000004, "std": 0.08230115496343499}}}