{"pde": {"dim": 10, "kappa": [0.0, 1.0, 0.8, 0.6, 0.4, 0.5, 0.3, 0.2, 0.1, 0.7, 1.0, 0.8, 0.6, 0.4, 0.5, 0.3, 0.2, 0.1, 0.7, 1.0, 0.8, 0.6, 0.4, 0.5, 0.3, 0.2, 0.1, 0.7], "theta": [0.0, 0.1, 0.2, 0.3, 0.4, 0.5, 0.4, 0.3, 0.2, 0.1, 0.1, 0.2, 0.3, 0.4, 0.5, 0.4, 0.3, 0.2, 0.1, 0.1, 0.2, 0.3, 0.4, 0.5, 0.4, 0.3, 0.2, 0.1], "nu": [0.2, 0.15, 0.11, 0.12, 0.1, 0.13, 0.14, 0.14, 0.1, 0.2, 0.15, 0.11, 0.12, 0.1, 0.13, 0.14, 0.14, 0.1, 0.2, 0.15, 0.11, 0.12, 0.1, 0.13, 0.14, 0.14, 0.1], "lb": [0.0, 1.15, 1.11, 0.12, 0.13, 0.15, 0.11, 0.12, 0.13, 0.15, 1.15, 1.11, 0.12, 0.13, 0.15, 0.11, 0.12, 0.13, 0.15, 1.15, 1.11, 0.12, 0.13, 0.15, 0.11, 0.12, 0.13, 0.15], "rho": [0.0, 0.0, 0.0, 0.0, 0.0, 0.0, 0.0, 0.0, 0.0, 0.0, 0.0, 0.0, 0.0, 0.0, 0.0, 0.0, 0.0, 0.0, 0.0, 0.0, 0.0, 0.0, 0.0, 0.0, 0.0, 0.0, 0.0, 0.0], "eta": 1.0, "T": 1.0}, "simulation": {"num_samples": 4096, "num_time_intervals": 10, "start": 0.0, "end": 1.0, "num_neurons": 4}, "optimal": 1.6353287131338459, "bounds": [1.0, 1.0, 1.0, 1.0, 1.0, 1.0, 1.0, 1.0, 1.0, 1.0, 1.0], "0": {"ell": {"min": 0.0, "mean": 0.0, "median": 0.0, "max": 0.0, "std": 0.0}, "sigma": {"min": 1.7, "mean": 1.6999999999999997, "median": 1.7, "max": 1.7, "std": 2.2204731548009436e-16}}, "1": {"ell": {"min": -1.0, "mean": -0.07263652275219534, "median": -0.026342921285563384, "max": 1.0, "std": 0.5220880427661424}, "sigma": {"min": 0.6425870924847706, "mean": 1.567370444245084, "median": 1.624368239884516, "max": 2.0727572151994034, "std": 0.19041060214133665}}, "2": {"ell": {"min": -1.0, "mean": -0.06470760564961633, "median": -0.04368724504443591, "max": 1.0, "std": 0.30935306081180597}, "sigma": {"min": 0.5950964283071255, "mean": 1.4800652628018764, "median": 1.5233636688353003, "max": 2.527051455302566, "std": 0.2259766763948154}}, "3": {"ell": {"min": -1.0, "mean": -0.1046101693953621, "median": -0.056091770880975285, "max": 1.0, "std": 0.5676577231922039}, "sigma": {"min": -0.0643505453389864, "mean": 1.2144066295421458, "median": 1.3506860993734628, "max": 3.1455785161221548, "std": 0.5329664140399589}}, "4": {"ell": {"min": -1.0, "mean": -0.09334181258880861, "median": -0.002309116133724611, "max": 1.0, "std": 0.507571665335431}, "sigma": {"min": -0.006447417474274686, "mean": 1.1226574525419828, "median": 1.1846363629412862, "max": 3.003522136133695, "std": 0.5487209828941149}}, "5": {"ell": {"min": -1.0, "mean": 0.2696315396730773, "median": 0.16753534612108478, "max": 1.0, "std": 0.39204675390217597}, "sigma": {"min": 0.827080201633347, "mean": 1.4177226600760846, "median": 1.4338070037469632, "max": 1.7106343313038586, "std": 0.12851162204112174}}, "6": {"ell": {"min": -1.0, "mean": 0.06419639020454349, "median": 0.025935497590711176, "max": 1.0, "std": 0.1686074431127978}, "sigma": {"min": 0.9141458594318566, "mean": 1.478543221315169, "median": 1.4780654347334774, "max": 1.8596193833212933, "std": 0.1359373797903681}}, "7": {"ell": {"min": -1.0, "mean": 0.023448944245193972, "median": 0.03981592130347167, "max": 1.0, "std": 0.27031523352660997}, "sigma": {"min": 0.9836671725445012, "mean": 1.4917530215886718, "median": 1.5056941849186591, "max": 1.6441248509594222, "std": 0.07497854727197524}}, "8": {"ell": {"min": -1.0, "mean": 0.0049125177634188, "median": -0.008652726297444235, "max": 1.0, "std": 0.3138985544006135}, "sigma": {"min": 1.1616044026943153, "mean": 1.4725169370239575, "median": 1.447292650069686, "max": 2.6668767202542325, "std": 0.1383496898686553}}, "9": {"ell": {"min": -1.0, "mean": 0.06390136322977102, "median": 0.03452214683055582, "max": 1.0, "std": 0.2807280102688025}, "sigma": {"min": 1.1396896358802926, "mean": 1.5276685906162646, "median": 1.5227001216087621, "max": 1.968463441247378, "std": 0.08680175944786547}}, "10": {"ell": {"min": -1.0, "mean": -0.08294439741832027, "median": -0.04499246978530674, "max": 1.0, "std": 0.29785636379405395}, "sigma": {"min": 0.7882341764468994, "mean": 1.4204501041412174, "median": 1.435924253271299, "max": 1.5029942752616616, "std": 0.0659445226369939}}}