{"pde": {"dim": 2, "kappa": [0.0, 1.0, 0.8, 0.6, 0.4, 0.5, 0.3, 0.2, 0.1, 0.7], "theta": [0.0, 0.1, 0.2, 0.3, 0.4, 0.5, 0.4, 0.3, 0.2, 0.1], "nu": [0.2, 0.15, 0.11, 0.12, 0.1, 0.13, 0.14, 0.14, 0.1], "lb": [0.0, 1.15, 1.11, 0.12, 0.13, 0.15, 0.11, 0.12, 0.13, 0.15], "rho": [0.0, 0.0, 0.0, 0.0, 0.0, 0.0, 0.0, 0.0, 0.0, 0.0], "eta": 1.0, "T": 1.0}, "simulation": {"num_samples": 1024, "num_time_intervals": 10, "start": 0.0, "end": 1.0, "num_neurons": 6}, "optimal": 1.15, "0": {"ell": {"min": 0.5, "mean": 0.5, "median": 0.5, "max": 0.5, "std": 0.0}}, "1": {"ell": {"min": 0.6, "mean": 0.5999999999999998, "median": 0.6, "max": 0.6, "std": 2.2205544774091416e-16}, "nabla u * ell": {"min": 0.5008003896681451, "mean": 0.5136215908526077, "median": 0.5115159153068303, "max": 0.5623011133522797, "std": 0.00984638156147323}, "min(nabla u , ell)": {"min": 0.5054743025737811, "mean": 0.5528476624714652, "median": 0.5483581907937125, "max": 0.6003152206954797, "std": 0.029270723328892124}}, "2": {"ell": {"min": 0.6318537133264897, "mean": 0.6998171588315965, "median": 0.7, "max": 0.7, "std": 0.0024748683788248394}, "nabla u * ell": {"min": 0.5997879720979824, "mean": 0.6154268264244396, "median": 0.6152940009324532, "max": 0.6766333332878816, "std": 0.00875804528471631}, "min(nabla u , ell)": {"min": 0.6023703579840725, "mean": 0.6522772807330516, "median": 0.6501854648657945, "max": 0.6999803595458136, "std": 0.028417391952330517}}, "3": {"ell": {"min": 0.6, "mean": 0.7995111217164327, "median": 0.7999999999999999, "max": 0.7999999999999999, "std": 0.0055977939326536255}, "nabla u * ell": {"min": 0.6, "mean": 0.7117792358977151, "median": 0.7113542159397883, "max": 0.7999999999999999, "std": 0.008722248223323861}, "min(nabla u , ell)": {"min": 0.6080988868767565, "mean": 0.7460815159156855, "median": 0.7463485182545935, "max": 0.7996535603766127, "std": 0.03605143365227363}}, "4": {"ell": {"min": 0.5, "mean": 0.8952365520694225, "median": 0.8999999999999999, "max": 0.8999999999999999, "std": 0.018117103154412006}, "nabla u * ell": {"min": 0.5, "mean": 0.8076411017551601, "median": 0.8068943510000821, "max": 0.8999999999999999, "std": 0.012420640538092111}, "min(nabla u , ell)": {"min": 0.6358290362167077, "mean": 0.8337941117364605, "median": 0.8370448097671509, "max": 0.9017318972115368, "std": 0.04208742582628001}}, "5": {"ell": {"min": 0.6, "mean": 0.9912332281218141, "median": 0.9999999999999999, "max": 0.9999999999999999, "std": 0.024782909753119146}, "nabla u * ell": {"min": 0.5853442945259972, "mean": 0.9011604050950867, "median": 0.9060745420958055, "max": 0.9999999999999999, "std": 0.023150976757725643}, "min(nabla u , ell)": {"min": 0.6734475477382137, "mean": 0.9295041259885727, "median": 0.9418230566734993, "max": 0.9984214326735111, "std": 0.05973631245474428}}, "6": {"ell": {"min": 0.6833333333333333, "mean": 1.0693803074610595, "median": 1.0833333333333333, "max": 1.0833333333333333, "std": 0.029838714091469994}, "nabla u * ell": {"min": 0.6508913344570078, "mean": 0.9949552270190158, "median": 1.0033451816713848, "max": 1.0833333333333333, "std": 0.02790975981273316}, "min(nabla u , ell)": {"min": 0.6327828045356858, "mean": 1.0166668337768257, "median": 1.0293891010170249, "max": 1.0803917873069044, "std": 0.057978144422296804}}, "7": {"ell": {"min": 0.611904761904762, "mean": 1.1009681206261264, "median": 1.1056705291738498, "max": 1.1547619047619047, "std": 0.054435305182915575}, "nabla u * ell": {"min": 0.6218070503038902, "mean": 1.0684848644105653, "median": 1.0834134372512196, "max": 1.1547619047619047, "std": 0.03605531048703345}, "min(nabla u , ell)": {"min": 0.66169425158228, "mean": 1.0594606862332079, "median": 1.0711362744976567, "max": 1.1348612269154383, "std": 0.05256022934224976}}, "8": {"ell": {"min": 0.6177452048308604, "mean": 1.1198431008109542, "median": 1.1193312057611615, "max": 1.2172619047619047, "std": 0.04661002582117893}, "nabla u * ell": {"min": 0.6329503066019336, "mean": 1.1006446221454174, "median": 1.1053590538863953, "max": 1.2172619047619047, "std": 0.055393099333243025}, "min(nabla u , ell)": {"min": 0.669505418629048, "mean": 1.0915145436022835, "median": 1.1023688651002017, "max": 1.1899196357362924, "std": 0.06287772238293035}}, "9": {"ell": {"min": 0.7226911615122279, "mean": 1.1375330046264995, "median": 1.1559848276927145, "max": 1.2728174603174602, "std": 0.05288431786873779}, "nabla u * ell": {"min": 0.702958359647803, "mean": 1.1204989353347394, "median": 1.1199111885716382, "max": 1.2728174603174602, "std": 0.04460292132912985}, "min(nabla u , ell)": {"min": 0.7546571148108248, "mean": 1.1179520666168103, "median": 1.1275117821599692, "max": 1.2295975335850078, "std": 0.056432695829164374}}, "10": {"ell": {"min": 0.5771825396825396, "mean": 1.1622911047240094, "median": 1.176754824131898, "max": 1.3228174603174603, "std": 0.05751971859807364}, "nabla u * ell": {"min": 0.5771825396825396, "mean": 1.1366858237580622, "median": 1.1547100234045722, "max": 1.3228174603174603, "std": 0.05218077175438993}, "min(nabla u , ell)": {"min": 0.8322241195489797, "mean": 1.1494095692471853, "median": 1.1647361424059297, "max": 1.282703027888492, "std": 0.05911404018417379}}}