{"pde": {"dim": 2, "kappa": [0.0, 1.0, 0.8, 0.6, 0.4, 0.5, 0.3, 0.2, 0.1, 0.7], "theta": [0.0, 0.4, 0.2, 0.3, 0.4, 0.5, 0.4, 0.3, 0.2, 0.1], "nu": [0.0, 0.2, 0.15, 0.11, 0.12, 0.1, 0.13, 0.14, 0.14, 0.1], "lb": [0.0, 1.5, 1.11, 0.12, 0.13, 0.15, 0.11, 0.12, 0.13, 0.15], "rho": [0.0, 0.0, 0.0, 0.0, 0.0, 0.0, 0.0, 0.0, 0.0, 0.0], "eta": 0.5, "T": 1.0}, "simulation": {"num_samples": 1024, "num_time_intervals": 10, "start": 0.0, "end": 1.0, "num_neurons": 4}, "optimal": 3.0, "bounds": 8.0, "0": {"ell": {"min": 0.0, "mean": 0.0, "median": 0.0, "max": 0.0, "std": 0.0, "bound": 0.0}, "sigma": {"min": 1.7, "mean": 1.6999999999999997, "median": 1.7, "max": 1.7, "std": 2.2205544774091416e-16}}, "1": {"ell": {"min": -1.3905462751944615, "mean": 0.22817048388136268, "median": 0.18583924671388438, "max": 8.0, "std": 0.1588951084071094, "bound": 8.0}, "sigma": {"min": 0.30945372480553845, "mean": 1.9281704838813627, "median": 1.8858392467138843, "max": 9.7, "std": 0.1588951084071094}}, "2": {"ell": {"min": -8.0, "mean": 0.15212021230546177, "median": 0.13867652901079328, "max": 8.0, "std": 0.4468262991090427, "bound": 8.0}, "sigma": {"min": -5.8507249718531735, "mean": 2.087205801745712, "median": 2.0225918524966957, "max": 17.7, "std": 0.5319703397492715}}, "3": {"ell": {"min": -8.0, "mean": 0.307504078956116, "median": 0.481747046345351, "max": 8.0, "std": 1.1866433542289656, "bound": 8.0}, "sigma": {"min": -14.05252140978046, "mean": 2.4011879915592873, "median": 2.474835014033662, "max": 25.7, "std": 1.3726918259790835}}, "4": {"ell": {"min": -7.2, "mean": 0.0012301372544042401, "median": 0.0, "max": 7.2, "std": 0.5185608911688986, "bound": 7.2}, "sigma": {"min": -14.544152174957027, "mean": 2.339372093366303, "median": 2.4576500493474236, "max": 25.7, "std": 1.568390241719453}}, "5": {"ell": {"min": -7.2, "mean": 0.006618038880487389, "median": 0.0, "max": 7.2, "std": 0.4419502632558566, "bound": 7.2}, "sigma": {"min": -14.521910399068197, "mean": 2.3335491418113463, "median": 2.457083863104212, "max": 28.860336395539395, "std": 1.639870902354546}}, "6": {"ell": {"min": -7.2, "mean": -0.0026076205661843825, "median": 0.0, "max": 7.2, "std": 0.5056647527872697, "bound": 7.2}, "sigma": {"min": -27.047688522237372, "mean": 2.348787931820904, "median": 2.4607404148308873, "max": 29.433473563483254, "std": 1.6132425815723794}}, "7": {"ell": {"min": -7.2, "mean": -0.002923837702243448, "median": 0.0, "max": 7.2, "std": 0.46179080323505634, "bound": 7.2}, "sigma": {"min": -27.454516318439264, "mean": 2.3584000916735466, "median": 2.4620731489669376, "max": 34.1583611637335, "std": 1.7592952697375646}}, "8": {"ell": {"min": -7.2, "mean": -0.38843104241406806, "median": -0.00010555701664898776, "max": 7.2, "std": 2.5923589524948283, "bound": 7.2}, "sigma": {"min": -28.402955326539583, "mean": 1.9408560304318692, "median": 2.4560693244566454, "max": 44.72157997116279, "std": 3.212759783839885}}, "9": {"ell": {"min": -6.48, "mean": -0.003934640344916779, "median": 0.0, "max": 6.48, "std": 0.4618518407373266, "bound": 6.48}}}