{"pde": {"dim": 2, "kappa": [0.0, 1.0, 0.8, 0.6, 0.4, 0.5, 0.3, 0.2, 0.1, 0.7], "theta": [0.0, 0.4, 0.2, 0.3, 0.4, 0.5, 0.4, 0.3, 0.2, 0.1], "nu": [0.0, 0.2, 0.15, 0.11, 0.12, 0.1, 0.13, 0.14, 0.14, 0.1], "lb": [0.0, 1.5, 1.11, 0.12, 0.13, 0.15, 0.11, 0.12, 0.13, 0.15], "rho": [0.0, 0.0, 0.0, 0.0, 0.0, 0.0, 0.0, 0.0, 0.0, 0.0], "eta": 0.5, "T": 1.0}, "simulation": {"num_samples": 4096, "num_time_intervals": 20, "start": 0.9, "end": 1.1, "num_neurons": 6}, "optimal": 3.0, "bounds": 8.0, "0": {"ell": {"min": 0.0, "mean": 0.0, "median": 0.0, "max": 0.0, "std": 0.0, "bound": 0.0}, "sigma": {"min": 3.2, "mean": 3.200000000000002, "median": 3.2, "max": 3.2, "std": 1.776367681521238e-15}}, "1": {"ell": {"min": -8.0, "mean": 1.8495577122733633, "median": 0.8901309884747597, "max": 8.0, "std": 3.6191505479472825, "bound": 8.0}}}