{"pde": {"dim": 20, "kappa": [0.0, 1.0, 0.8, 0.6, 0.4, 0.5, 0.3, 0.2, 0.1, 0.7, 1.0, 0.8, 0.6, 0.4, 0.5, 0.3, 0.2, 0.1, 0.7, 1.0, 0.8, 0.6, 0.4, 0.5, 0.3, 0.2, 0.1, 0.7], "theta": [0.0, 0.1, 0.2, 0.3, 0.4, 0.5, 0.4, 0.3, 0.2, 0.1, 0.1, 0.2, 0.3, 0.4, 0.5, 0.4, 0.3, 0.2, 0.1, 0.1, 0.2, 0.3, 0.4, 0.5, 0.4, 0.3, 0.2, 0.1], "nu": [0.0, 0.2, 0.15, 0.11, 0.12, 0.1, 0.13, 0.14, 0.14, 0.1, 0.2, 0.15, 0.11, 0.12, 0.1, 0.13, 0.14, 0.14, 0.1, 0.2, 0.15, 0.11, 0.12, 0.1, 0.13, 0.14, 0.14, 0.1], "lb": [0.0, 1.15, 1.11, 0.12, 0.13, 0.15, 0.11, 0.12, 0.13, 0.15, 1.15, 1.11, 0.12, 0.13, 0.15, 0.11, 0.12, 0.13, 0.15, 1.15, 1.11, 0.12, 0.13, 0.15, 0.11, 0.12, 0.13, 0.15], "rho": [0.0, 0.0, 0.0, 0.0, 0.0, 0.0, 0.0, 0.0, 0.0, 0.0, 0.0, 0.0, 0.0, 0.0, 0.0, 0.0, 0.0, 0.0, 0.0, 0.0, 0.0, 0.0, 0.0, 0.0, 0.0, 0.0, 0.0, 0.0], "eta": 2.0, "T": 1.0}, "simulation": {"num_samples": 1024, "num_time_intervals": 10, "start": 0.0, "end": 1.0, "num_neurons": 6}, "optimal": 1.2914236330499764, "bounds": [8.0, 8.0, 8.0, 8.0, 8.0, 8.0, 8.0, 8.0, 8.0, 8.0, 8.0], "0": {"ell": {"min": 0.0, "mean": 0.0, "median": 0.0, "max": 0.0, "std": 0.0}, "sigma": {"min": 0.6, "mean": 0.5999999999999998, "median": 0.6, "max": 0.6, "std": 2.2205544774091416e-16}}, "1": {"ell": {"min": -8.0, "mean": 0.757839393182031, "median": 0.36821667005493003, "max": 8.0, "std": 1.2099471990396395}, "sigma": {"min": -7.81860607907242, "mean": 1.2554918227404082, "median": 0.8992384506808773, "max": 10.664639272351133, "std": 1.3630275089901793}}, "2": {"ell": {"min": -8.0, "mean": -0.004658131891888215, "median": 0.0, "max": 8.0, "std": 0.48740740036346925}, "sigma": {"min": -9.39547339375134, "mean": 1.227791824900089, "median": 0.8749534824200984, "max": 11.598651383952339, "std": 1.4542370673481975}}, "3": {"ell": {"min": -8.0, "mean": 0.0028483317559849603, "median": 0.0, "max": 8.0, "std": 0.225740485905311}, "sigma": {"min": -9.422308973132663, "mean": 1.206736669354523, "median": 0.8818543675199733, "max": 11.664735408104688, "std": 1.4450937559672963}}, "4": {"ell": {"min": -8.0, "mean": -0.0011885327536355552, "median": 0.0, "max": 8.0, "std": 0.30905778910294246}, "sigma": {"min": -9.503783195877205, "mean": 1.2277249661046326, "median": 0.8779529679231526, "max": 15.899880178039146, "std": 1.4264800045562767}}, "5": {"ell": {"min": -8.0, "mean": 0.0031111026315934834, "median": 0.0, "max": 8.0, "std": 0.19405773733602594}, "sigma": {"min": -8.631204175191394, "mean": 1.1984613793495298, "median": 0.8651459844506495, "max": 15.422352086992122, "std": 1.434228522674689}}, "6": {"ell": {"min": -8.0, "mean": -0.0001508243085327518, "median": 0.0, "max": 8.0, "std": 0.24337216689943736}, "sigma": {"min": -8.13196048542458, "mean": 1.2119985302275738, "median": 0.8676646962753419, "max": 13.642350944853922, "std": 1.432935428159271}}, "7": {"ell": {"min": -8.0, "mean": -0.0002841454635330525, "median": 0.0, "max": 8.0, "std": 0.2788905397343733}}}