{"pde": {"dim": 20, "kappa": [0.0, 1.0, 0.8, 0.6, 0.4, 0.5, 0.3, 0.2, 0.1, 0.7, 1.0, 0.8, 0.6, 0.4, 0.5, 0.3, 0.2, 0.1, 0.7, 1.0, 0.8, 0.6, 0.4, 0.5, 0.3, 0.2, 0.1, 0.7], "theta": [0.0, 0.1, 0.2, 0.3, 0.4, 0.5, 0.4, 0.3, 0.2, 0.1, 0.1, 0.2, 0.3, 0.4, 0.5, 0.4, 0.3, 0.2, 0.1, 0.1, 0.2, 0.3, 0.4, 0.5, 0.4, 0.3, 0.2, 0.1], "nu": [0.2, 0.15, 0.11, 0.12, 0.1, 0.13, 0.14, 0.14, 0.1, 0.2, 0.15, 0.11, 0.12, 0.1, 0.13, 0.14, 0.14, 0.1, 0.2, 0.15, 0.11, 0.12, 0.1, 0.13, 0.14, 0.14, 0.1], "lb": [0.0, 1.15, 1.11, 0.12, 0.13, 0.15, 0.11, 0.12, 0.13, 0.15, 1.15, 1.11, 0.12, 0.13, 0.15, 0.11, 0.12, 0.13, 0.15, 1.15, 1.11, 0.12, 0.13, 0.15, 0.11, 0.12, 0.13, 0.15], "rho": [0.0, 0.0, 0.0, 0.0, 0.0, 0.0, 0.0, 0.0, 0.0, 0.0, 0.0, 0.0, 0.0, 0.0, 0.0, 0.0, 0.0, 0.0, 0.0, 0.0, 0.0, 0.0, 0.0, 0.0, 0.0, 0.0, 0.0, 0.0], "eta": 2.0, "T": 1.0}, "simulation": {"num_samples": 1024, "num_time_intervals": 10, "start": 0.0, "end": 1.0, "num_neurons": 6}, "optimal": 1.2914236330499764, "bounds": [4.0, 4.0, 4.0, 4.0, 4.0, 4.0, 4.0, 4.0, 4.0, 4.0, 4.0], "0": {"ell": {"min": 0.0, "mean": 0.0, "median": 0.0, "max": 0.0, "std": 0.0}, "sigma": {"min": 0.6, "mean": 0.5999999999999998, "median": 0.6, "max": 0.6, "std": 2.2205544774091416e-16}}, "1": {"ell": {"min": -4.0, "mean": 0.5984305124241306, "median": 0.28794116492376, "max": 4.0, "std": 0.820177397413785}, "sigma": {"min": -2.6953043669579206, "mean": 1.155889480175081, "median": 0.818179185332481, "max": 4.707070452154823, "std": 0.8978700528545951}}, "2": {"ell": {"min": -4.0, "mean": -0.0006157543884960405, "median": 0.0, "max": 4.0, "std": 0.28327607933713916}, "sigma": {"min": -4.211061233584862, "mean": 1.1644906845758163, "median": 0.8211121410926102, "max": 4.780842945738711, "std": 0.9189755911267139}}, "3": {"ell": {"min": -4.0, "mean": 0.001314572312422635, "median": 0.0, "max": 4.0, "std": 0.11887870038469499}, "sigma": {"min": -3.751019969069216, "mean": 1.175758703954204, "median": 0.829587614239548, "max": 4.815964664673414, "std": 0.9244987335509576}}, "4": {"ell": {"min": -4.0, "mean": 0.002882277778304092, "median": 0.0, "max": 4.0, "std": 0.4051456307565859}, "sigma": {"min": -3.4379859296794812, "mean": 1.1689689402247692, "median": 0.8207253537964179, "max": 5.0796328023376836, "std": 0.9412382512494425}}, "5": {"ell": {"min": -4.0, "mean": -0.0027229644764421987, "median": 0.0, "max": 4.0, "std": 0.27609457388814107}, "sigma": {"min": -2.4386269585199445, "mean": 1.1722058054400892, "median": 0.8284359106716398, "max": 4.860510277736198, "std": 0.9356858785249048}}, "6": {"ell": {"min": -4.0, "mean": -0.0032648522895438155, "median": 0.0, "max": 4.0, "std": 0.5019591178832086}, "sigma": {"min": -2.4582264086371284, "mean": 1.1671580643969828, "median": 0.8205082727169488, "max": 5.240219778375984, "std": 0.9444242718252077}}, "7": {"ell": {"min": -4.0, "mean": 0.0011019995363005318, "median": 0.0, "max": 4.0, "std": 0.25447956741079714}, "sigma": {"min": -2.445186412629125, "mean": 1.1583836230088136, "median": 0.8238898444308758, "max": 4.888090954101707, "std": 0.9169426406955895}}, "8": {"ell": {"min": -4.0, "mean": 0.0011710282739777517, "median": 0.0, "max": 4.0, "std": 0.1185880648916295}, "sigma": {"min": -1.8670659383269945, "mean": 1.1805976066818396, "median": 0.8387573839371755, "max": 5.156030939978052, "std": 0.9339606105689786}}, "9": {"ell": {"min": -4.0, "mean": 0.0015254238752467337, "median": 0.0, "max": 4.0, "std": 0.09533618798066147}, "sigma": {"min": -1.4937123367655807, "mean": 1.1870720019703078, "median": 0.8405177089879601, "max": 5.100172394646476, "std": 0.9287674883784882}}, "10": {"ell": {"min": -4.0, "mean": 0.002302270474471653, "median": 0.0, "max": 4.0, "std": 0.155990436107714}, "sigma": {"min": -1.1528654789535422, "mean": 1.179528379480764, "median": 0.8308822522426804, "max": 5.195459702756119, "std": 0.9255650282237028}}}