{"pde": {"dim": 2, "kappa": [0.0, 1.0, 0.8, 0.6, 0.4, 0.5, 0.3, 0.2, 0.1, 0.7], "theta": [0.0, 0.4, 0.2, 0.3, 0.4, 0.5, 0.4, 0.3, 0.2, 0.1], "nu": [0.0, 0.2, 0.15, 0.11, 0.12, 0.1, 0.13, 0.14, 0.14, 0.1], "lb": [0.0, 1.5, 1.11, 0.12, 0.13, 0.15, 0.11, 0.12, 0.13, 0.15], "rho": [0.0, 0.0, 0.0, 0.0, 0.0, 0.0, 0.0, 0.0, 0.0, 0.0], "eta": 0.5, "T": 1.0}, "simulation": {"num_samples": 2048, "num_time_intervals": 10, "start": 0.0, "end": 1.0, "num_neurons": 6}, "optimal": 3.0, "bounds": 4.0, "0": {"ell": {"min": 0.0, "mean": 0.0, "median": 0.0, "max": 0.0, "std": 0.0, "bound": 0.0}, "sigma": {"min": 0.7, "mean": 0.6999999999999998, "median": 0.7, "max": 0.7, "std": 1.1102501306721257e-16}}, "1": {"ell": {"min": 0.06732564656368868, "mean": 0.40142158718039517, "median": 0.35989784653960677, "max": 2.622310026496472, "std": 0.16893885883358165, "bound": 4.0}, "sigma": {"min": 0.7673256465636886, "mean": 1.1014215871803952, "median": 1.0598978465396067, "max": 3.3223100264964716, "std": 0.16893885883358162}}, "2": {"ell": {"min": -3.5, "mean": 0.3029133555340227, "median": 0.29786967997789426, "max": 3.5, "std": 0.2650882617918411, "bound": 3.5}, "sigma": {"min": -2.5513437857607166, "mean": 1.4250986529862548, "median": 1.3616202996241569, "max": 7.395458472190468, "std": 0.39290436685880653}}, "3": {"ell": {"min": -3.0, "mean": 0.2728300749313467, "median": 0.2463640053223038, "max": 3.0, "std": 0.3402369030215533, "bound": 3.0}, "sigma": {"min": 0.01074345605404714, "mean": 1.684991834256915, "median": 1.5846240629414061, "max": 9.144940360231562, "std": 0.43422549472970506}}}