{"pde": {"dim": 2, "kappa": [0.0, 1.0, 0.8, 0.6, 0.4, 0.5, 0.3, 0.2, 0.1, 0.7], "theta": [0.0, 0.4, 0.2, 0.3, 0.4, 0.5, 0.4, 0.3, 0.2, 0.1], "nu": [0.0, 0.2, 0.15, 0.11, 0.12, 0.1, 0.13, 0.14, 0.14, 0.1], "lb": [0.0, 1.5, 1.11, 0.12, 0.13, 0.15, 0.11, 0.12, 0.13, 0.15], "rho": [0.0, 0.0, 0.0, 0.0, 0.0, 0.0, 0.0, 0.0, 0.0, 0.0], "eta": 0.5, "T": 1.0}, "simulation": {"num_samples": 4096, "num_time_intervals": 10, "start": 0.0, "end": 1.0, "num_neurons": 6}, "optimal": 3.0, "bounds": 8.0, "0": {"ell": {"min": 0.0, "mean": 0.0, "median": 0.0, "max": 0.0, "std": 0.0, "bound": 0.0}, "sigma": {"min": 1.7, "mean": 1.6999999999999997, "median": 1.7, "max": 1.7, "std": 2.2204731548009436e-16}}, "1": {"ell": {"min": 0.0432989254792404, "mean": 0.2021506273412626, "median": 0.14582520524692455, "max": 8.0, "std": 0.17570764198569547, "bound": 8.0}, "sigma": {"min": 1.7432989254792404, "mean": 1.9021506273412627, "median": 1.8458252052469244, "max": 9.7, "std": 0.17570764198569547}}, "2": {"ell": {"min": -1.4056611358855637, "mean": 0.2988125683449863, "median": 0.359549147486839, "max": 1.4056611358855637, "std": 0.3058520347184066, "bound": 1.4056611358855637}, "sigma": {"min": 0.49378533234167965, "mean": 2.2107521243054067, "median": 2.1971731454242995, "max": 11.105661135885564, "std": 0.3722745338203773}}, "3": {"ell": {"min": -0.4299243185351863, "mean": 0.10408449292724828, "median": 0.08429953227310683, "max": 0.4299243185351863, "std": 0.13724692332600402, "bound": 0.4299243185351863}, "sigma": {"min": 0.266172245926075, "mean": 2.3254865035061236, "median": 2.2862876908914833, "max": 11.53558545442075, "std": 0.42455242777085495}}, "4": {"ell": {"min": -0.05900578998198325, "mean": -0.007998230049771935, "median": -0.013836889420063114, "max": 0.05900578998198325, "std": 0.046748022173991585, "bound": 0.05900578998198325}, "sigma": {"min": 0.2911300110235191, "mean": 2.3244818931532634, "median": 2.2671626684700756, "max": 11.594591244402732, "std": 0.4509588106244007}}, "5": {"ell": {"min": -0.0027584039784716435, "mean": 0.0019517609263443453, "median": 0.0027584039784716435, "max": 0.0027584039784716435, "std": 0.0019477997204942802, "bound": 0.0027584039784716435}, "sigma": {"min": 0.36186457705320657, "mean": 2.3326843663721633, "median": 2.271047944896914, "max": 11.597349648381204, "std": 0.4667462524145556}}, "6": {"ell": {"min": -5.3728184982773775e-06, "mean": -1.2022706656844497e-06, "median": -5.3728184982773775e-06, "max": 5.3728184982773775e-06, "std": 5.236445813071576e-06, "bound": 5.3728184982773775e-06}}}