{"pde": {"dim": 2, "kappa": [0.0, 1.0, 0.8, 0.6, 0.4, 0.5, 0.3, 0.2, 0.1, 0.7], "theta": [0.0, 0.1, 0.2, 0.3, 0.4, 0.5, 0.4, 0.3, 0.2, 0.1], "nu": [0.2, 0.15, 0.11, 0.12, 0.1, 0.13, 0.14, 0.14, 0.1], "lb": [0.0, 1.15, 1.11, 0.12, 0.13, 0.15, 0.11, 0.12, 0.13, 0.15], "rho": [0.0, 0.0, 0.0, 0.0, 0.0, 0.0, 0.0, 0.0, 0.0, 0.0], "eta": 1.0, "T": 1.0}, "simulation": {"num_samples": 4096, "num_time_intervals": 10, "start": 0.0, "end": 1.0, "num_neurons": 7}, "optimal": 1.15, "0": {"ell": {"min": 0.5, "mean": 0.5, "median": 0.5, "max": 0.5, "std": 0.0}}, "1": {"ell": {"min": 0.5732410028629817, "mean": 0.5999924902353946, "median": 0.6, "max": 0.6, "std": 0.0003530706282215194}, "nabla u * ell": {"min": 0.500218410873386, "mean": 0.5131923071960487, "median": 0.511261732971054, "max": 0.5453738703272496, "std": 0.009787240126184397}, "min(nabla u , ell)": {"min": 0.504695177719302, "mean": 0.5532383847529998, "median": 0.5514237724001203, "max": 0.6010275539161763, "std": 0.028982874760527726}}, "2": {"ell": {"min": 0.6576711928295054, "mean": 0.6999514602747059, "median": 0.7, "max": 0.7, "std": 0.0010359112393467102}, "nabla u * ell": {"min": 0.5590971768018117, "mean": 0.6158368081089892, "median": 0.6148358168573677, "max": 0.6480515242073204, "std": 0.008906991943985866}, "min(nabla u , ell)": {"min": 0.5411876381472857, "mean": 0.6553882136401943, "median": 0.6534531491833774, "max": 0.7006947656045742, "std": 0.03085823712086971}}, "3": {"ell": {"min": 0.6840169067955442, "mean": 0.7986901446234321, "median": 0.7999999999999999, "max": 0.7999999999999999, "std": 0.007254278363198355}, "nabla u * ell": {"min": 0.6551166906766605, "mean": 0.7113513786952426, "median": 0.7093933507683672, "max": 0.7999999999999999, "std": 0.0090938491925172}, "min(nabla u , ell)": {"min": 0.6239643461506421, "mean": 0.741242095859306, "median": 0.7397984651457972, "max": 0.7997094723178864, "std": 0.03175177334113907}}, "4": {"ell": {"min": 0.7, "mean": 0.8963451182603785, "median": 0.8999999999999999, "max": 0.8999999999999999, "std": 0.017249198948218913}, "nabla u * ell": {"min": 0.6629961744886513, "mean": 0.8083498885873238, "median": 0.8090455533293438, "max": 0.8999999999999999, "std": 0.013922529723393742}, "min(nabla u , ell)": {"min": 0.6374254352234214, "mean": 0.8368804740279842, "median": 0.8453199154931931, "max": 0.9008654483271014, "std": 0.04775463882162336}}, "5": {"ell": {"min": 0.7490426441805019, "mean": 0.9861766759405443, "median": 0.9999999999999999, "max": 0.9999999999999999, "std": 0.032218889696674816}, "nabla u * ell": {"min": 0.7014576839760447, "mean": 0.9019819735827792, "median": 0.9055731922723024, "max": 0.9999999999999999, "std": 0.022368931627371164}, "min(nabla u , ell)": {"min": 0.6903683949374022, "mean": 0.9240610114097774, "median": 0.939989564226154, "max": 0.992391007681037, "std": 0.05572415270291153}}, "6": {"ell": {"min": 0.7, "mean": 1.0715085245572022, "median": 1.082831046539727, "max": 1.0999999999999999, "std": 0.03846426501205881}, "nabla u * ell": {"min": 0.7, "mean": 0.9900497447732469, "median": 1.0022022889186075, "max": 1.0999999999999999, "std": 0.0352403929640961}, "min(nabla u , ell)": {"min": 0.7005304014631839, "mean": 1.0075116844213323, "median": 1.0317172485995005, "max": 1.1029659556591034, "std": 0.0730160279166735}}, "7": {"ell": {"min": 0.6, "mean": 1.1046398927665289, "median": 1.1141921025202997, "max": 1.2, "std": 0.06479030754548909}, "nabla u * ell": {"min": 0.6, "mean": 1.0708392089999617, "median": 1.0837769718245576, "max": 1.2, "std": 0.043867167548460456}, "min(nabla u , ell)": {"min": 0.7863233077959919, "mean": 1.0545456599390215, "median": 1.0761868970792432, "max": 1.1487692713273996, "std": 0.06945731320162649}}, "8": {"ell": {"min": 0.5, "mean": 1.1383755622762697, "median": 1.134816068831848, "max": 1.3, "std": 0.064989623178543}, "nabla u * ell": {"min": 0.5, "mean": 1.107019107603243, "median": 1.115693250447546, "max": 1.3, "std": 0.06447298488336231}, "min(nabla u , ell)": {"min": 0.7597533004774634, "mean": 1.1032427974017114, "median": 1.1180318847667736, "max": 1.2727788421077098, "std": 0.0782441358962163}}, "9": {"ell": {"min": 0.4, "mean": 1.1319830593341798, "median": 1.1299692825889855, "max": 1.4000000000000001, "std": 0.06549917140044863}, "nabla u * ell": {"min": 0.4, "mean": 1.135509468266811, "median": 1.1320501517134398, "max": 1.4000000000000001, "std": 0.06813915922708552}, "min(nabla u , ell)": {"min": 0.725577259869671, "mean": 1.1242739805729907, "median": 1.131445644989582, "max": 1.3492511499061226, "std": 0.06399589539102096}}, "10": {"ell": {"min": 0.5, "mean": 1.1593335749500802, "median": 1.1593136566948399, "max": 1.4941910353647616, "std": 0.083178096424862}, "nabla u * ell": {"min": 0.5, "mean": 1.1326731162446877, "median": 1.1306784438925357, "max": 1.4639367430047272, "std": 0.06719562560136988}, "min(nabla u , ell)": {"min": 0.7733254258817199, "mean": 1.1391294149466746, "median": 1.1383113992707545, "max": 1.4360919724831747, "std": 0.06726929224296346}}}