{"pde": {"dim": 2, "kappa": [0.0, 1.0, 0.8, 0.6, 0.4, 0.5, 0.3, 0.2, 0.1, 0.7], "theta": [0.0, 0.4, 0.2, 0.3, 0.4, 0.5, 0.4, 0.3, 0.2, 0.1], "nu": [0.0, 0.2, 0.15, 0.11, 0.12, 0.1, 0.13, 0.14, 0.14, 0.1], "lb": [0.0, 1.5, 1.11, 0.12, 0.13, 0.15, 0.11, 0.12, 0.13, 0.15], "rho": [0.0, 0.0, 0.0, 0.0, 0.0, 0.0, 0.0, 0.0, 0.0, 0.0], "eta": 0.5, "T": 1.0}, "simulation": {"num_samples": 1024, "num_time_intervals": 20, "start": 0.9, "end": 1.1, "num_neurons": 6}, "optimal": 3.0, "bounds": 0.5, "0": {"ell": {"min": 0.0, "mean": 0.0, "median": 0.0, "max": 0.0, "std": 0.0, "bound": 0.0}, "sigma": {"min": 3.5, "mean": 3.5, "median": 3.5, "max": 3.5, "std": 0.0}}, "1": {"ell": {"min": -0.5, "mean": -0.10466038756533927, "median": -0.07941777392594632, "max": 0.5, "std": 0.19517259804932777, "bound": 0.5}, "sigma": {"min": 3.0, "mean": 3.395339612434661, "median": 3.4205822260740537, "max": 4.0, "std": 0.19517259804932774}}, "2": {"ell": {"min": -0.5, "mean": -0.07085741049419583, "median": -0.07138079971103713, "max": 0.5, "std": 0.23217588980963944, "bound": 0.5}, "sigma": {"min": 2.5, "mean": 3.316228753999668, "median": 3.334406966300595, "max": 4.5, "std": 0.2899230824541534}}, "3": {"ell": {"min": -0.5, "mean": -0.01966862823721167, "median": 0.015706432969327853, "max": 0.5, "std": 0.12596401390905304, "bound": 0.5}, "sigma": {"min": 2.0, "mean": 3.2921326820293237, "median": 3.3282421557524557, "max": 5.0, "std": 0.3128842590319323}}, "4": {"ell": {"min": -0.5, "mean": 0.027438562296345607, "median": -0.0129840182702117, "max": 0.5, "std": 0.16718523429142695, "bound": 0.5}, "sigma": {"min": 1.5, "mean": 3.317449815690934, "median": 3.3468664450631738, "max": 5.5, "std": 0.3459226471683637}}, "5": {"ell": {"min": -0.5, "mean": 0.06521838451789026, "median": 0.1420713627295245, "max": 0.5, "std": 0.22991710265857648, "bound": 0.5}, "sigma": {"min": 1.0, "mean": 3.3839850718593794, "median": 3.4540355840779826, "max": 6.0, "std": 0.42916566842793996}}}