{"pde": {"dim": 2, "kappa": [0.0, 1.0, 0.8, 0.6, 0.4, 0.5, 0.3, 0.2, 0.1, 0.7], "theta": [0.0, 0.1, 0.2, 0.3, 0.4, 0.5, 0.4, 0.3, 0.2, 0.1], "nu": [0.2, 0.15, 0.11, 0.12, 0.1, 0.13, 0.14, 0.14, 0.1], "lb": [0.0, 1.15, 1.11, 0.12, 0.13, 0.15, 0.11, 0.12, 0.13, 0.15], "rho": [0.0, 0.0, 0.0, 0.0, 0.0, 0.0, 0.0, 0.0, 0.0, 0.0], "eta": 1.0, "T": 1.0}, "simulation": {"num_samples": 1024, "num_time_intervals": 10, "start": 0.0, "end": 1.0, "num_neurons": 6}, "optimal": 1.15, "0": {"ell": {"min": 1.65, "mean": 1.649999999999999, "median": 1.65, "max": 1.65, "std": 8.882651685814867e-16}}, "1": {"ell": {"min": 1.5499999999999998, "mean": 1.6373462378922716, "median": 1.6499583900938124, "max": 1.75, "std": 0.07254800229133504}}, "2": {"ell": {"min": 1.4499999999999997, "mean": 1.604483498338999, "median": 1.6354228740976677, "max": 1.85, "std": 0.10952432602223067}}, "3": {"ell": {"min": 1.3499999999999996, "mean": 1.6019683636509157, "median": 1.571091261583792, "max": 1.9500000000000002, "std": 0.1680204703565722}}, "4": {"ell": {"min": 1.2499999999999996, "mean": 1.5425690348462424, "median": 1.5393384518799773, "max": 2.0500000000000003, "std": 0.17642670798932888}}, "5": {"ell": {"min": 1.1499999999999995, "mean": 1.5133504968131823, "median": 1.5114705985154353, "max": 2.1500000000000004, "std": 0.18348929696382127}}, "6": {"ell": {"min": 1.0499999999999994, "mean": 1.4484821686611735, "median": 1.4456914938559773, "max": 2.2500000000000004, "std": 0.19921253037441827}}, "7": {"ell": {"min": 0.9499999999999994, "mean": 1.3859328528688224, "median": 1.3499999999999996, "max": 2.3500000000000005, "std": 0.2174905888629117}}, "8": {"ell": {"min": 0.8499999999999994, "mean": 1.3494608975238322, "median": 1.3085006834705208, "max": 2.350005043748168, "std": 0.2470542451397745}}, "9": {"ell": {"min": 0.7611111111111105, "mean": 1.3078055361588046, "median": 1.2714460210977871, "max": 2.3469731197557486, "std": 0.28341096176218955}}, "10": {"ell": {"min": 0.8411111111111105, "mean": 1.3243336093898037, "median": 1.2588888888888883, "max": 2.2588888888888894, "std": 0.2764086085135749}}, "11": {"ell": {"min": 0.7683838383838377, "mean": 1.3480665799627047, "median": 1.2876351644721904, "max": 2.510035410561863, "std": 0.3241064878253154}}, "12": {"ell": {"min": 0.8350505050505044, "mean": 1.3632190383833263, "median": 1.2792969790124329, "max": 2.559689792082404, "std": 0.31386549098918626}}}