{"pde": {"dim": 20, "kappa": [0.0, 1.0, 0.8, 0.6, 0.4, 0.5, 0.3, 0.2, 0.1, 0.7, 1.0, 0.8, 0.6, 0.4, 0.5, 0.3, 0.2, 0.1, 0.7, 1.0, 0.8, 0.6, 0.4, 0.5, 0.3, 0.2, 0.1, 0.7], "theta": [0.0, 0.1, 0.2, 0.3, 0.4, 0.5, 0.4, 0.3, 0.2, 0.1, 0.1, 0.2, 0.3, 0.4, 0.5, 0.4, 0.3, 0.2, 0.1, 0.1, 0.2, 0.3, 0.4, 0.5, 0.4, 0.3, 0.2, 0.1], "nu": [0.2, 0.15, 0.11, 0.12, 0.1, 0.13, 0.14, 0.14, 0.1, 0.2, 0.15, 0.11, 0.12, 0.1, 0.13, 0.14, 0.14, 0.1, 0.2, 0.15, 0.11, 0.12, 0.1, 0.13, 0.14, 0.14, 0.1], "lb": [0.0, 1.15, 1.11, 0.12, 0.13, 0.15, 0.11, 0.12, 0.13, 0.15, 1.15, 1.11, 0.12, 0.13, 0.15, 0.11, 0.12, 0.13, 0.15, 1.15, 1.11, 0.12, 0.13, 0.15, 0.11, 0.12, 0.13, 0.15], "rho": [0.0, 0.0, 0.0, 0.0, 0.0, 0.0, 0.0, 0.0, 0.0, 0.0, 0.0, 0.0, 0.0, 0.0, 0.0, 0.0, 0.0, 0.0, 0.0, 0.0, 0.0, 0.0, 0.0, 0.0, 0.0, 0.0, 0.0, 0.0], "eta": 1.0, "T": 1.0}, "simulation": {"num_samples": 4096, "num_time_intervals": 10, "start": 0.0, "end": 1.0, "num_neurons": 5}, "optimal": 2.582847266099953, "bounds": [1.0, 1.0, 1.0, 1.0, 1.0, 1.0, 1.0, 1.0, 1.0, 1.0, 1.0], "0": {"ell": {"min": 0.0, "mean": 0.0, "median": 0.0, "max": 0.0, "std": 0.0}, "sigma": {"min": 2.0, "mean": 2.0, "median": 2.0, "max": 2.0, "std": 0.0}}, "1": {"ell": {"min": -1.0, "mean": 0.04354448667307749, "median": -0.0069477753067954, "max": 1.0, "std": 0.49159072130412873}, "sigma": {"min": 0.5120993288756301, "mean": 1.9913859624631072, "median": 1.9511782365958645, "max": 3.376804610728252, "std": 0.322790277514796}}, "2": {"ell": {"min": -1.0, "mean": 0.005029568131441138, "median": 0.0, "max": 1.0, "std": 0.19608933971504608}, "sigma": {"min": 0.6964017646417772, "mean": 1.9947704895802154, "median": 1.950847167631436, "max": 3.28684255185412, "std": 0.31319510992698557}}, "3": {"ell": {"min": -1.0, "mean": 0.0023942365872183374, "median": 0.0, "max": 1.0, "std": 0.16570986565789342}, "sigma": {"min": 0.7284576846479754, "mean": 1.9964332414190533, "median": 1.9493425647112015, "max": 3.351682035662576, "std": 0.3169733214851849}}, "4": {"ell": {"min": -1.0, "mean": -0.010917484372099214, "median": 0.0, "max": 1.0, "std": 0.32653695165216146}, "sigma": {"min": 0.19326434454452962, "mean": 1.9940989926905714, "median": 1.9415129092444032, "max": 3.0412071649040233, "std": 0.2990331697353495}}, "5": {"ell": {"min": -1.0, "mean": -0.012338411684690357, "median": 0.0, "max": 1.0, "std": 0.21100993475175828}, "sigma": {"min": 0.24591805662273652, "mean": 1.975508588258468, "median": 1.9376961470317156, "max": 3.033572230106381, "std": 0.2891064505624618}}, "6": {"ell": {"min": -1.0, "mean": -0.13740143006289154, "median": -0.031208914192615005, "max": 1.0, "std": 0.4930017400411683}, "sigma": {"min": 0.5118342852645763, "mean": 1.757941746205414, "median": 1.880234822007718, "max": 4.48757826627586, "std": 0.40480782088334977}}, "7": {"ell": {"min": -1.0, "mean": 0.3256541973878333, "median": 0.14910364912401075, "max": 1.0, "std": 0.5034557268889253}}}