{"pde": {"dim": 2, "kappa": [0.0, 1.0, 0.8, 0.6, 0.4, 0.5, 0.3, 0.2, 0.1, 0.7], "theta": [0.0, 0.1, 0.2, 0.3, 0.4, 0.5, 0.4, 0.3, 0.2, 0.1], "nu": [0.2, 0.15, 0.11, 0.12, 0.1, 0.13, 0.14, 0.14, 0.1], "lb": [0.0, 1.15, 1.11, 0.12, 0.13, 0.15, 0.11, 0.12, 0.13, 0.15], "rho": [0.0, 0.0, 0.0, 0.0, 0.0, 0.0, 0.0, 0.0, 0.0, 0.0], "eta": 1.0, "T": 1.0}, "simulation": {"num_samples": 1024, "num_time_intervals": 10, "start": 0.0, "end": 1.0, "num_neurons": 6}, "optimal": 1.15, "0": {"ell": {"min": 1.15, "mean": 1.1500000000000001, "median": 1.15, "max": 1.15, "std": 2.2205544774091416e-16}}, "1": {"ell": {"min": 1.0499999999999998, "mean": 1.1509744968250926, "median": 1.1584026241576124, "max": 1.25, "std": 0.06105037414069366}}, "2": {"ell": {"min": 0.9499999999999998, "mean": 1.168066191742354, "median": 1.1874952472186073, "max": 1.35, "std": 0.07103791825662055}}, "3": {"ell": {"min": 0.8499999999999999, "mean": 1.1751613974932689, "median": 1.1767302389604954, "max": 1.4500000000000002, "std": 0.055534705564691964}}, "4": {"ell": {"min": 1.0173270516061836, "mean": 1.1912963845742954, "median": 1.2007127498537291, "max": 1.5500000000000003, "std": 0.06894694630207789}}, "5": {"ell": {"min": 0.9916846548229284, "mean": 1.2302846935501088, "median": 1.2403947825517845, "max": 1.6500000000000004, "std": 0.1003881063393107}}, "6": {"ell": {"min": 0.9666666666666665, "mean": 1.2516325859391153, "median": 1.2508086634639024, "max": 1.7333333333333336, "std": 0.0914833719796767}}, "7": {"ell": {"min": 0.9994734548954987, "mean": 1.2693955351507307, "median": 1.268902133049192, "max": 1.804761904761905, "std": 0.11299883723250427}}, "8": {"ell": {"min": 0.9486013665960068, "mean": 1.2459618066208864, "median": 1.2468678990372581, "max": 1.867261904761905, "std": 0.12157080293399124}}, "9": {"ell": {"min": 0.9554978883524305, "mean": 1.2462755335854665, "median": 1.2457083608675932, "max": 1.9228174603174606, "std": 0.11787352534087683}}, "10": {"ell": {"min": 0.9184788653941411, "mean": 1.2790649908784697, "median": 1.2904603035258242, "max": 1.9728174603174606, "std": 0.13755352231479442}}}