{"pde": {"dim": 3, "kappa": [0.0, 1.0, 0.8, 0.6, 0.4, 0.5, 0.3, 0.2, 0.1, 0.7, 1.0, 0.8, 0.6, 0.4, 0.5, 0.3, 0.2, 0.1, 0.7, 1.0, 0.8, 0.6, 0.4, 0.5, 0.3, 0.2, 0.1, 0.7], "theta": [0.0, 0.1, 0.2, 0.3, 0.4, 0.5, 0.4, 0.3, 0.2, 0.1, 0.1, 0.2, 0.3, 0.4, 0.5, 0.4, 0.3, 0.2, 0.1, 0.1, 0.2, 0.3, 0.4, 0.5, 0.4, 0.3, 0.2, 0.1], "nu": [0.2, 0.15, 0.11, 0.12, 0.1, 0.13, 0.14, 0.14, 0.1, 0.2, 0.15, 0.11, 0.12, 0.1, 0.13, 0.14, 0.14, 0.1, 0.2, 0.15, 0.11, 0.12, 0.1, 0.13, 0.14, 0.14, 0.1], "lb": [0.0, 1.15, 1.11, 0.12, 0.13, 0.15, 0.11, 0.12, 0.13, 0.15, 1.15, 1.11, 0.12, 0.13, 0.15, 0.11, 0.12, 0.13, 0.15, 1.15, 1.11, 0.12, 0.13, 0.15, 0.11, 0.12, 0.13, 0.15], "rho": [0.0, 0.0, 0.0, 0.0, 0.0, 0.0, 0.0, 0.0, 0.0, 0.0, 0.0, 0.0, 0.0, 0.0, 0.0, 0.0, 0.0, 0.0, 0.0, 0.0, 0.0, 0.0, 0.0, 0.0, 0.0, 0.0, 0.0, 0.0], "eta": 1.0, "T": 1.0}, "simulation": {"num_samples": 4096, "num_time_intervals": 10, "start": 0.0, "end": 1.0, "num_neurons": 4}, "optimal": 1.598311609167624, "bounds": [0.5, 0.5, 0.5, 0.5, 0.5, 0.5, 0.5, 0.5, 0.5, 0.5, 0.5], "0": {"ell": {"min": 0.0, "mean": 0.0, "median": 0.0, "max": 0.0, "std": 0.0}, "sigma": {"min": 1.0, "mean": 1.0, "median": 1.0, "max": 1.0, "std": 0.0}}, "1": {"ell": {"min": -0.5, "mean": 0.2535609879868026, "median": 0.21171001492530417, "max": 0.5, "std": 0.1393666499941608}, "sigma": {"min": 0.8465360233168051, "mean": 1.245885067851345, "median": 1.2034920795835395, "max": 1.5598616930847862, "std": 0.14113066961019372}}, "2": {"ell": {"min": -0.5, "mean": 0.049710528034465115, "median": 0.048219901281330996, "max": 0.5, "std": 0.13111462370852262}, "sigma": {"min": 0.9453325297687591, "mean": 1.293214990956174, "median": 1.277691297535157, "max": 1.971167441611756, "std": 0.15085916577305716}}, "3": {"ell": {"min": -0.5, "mean": 0.26439685811172603, "median": 0.3596633885038786, "max": 0.5, "std": 0.23643486960312213}, "sigma": {"min": 0.8822181536731626, "mean": 1.538174626464388, "median": 1.5730313572437775, "max": 1.7454717767739878, "std": 0.1422378051101468}}, "4": {"ell": {"min": -0.5, "mean": -0.06056219255390831, "median": -0.058830354818851294, "max": 0.5, "std": 0.25357000498090543}, "sigma": {"min": 0.9051663374924873, "mean": 1.4657219255748088, "median": 1.510991380964655, "max": 1.7629337164321444, "std": 0.15011175179027825}}, "5": {"ell": {"min": -0.5, "mean": 0.1295747123551768, "median": 0.03637942410807077, "max": 0.5, "std": 0.20696072010319333}, "sigma": {"min": 1.2213088301285744, "mean": 1.5930331618956157, "median": 1.5422025935696972, "max": 1.9962008604043286, "std": 0.11403803559547476}}, "6": {"ell": {"min": -0.5, "mean": -0.1251771343117084, "median": -0.04570361096817521, "max": 0.5, "std": 0.2891571336831899}, "sigma": {"min": 0.8998321148540911, "mean": 1.441522479270048, "median": 1.4425925832912057, "max": 2.469461899988334, "std": 0.1921677748245781}}, "7": {"ell": {"min": -0.5, "mean": -0.051249324743251855, "median": -0.08880909850781704, "max": 0.5, "std": 0.24633904439749532}, "sigma": {"min": 0.8223430720364293, "mean": 1.3662830297269735, "median": 1.3472544021574917, "max": 2.4267229118413325, "std": 0.29655212812431675}}, "8": {"ell": {"min": -0.5, "mean": 0.2569651058930913, "median": 0.30231115649823403, "max": 0.5, "std": 0.21202421611418523}, "sigma": {"min": 1.1571349525042032, "mean": 1.6293851212494004, "median": 1.6099772443823237, "max": 2.3883804689954986, "std": 0.2100686108785029}}, "9": {"ell": {"min": -0.5, "mean": 0.010041101997059815, "median": -0.004789679879006803, "max": 0.5, "std": 0.1716133321400117}, "sigma": {"min": 1.2324578018099361, "mean": 1.638731589224489, "median": 1.654066324835784, "max": 2.019212772085885, "std": 0.17346789451077857}}, "10": {"ell": {"min": -0.5, "mean": 0.048967303880258224, "median": 0.014798718414893122, "max": 0.5, "std": 0.15431752044951783}, "sigma": {"min": 1.3149636771842999, "mean": 1.681725370865778, "median": 1.665896673527159, "max": 2.05861222531142, "std": 0.13118278622196958}}}