{"pde": {"dim": 10, "kappa": [0.0, 1.0, 0.8, 0.6, 0.4, 0.5, 0.3, 0.2, 0.1, 0.7, 1.0, 0.8, 0.6, 0.4, 0.5, 0.3, 0.2, 0.1, 0.7, 1.0, 0.8, 0.6, 0.4, 0.5, 0.3, 0.2, 0.1, 0.7], "theta": [0.0, 0.1, 0.2, 0.3, 0.4, 0.5, 0.4, 0.3, 0.2, 0.1, 0.1, 0.2, 0.3, 0.4, 0.5, 0.4, 0.3, 0.2, 0.1, 0.1, 0.2, 0.3, 0.4, 0.5, 0.4, 0.3, 0.2, 0.1], "nu": [0.2, 0.15, 0.11, 0.12, 0.1, 0.13, 0.14, 0.14, 0.1, 0.2, 0.15, 0.11, 0.12, 0.1, 0.13, 0.14, 0.14, 0.1, 0.2, 0.15, 0.11, 0.12, 0.1, 0.13, 0.14, 0.14, 0.1], "lb": [0.0, 1.15, 1.11, 0.12, 0.13, 0.15, 0.11, 0.12, 0.13, 0.15, 1.15, 1.11, 0.12, 0.13, 0.15, 0.11, 0.12, 0.13, 0.15, 1.15, 1.11, 0.12, 0.13, 0.15, 0.11, 0.12, 0.13, 0.15], "rho": [0.0, 0.0, 0.0, 0.0, 0.0, 0.0, 0.0, 0.0, 0.0, 0.0, 0.0, 0.0, 0.0, 0.0, 0.0, 0.0, 0.0, 0.0, 0.0, 0.0, 0.0, 0.0, 0.0, 0.0, 0.0, 0.0, 0.0, 0.0], "eta": 1.0, "T": 1.0}, "simulation": {"num_samples": 4096, "num_time_intervals": 10, "start": 0.0, "end": 1.0, "num_neurons": 4}, "optimal": 1.6353287131338459, "bounds": [1.0, 1.0, 1.0, 1.0, 1.0, 1.0, 1.0, 1.0, 1.0, 1.0, 1.0], "0": {"ell": {"min": 0.0, "mean": 0.0, "median": 0.0, "max": 0.0, "std": 0.0}, "sigma": {"min": 1.7, "mean": 1.6999999999999997, "median": 1.7, "max": 1.7, "std": 2.2204731548009436e-16}}, "1": {"ell": {"min": -1.0, "mean": -0.12814891185103067, "median": -0.06734542592296394, "max": 1.0, "std": 0.3242074465123166}, "sigma": {"min": 1.0233287543587688, "mean": 1.5523634201276721, "median": 1.6130899465355664, "max": 1.9744496638083275, "std": 0.1481015536400094}}, "2": {"ell": {"min": -1.0, "mean": 0.15947650382158424, "median": 0.03473590130895049, "max": 1.0, "std": 0.33409088984901397}, "sigma": {"min": 0.556542964607501, "mean": 1.6811953392797256, "median": 1.694864141824608, "max": 2.4527801148268424, "std": 0.18167490429516628}}, "3": {"ell": {"min": -1.0, "mean": -0.09051132782234081, "median": -0.001191652892028462, "max": 1.0, "std": 0.4953592995318164}, "sigma": {"min": 0.6466196852509813, "mean": 1.527925743090324, "median": 1.6567876315623233, "max": 2.1062191678436424, "std": 0.32368414265517215}}, "4": {"ell": {"min": -1.0, "mean": 0.0731176477931767, "median": -0.01823113092261816, "max": 1.0, "std": 0.33665010350939734}, "sigma": {"min": 0.4253653643240537, "mean": 1.5797834801288544, "median": 1.6190903173507714, "max": 2.4554693654865813, "std": 0.2066654817621903}}, "5": {"ell": {"min": -1.0, "mean": 0.06607895723289534, "median": 0.02080102548924856, "max": 1.0, "std": 0.2803168464712999}, "sigma": {"min": 1.149504754869713, "mean": 1.6350148569918517, "median": 1.6384238596695866, "max": 2.9596621394082914, "std": 0.18340724970422295}}, "6": {"ell": {"min": -1.0, "mean": -0.2155527344821599, "median": -0.09833894470575347, "max": 1.0, "std": 0.47287803853275723}, "sigma": {"min": 0.001565883168851867, "mean": 1.376283497707751, "median": 1.5047071531626157, "max": 3.299393493034214, "std": 0.4329805878382619}}, "7": {"ell": {"min": -1.0, "mean": 0.0880139944743912, "median": -0.005837260905401347, "max": 1.0, "std": 0.30891772094920544}, "sigma": {"min": 0.11454534011160397, "mean": 1.484953412823921, "median": 1.5501267748199998, "max": 4.057861961387973, "std": 0.47401900148573883}}, "8": {"ell": {"min": -1.0, "mean": -0.08151443810347624, "median": -0.004698004766199186, "max": 1.0, "std": 0.6768097138355267}, "sigma": {"min": -0.6497748492826723, "mean": 1.260202078479128, "median": 1.3906524222578907, "max": 4.672324607640946, "std": 0.6882195492641465}}, "9": {"ell": {"min": -1.0, "mean": -0.025728447523262664, "median": -0.010648105325570836, "max": 1.0, "std": 0.5853949441917552}, "sigma": {"min": 0.06765523688216524, "mean": 1.076301887667683, "median": 0.9305075647617855, "max": 4.251217057427083, "std": 0.5594900286558073}}, "10": {"ell": {"min": -1.0, "mean": 0.0032709109015845563, "median": -0.0006918878619311278, "max": 1.0, "std": 0.4498794201343661}, "sigma": {"min": -0.05558529968522996, "mean": 1.0149685037046612, "median": 0.7716221990002212, "max": 4.43982308283416, "std": 0.5911952955629641}}}