{"pde": {"dim": 3, "kappa": [0.0, 1.0, 0.8, 0.6, 0.4, 0.5, 0.3, 0.2, 0.1, 0.7, 1.0, 0.8, 0.6, 0.4, 0.5, 0.3, 0.2, 0.1, 0.7, 1.0, 0.8, 0.6, 0.4, 0.5, 0.3, 0.2, 0.1, 0.7], "theta": [0.0, 0.1, 0.2, 0.3, 0.4, 0.5, 0.4, 0.3, 0.2, 0.1, 0.1, 0.2, 0.3, 0.4, 0.5, 0.4, 0.3, 0.2, 0.1, 0.1, 0.2, 0.3, 0.4, 0.5, 0.4, 0.3, 0.2, 0.1], "nu": [0.2, 0.15, 0.11, 0.12, 0.1, 0.13, 0.14, 0.14, 0.1, 0.2, 0.15, 0.11, 0.12, 0.1, 0.13, 0.14, 0.14, 0.1, 0.2, 0.15, 0.11, 0.12, 0.1, 0.13, 0.14, 0.14, 0.1], "lb": [0.0, 1.15, 1.11, 0.12, 0.13, 0.15, 0.11, 0.12, 0.13, 0.15, 1.15, 1.11, 0.12, 0.13, 0.15, 0.11, 0.12, 0.13, 0.15, 1.15, 1.11, 0.12, 0.13, 0.15, 0.11, 0.12, 0.13, 0.15], "rho": [0.0, 0.0, 0.0, 0.0, 0.0, 0.0, 0.0, 0.0, 0.0, 0.0, 0.0, 0.0, 0.0, 0.0, 0.0, 0.0, 0.0, 0.0, 0.0, 0.0, 0.0, 0.0, 0.0, 0.0, 0.0, 0.0, 0.0, 0.0], "eta": 1.0, "T": 1.0}, "simulation": {"num_samples": 4096, "num_time_intervals": 10, "start": 0.0, "end": 1.0, "num_neurons": 5}, "optimal": 1.598311609167624, "bounds": [0.5, 0.5, 0.5, 0.5, 0.5, 0.5, 0.5, 0.5, 0.5, 0.5, 0.5], "0": {"ell": {"min": 0.0, "mean": 0.0, "median": 0.0, "max": 0.0, "std": 0.0}, "sigma": {"min": 2.0, "mean": 2.0, "median": 2.0, "max": 2.0, "std": 0.0}}, "1": {"ell": {"min": 1.9904740282701138e-06, "mean": 0.3136274149926529, "median": 0.4074124195879531, "max": 0.5, "std": 0.20002195685151195}, "sigma": {"min": 1.353313987885734, "mean": 1.8828395837499052, "median": 1.9155911133541275, "max": 2.598617739911098, "std": 0.256955792596124}}, "2": {"ell": {"min": 7.471294042212428e-07, "mean": 0.2924252385430738, "median": 0.3343384512619165, "max": 0.5, "std": 0.20342470598377455}, "sigma": {"min": 0.9890508396269374, "mean": 1.7166605898067666, "median": 1.677692561648074, "max": 2.8515030409429434, "std": 0.3440595547357154}}, "3": {"ell": {"min": 1.0451888216578276e-05, "mean": 0.20038860631209415, "median": 0.09805025658148403, "max": 0.5, "std": 0.2000334269552352}, "sigma": {"min": 1.026207600597983, "mean": 1.6926263107444761, "median": 1.645212697467986, "max": 2.5539208665559507, "std": 0.30258993186054145}}, "4": {"ell": {"min": 1.0753753096102945e-06, "mean": 0.23666662377059966, "median": 0.17518622184707003, "max": 0.5, "std": 0.20271870392403835}, "sigma": {"min": 0.5093045735838714, "mean": 1.5052697353594786, "median": 1.5457804646397784, "max": 2.64633993515216, "std": 0.36708942238837805}}, "5": {"ell": {"min": 2.06773673853096e-08, "mean": 0.19200878762466086, "median": 0.07116211930546777, "max": 0.5, "std": 0.21013132948105118}, "sigma": {"min": 0.07917613092698367, "mean": 1.370473271391053, "median": 1.437266941816531, "max": 2.685426440883339, "std": 0.4884067110263694}}, "6": {"ell": {"min": 2.859776819241766e-05, "mean": 0.24126713428349272, "median": 0.1565757841309764, "max": 0.5, "std": 0.19752076342874295}, "sigma": {"min": 0.6233753352699078, "mean": 1.5285051589706289, "median": 1.5224150450082068, "max": 2.7591274444072695, "std": 0.3266200222031066}}, "7": {"ell": {"min": 1.103201466160289e-05, "mean": 0.29930248234252127, "median": 0.28573461947481144, "max": 0.5, "std": 0.18030133111157662}, "sigma": {"min": 0.5005517338670844, "mean": 1.507124958388292, "median": 1.582949176438186, "max": 2.571822421846923, "std": 0.4582842385913698}}, "8": {"ell": {"min": 3.5179176959449247e-07, "mean": 0.23908759239654048, "median": 0.1740104758348936, "max": 0.5, "std": 0.20190185160249488}, "sigma": {"min": 0.46500452735651737, "mean": 1.3991936948546808, "median": 1.374662775557439, "max": 2.1460076861284754, "std": 0.39762941920033296}}, "9": {"ell": {"min": 1.0156815568915234e-05, "mean": 0.18461722092131566, "median": 0.11682877415902299, "max": 0.5, "std": 0.16506834957520916}, "sigma": {"min": 0.5440518353932886, "mean": 1.4765523254733641, "median": 1.4785088326187674, "max": 2.16789635977145, "std": 0.27425112903044785}}, "10": {"ell": {"min": 9.03287731068847e-06, "mean": 0.17276917389754587, "median": 0.1350932249234399, "max": 0.5, "std": 0.13802133962810095}, "sigma": {"min": 0.8556666490283837, "mean": 1.592535269779881, "median": 1.5790039088626178, "max": 2.2389685450156103, "std": 0.22546136091684688}}}