{"pde": {"dim": 5, "kappa": [0.0, 1.0, 0.8, 0.6, 0.4, 0.5, 0.3, 0.2, 0.1, 0.7], "theta": [0.0, 0.1, 0.2, 0.3, 0.4, 0.5, 0.4, 0.3, 0.2, 0.1], "nu": [0.2, 0.15, 0.11, 0.12, 0.1, 0.13, 0.14, 0.14, 0.1], "lb": [0.0, 1.15, 1.11, 0.12, 0.13, 0.15, 0.11, 0.12, 0.13, 0.15], "rho": [0.0, 0.0, 0.0, 0.0, 0.0, 0.0, 0.0, 0.0, 0.0, 0.0], "eta": 1.0, "T": 1.0}, "simulation": {"num_samples": 256, "num_time_intervals": 10, "start": 0.0, "end": 1.0, "num_neurons": 4}, "optimal": 1.6080733814101893, "0": {"ell": {"min": 1.35, "mean": 1.3500000000000003, "median": 1.35, "max": 1.35, "std": 2.2208798572156224e-16}}, "1": {"ell": {"min": 1.25, "mean": 1.4233393460984884, "median": 1.4500000000000002, "max": 1.4500000000000002, "std": 0.04488412768736515}}, "2": {"ell": {"min": 1.15, "mean": 1.4459107443870676, "median": 1.4363480639944863, "max": 1.5500000000000003, "std": 0.08429054529769914}}, "3": {"ell": {"min": 1.0666666666666667, "mean": 1.4318671129930207, "median": 1.4333333333333333, "max": 1.6333333333333335, "std": 0.09248958666916376}}, "4": {"ell": {"min": 1.0041666666666667, "mean": 1.4367280879161846, "median": 1.4161971758114908, "max": 1.6958333333333335, "std": 0.10175431042261963}}, "5": {"ell": {"min": 0.9541666666666666, "mean": 1.474993300492398, "median": 1.4645830515173075, "max": 1.7458333333333336, "std": 0.10369400855162368}}, "6": {"ell": {"min": 1.0791666666666664, "mean": 1.4503061383920524, "median": 1.4374510402641567, "max": 1.7875000000000003, "std": 0.10955761125871785}}, "7": {"ell": {"min": 1.0732142857142857, "mean": 1.4797842187175385, "median": 1.4701051187533285, "max": 1.8232142857142861, "std": 0.10645511293439003}}, "8": {"ell": {"min": 1.0080357142857141, "mean": 1.4630533858015073, "median": 1.4463133480760169, "max": 1.8544642857142861, "std": 0.11005258769840773}}, "9": {"ell": {"min": 0.9802579365079364, "mean": 1.4480050660192076, "median": 1.4311916856735574, "max": 1.8822420634920638, "std": 0.11079495584999795}}, "10": {"ell": {"min": 0.986511179107308, "mean": 1.4367603821801136, "median": 1.4116576530954277, "max": 1.9072420634920637, "std": 0.12530980427843413}}}