{"pde": {"dim": 2, "kappa": [0.0, 1.0, 0.8, 0.6, 0.4, 0.5, 0.3, 0.2, 0.1, 0.7], "theta": [0.0, 0.4, 0.2, 0.3, 0.4, 0.5, 0.4, 0.3, 0.2, 0.1], "nu": [0.0, 0.2, 0.15, 0.11, 0.12, 0.1, 0.13, 0.14, 0.14, 0.1], "lb": [0.0, 1.5, 1.11, 0.12, 0.13, 0.15, 0.11, 0.12, 0.13, 0.15], "rho": [0.0, 0.0, 0.0, 0.0, 0.0, 0.0, 0.0, 0.0, 0.0, 0.0], "eta": 0.5, "T": 1.0}, "simulation": {"num_samples": 4096, "num_time_intervals": 20, "start": 0.9, "end": 1.1, "num_neurons": 6}, "optimal": 3.0, "bounds": 8.0, "0": {"ell": {"min": 0.0, "mean": 0.0, "median": 0.0, "max": 0.0, "std": 0.0, "bound": 0.0}, "sigma": {"min": 0.7, "mean": 0.6999999999999998, "median": 0.7, "max": 0.7, "std": 1.1102298009507737e-16}}, "1": {"ell": {"min": 0.08604914846685283, "mean": 0.35925023203698847, "median": 0.33168965810519246, "max": 3.1173378439333392, "std": 0.12170031801692872, "bound": 8.0}, "sigma": {"min": 0.7860491484668528, "mean": 1.0592502320369885, "median": 1.0316896581051924, "max": 3.8173378439333394, "std": 0.12170031801692871}}, "2": {"ell": {"min": -7.5, "mean": 0.22881325884736423, "median": 0.20369672612804668, "max": 7.5, "std": 0.16833888625229265, "bound": 7.5}, "sigma": {"min": -6.697501297316329, "mean": 1.3001141197186092, "median": 1.232688077626828, "max": 8.328234063645631, "std": 0.2814172346440925}}, "3": {"ell": {"min": -7.0, "mean": 0.2985923602317798, "median": 0.2625105622236071, "max": 7.0, "std": 0.3634406960337011, "bound": 7.0}, "sigma": {"min": -12.569506498002854, "mean": 1.6051269763881812, "median": 1.5070337214985279, "max": 15.326162898936706, "std": 0.5033087336575609}}, "4": {"ell": {"min": -6.5, "mean": 0.12432387444358532, "median": 0.1160378200912521, "max": 6.5, "std": 0.49797389808681064, "bound": 6.5}, "sigma": {"min": -20.27133781277138, "mean": 1.7257029324918811, "median": 1.602530670513365, "max": 21.88856740153384, "std": 0.6428839535975909}}, "5": {"ell": {"min": -6.0, "mean": 1.5473197453966985, "median": 0.48440510944085347, "max": 6.0, "std": 2.2369082526449837, "bound": 6.0}, "sigma": {"min": -26.274047145370957, "mean": 3.2688340585796483, "median": 2.3503255233715374, "max": 27.84856261005376, "std": 2.391633350559964}}, "6": {"ell": {"min": -5.5, "mean": 0.0006889247139234653, "median": 0.0, "max": 5.5, "std": 0.780251020110562, "bound": 5.5}, "sigma": {"min": -26.272416871297654, "mean": 2.9154283131453043, "median": 1.9628666809885968, "max": 27.92331868249291, "std": 3.646198556619691}}, "7": {"ell": {"min": -5.0, "mean": 0.1549434764381668, "median": -0.00014599684086816139, "max": 5.0, "std": 2.280076091824959, "bound": 5.0}, "sigma": {"min": -25.58958869558661, "mean": 3.087088841809672, "median": 1.6308356129580903, "max": 32.87450431820919, "std": 4.546629014586376}}}