{"pde": {"dim": 20, "kappa": [0.0, 1.0, 0.8, 0.6, 0.4, 0.5, 0.3, 0.2, 0.1, 0.7, 1.0, 0.8, 0.6, 0.4, 0.5, 0.3, 0.2, 0.1, 0.7, 1.0, 0.8, 0.6, 0.4, 0.5, 0.3, 0.2, 0.1, 0.7], "theta": [0.0, 0.1, 0.2, 0.3, 0.4, 0.5, 0.4, 0.3, 0.2, 0.1, 0.1, 0.2, 0.3, 0.4, 0.5, 0.4, 0.3, 0.2, 0.1, 0.1, 0.2, 0.3, 0.4, 0.5, 0.4, 0.3, 0.2, 0.1], "nu": [0.2, 0.15, 0.11, 0.12, 0.1, 0.13, 0.14, 0.14, 0.1, 0.2, 0.15, 0.11, 0.12, 0.1, 0.13, 0.14, 0.14, 0.1, 0.2, 0.15, 0.11, 0.12, 0.1, 0.13, 0.14, 0.14, 0.1], "lb": [0.0, 1.15, 1.11, 0.12, 0.13, 0.15, 0.11, 0.12, 0.13, 0.15, 1.15, 1.11, 0.12, 0.13, 0.15, 0.11, 0.12, 0.13, 0.15, 1.15, 1.11, 0.12, 0.13, 0.15, 0.11, 0.12, 0.13, 0.15], "rho": [0.0, 0.0, 0.0, 0.0, 0.0, 0.0, 0.0, 0.0, 0.0, 0.0, 0.0, 0.0, 0.0, 0.0, 0.0, 0.0, 0.0, 0.0, 0.0, 0.0, 0.0, 0.0, 0.0, 0.0, 0.0, 0.0, 0.0, 0.0], "eta": 1.0, "T": 1.0}, "simulation": {"num_samples": 1024, "num_time_intervals": 10, "start": 0.0, "end": 1.0, "num_neurons": 4}, "optimal": 2.582847266099953, "0": {"ell": {"min": 0.0, "mean": 0.0, "median": 0.0, "max": 0.0, "std": 0.0}, "sigma": {"min": 2.0, "mean": 2.0, "median": 2.0, "max": 2.0, "std": 0.0}}, "1": {"ell": {"min": -2.0, "mean": -0.1717705378508029, "median": -0.009222189905905644, "max": 2.0, "std": 0.9187222388417869}, "sigma": {"min": 0.0, "mean": 1.828229462149197, "median": 1.9907778100940943, "max": 4.0, "std": 0.9187222388417869}}, "2": {"ell": {"min": -1.0, "mean": 0.0015245059854357601, "median": 0.0, "max": 1.0, "std": 0.05346336706717962}, "sigma": {"min": -0.090253476164607, "mean": 1.5551018467220072, "median": 1.9580751257284255, "max": 5.0, "std": 0.8591984079086488}}, "3": {"ell": {"min": -0.6666666666666666, "mean": 0.0001848775506863186, "median": -4.062682670748293e-12, "max": 0.6666666666666666, "std": 0.043752042979102804}, "sigma": {"min": -0.16759510052276533, "mean": 1.5410501619712695, "median": 1.9534947980515394, "max": 4.999825998800946, "std": 0.8765861363232241}}, "4": {"ell": {"min": -0.5, "mean": 0.0011195514815494603, "median": 0.0, "max": 0.5, "std": 0.038245225211710504}, "sigma": {"min": -0.4172921050486609, "mean": 1.5276782459316398, "median": 1.9517903852133958, "max": 5.666666666666667, "std": 0.8727786677680962}}, "5": {"ell": {"min": -0.4, "mean": 6.004166885194169e-05, "median": 0.0, "max": 0.4, "std": 0.017863340302627026}, "sigma": {"min": -0.47246562694796196, "mean": 1.548052070415991, "median": 1.9532625344667196, "max": 5.666666666666218, "std": 0.8676030229987411}}, "6": {"ell": {"min": -0.3333333333333333, "mean": 0.017996122372230673, "median": -3.617330402223406e-06, "max": 0.3333333333333333, "std": 0.1652237409733811}}}