{"pde": {"dim": 2, "kappa": [0.0, 1.0, 0.8, 0.6, 0.4, 0.5, 0.3, 0.2, 0.1, 0.7], "theta": [0.0, 0.1, 0.2, 0.3, 0.4, 0.5, 0.4, 0.3, 0.2, 0.1], "nu": [0.02, 0.015, 0.11, 0.12, 0.01, 0.013, 0.14, 0.14, 0.01], "lb": [0.0, 1.15, 1.11, 0.12, 0.13, 0.15, 0.11, 0.12, 0.13, 0.15], "rho": [0.0, 0.0, 0.0, 0.0, 0.0, 0.0, 0.0, 0.0, 0.0, 0.0], "eta": 1.0, "T": 1.0}, "simulation": {"num_samples": 1024, "num_time_intervals": 10, "start": 0.0, "end": 1.0, "num_neurons": 6}, "optimal": 1.15, "0": {"ell": {"min": 0.5, "mean": 0.5, "median": 0.5, "max": 0.5, "std": 0.0}}, "1": {"ell": {"min": 0.44742487930649205, "mean": 0.7824760175670108, "median": 0.7328089567034471, "max": 2.5, "std": 0.22590262359800511}, "nabla u * ell": {"min": 0.49723636330353943, "mean": 0.5078699181831556, "median": 0.5003969183552286, "max": 0.8053622044472104, "std": 0.018615613961043286}, "min(nabla u , ell)": {"min": 0.4982331772920419, "mean": 0.5338920378304609, "median": 0.510509865349229, "max": 0.8430710155337414, "std": 0.049769027019124376}}, "2": {"ell": {"min": -0.4529096735099627, "mean": 0.876694848152168, "median": 0.8436900014037124, "max": 3.5, "std": 0.27497012703108714}, "nabla u * ell": {"min": -0.4529096735099627, "mean": 0.8128161548340168, "median": 0.730922740947852, "max": 3.5, "std": 0.3186210502797541}, "min(nabla u , ell)": {"min": 0.4440121813932211, "mean": 0.6748893444113346, "median": 0.6414971445193477, "max": 2.743762892885807, "std": 0.17224072467854856}}, "3": {"ell": {"min": -0.531980324666036, "mean": 0.8183973683674853, "median": 0.72297223412368, "max": 4.166666666666667, "std": 0.33982333597991915}, "nabla u * ell": {"min": -1.0297324559220233, "mean": 0.8625160259693174, "median": 0.826243124364262, "max": 4.166666666666667, "std": 0.27862951699257116}, "min(nabla u , ell)": {"min": 0.2869511052699305, "mean": 0.7153192117291653, "median": 0.6944560500073538, "max": 3.1755711609014807, "std": 0.14675587902217302}}, "4": {"ell": {"min": -0.462887598786221, "mean": 0.9644837921862017, "median": 0.9419571750237712, "max": 4.666666666666667, "std": 0.2621013786968518}, "nabla u * ell": {"min": -0.2731700721803139, "mean": 0.8137696227410828, "median": 0.7458470060775272, "max": 4.666666666666667, "std": 0.2732710772829335}, "min(nabla u , ell)": {"min": 0.07782703992406215, "mean": 0.8124001856772634, "median": 0.8121646792632186, "max": 2.561248406846852, "std": 0.12500498597707813}}, "5": {"ell": {"min": -1.0195872767153151, "mean": 0.8214454764781791, "median": 0.7985537420106846, "max": 4.266666666666667, "std": 0.34525539463334104}, "nabla u * ell": {"min": -0.8997124803629346, "mean": 0.9569903003127607, "median": 0.9306086228937741, "max": 4.318652112538228, "std": 0.3063422094559769}, "min(nabla u , ell)": {"min": -1.70914020218796, "mean": 0.9263975970185918, "median": 0.9353996697045841, "max": 4.85421282004426, "std": 0.19363321825719104}}, "6": {"ell": {"min": -2.3469950507865414, "mean": 0.9542609249288792, "median": 0.9530967886603381, "max": 3.933333333333333, "std": 0.1744222588135456}, "nabla u * ell": {"min": -2.3469950507865414, "mean": 0.780306778563633, "median": 0.7578323826086959, "max": 3.933333333333333, "std": 0.2361220273528465}, "min(nabla u , ell)": {"min": 0.3224308152160932, "mean": 0.8790151102445061, "median": 0.92121369021502, "max": 2.5528767612665098, "std": 0.11467363592716462}}, "7": {"ell": {"min": -0.019047619047619035, "mean": 1.0153976335965318, "median": 1.0731895074376496, "max": 4.447619047619049, "std": 0.3287604826865229}, "nabla u * ell": {"min": -0.019047619047619035, "mean": 1.003995361240138, "median": 0.9837982547174039, "max": 4.447619047619049, "std": 0.2622130536566962}, "min(nabla u , ell)": {"min": -2.200746808966683, "mean": 1.0185660308849838, "median": 1.0242289218199905, "max": 4.533889858155455, "std": 0.25612306223206716}}, "8": {"ell": {"min": -2.88312879932803, "mean": 0.9869770936782896, "median": 0.9591058218585775, "max": 5.036430642839383, "std": 0.3262694450021382}, "nabla u * ell": {"min": -2.88312879932803, "mean": 1.0285138047110824, "median": 1.078843981781193, "max": 5.036430642839383, "std": 0.35683949948619575}, "min(nabla u , ell)": {"min": 0.4657177374807413, "mean": 1.0238834682608036, "median": 1.0962575949450692, "max": 3.9580449088767304, "std": 0.25727011195367255}}, "9": {"ell": {"min": -1.8757044402357193, "mean": 0.9880108711279598, "median": 0.9517880233109259, "max": 4.991269841269842, "std": 0.26847963031944055}, "nabla u * ell": {"min": -1.8757044402357193, "mean": 0.9637530374160571, "median": 0.9506920727201462, "max": 4.991269841269842, "std": 0.2922725191709654}, "min(nabla u , ell)": {"min": 0.3357829825982036, "mean": 0.9563180396567699, "median": 0.9551445738093006, "max": 4.565601814283579, "std": 0.2069092730480832}}}