{"pde": {"dim": 2, "kappa": [0.0, 1.0, 0.8, 0.6, 0.4, 0.5, 0.3, 0.2, 0.1, 0.7], "theta": [0.0, 0.4, 0.2, 0.3, 0.4, 0.5, 0.4, 0.3, 0.2, 0.1], "nu": [0.0, 0.2, 0.15, 0.11, 0.12, 0.1, 0.13, 0.14, 0.14, 0.1], "lb": [0.0, 1.5, 1.11, 0.12, 0.13, 0.15, 0.11, 0.12, 0.13, 0.15], "rho": [0.0, 0.0, 0.0, 0.0, 0.0, 0.0, 0.0, 0.0, 0.0, 0.0], "eta": 0.5, "T": 1.0}, "simulation": {"num_samples": 1024, "num_time_intervals": 10, "start": 0.9, "end": 1.1, "num_neurons": 6}, "optimal": 3.0, "bounds": 4.0, "0": {"ell": {"min": 0.0, "mean": 0.0, "median": 0.0, "max": 0.0, "std": 0.0, "bound": 0.0}, "sigma": {"min": 1.7, "mean": 1.6999999999999997, "median": 1.7, "max": 1.7, "std": 2.2205544774091416e-16}}, "1": {"ell": {"min": -0.4555671921314097, "mean": 0.16575114666114826, "median": 0.09237229475341899, "max": 4.0, "std": 0.3022691439261227, "bound": 4.0}, "sigma": {"min": 1.2444328078685902, "mean": 1.8657511466611485, "median": 1.7923722947534189, "max": 5.7, "std": 0.30226914392612264}}, "2": {"ell": {"min": -3.5, "mean": 0.3266792515165383, "median": 0.27418875501943935, "max": 3.5, "std": 0.5941667317168964, "bound": 3.5}}}