{"pde": {"dim": 2, "kappa": [0.0, 1.0, 0.8, 0.6, 0.4, 0.5, 0.3, 0.2, 0.1, 0.7], "theta": [0.0, 0.4, 0.2, 0.3, 0.4, 0.5, 0.4, 0.3, 0.2, 0.1], "nu": [0.0, 0.2, 0.15, 0.11, 0.12, 0.1, 0.13, 0.14, 0.14, 0.1], "lb": [0.0, 1.5, 1.11, 0.12, 0.13, 0.15, 0.11, 0.12, 0.13, 0.15], "rho": [0.0, 0.0, 0.0, 0.0, 0.0, 0.0, 0.0, 0.0, 0.0, 0.0], "eta": 0.5, "T": 1.0}, "simulation": {"num_samples": 1024, "num_time_intervals": 20, "start": 0.9, "end": 1.1, "num_neurons": 6}, "optimal": 3.0, "bounds": 4.0, "0": {"ell": {"min": 0.0, "mean": 0.0, "median": 0.0, "max": 0.0, "std": 0.0, "bound": 0.0}, "sigma": {"min": 3.5, "mean": 3.5, "median": 3.5, "max": 3.5, "std": 0.0}}, "1": {"ell": {"min": -4.0, "mean": -0.06581764634622136, "median": 0.062146909557087404, "max": 4.0, "std": 0.6480721911302422, "bound": 4.0}, "sigma": {"min": -0.5, "mean": 3.434182353653778, "median": 3.5621469095570872, "max": 7.5, "std": 0.6480721911302422}}, "2": {"ell": {"min": -3.5, "mean": 0.03165361893893075, "median": -0.02588442344253919, "max": 3.5, "std": 0.6425436134679319, "bound": 3.5}, "sigma": {"min": -2.2166942139345416, "mean": 3.413342321164934, "median": 3.533990548885643, "max": 11.0, "std": 0.41789087627788124}}, "3": {"ell": {"min": -3.0, "mean": 0.0020776591323438147, "median": -0.056310108892376254, "max": 3.0, "std": 0.4473801085224846, "bound": 3.0}, "sigma": {"min": -4.868675969522274, "mean": 3.405702086580592, "median": 3.4429498826888225, "max": 14.0, "std": 0.5178824718787864}}, "4": {"ell": {"min": -2.5, "mean": 0.016677559645688286, "median": 2.786012319467378e-07, "max": 2.5, "std": 0.6051576707820516, "bound": 2.5}, "sigma": {"min": -7.217998741495724, "mean": 3.416269807201469, "median": 3.455518457362245, "max": 16.5, "std": 0.8599299286144172}}, "5": {"ell": {"min": -2.0, "mean": 0.09555779196957784, "median": 1.1289238570427543e-06, "max": 2.0, "std": 0.7400060138083057, "bound": 2.0}, "sigma": {"min": -7.885192666021931, "mean": 3.5105447121298794, "median": 3.5065749966272275, "max": 17.480502915252252, "std": 1.1556453547393524}}}