{"pde": {"dim": 2, "kappa": [0.0, 1.0, 0.8, 0.6, 0.4, 0.5, 0.3, 0.2, 0.1, 0.7, 1.0, 0.8, 0.6, 0.4, 0.5, 0.3, 0.2, 0.1, 0.7, 1.0, 0.8, 0.6, 0.4, 0.5, 0.3, 0.2, 0.1, 0.7], "theta": [0.0, 0.1, 0.2, 0.3, 0.4, 0.5, 0.4, 0.3, 0.2, 0.1, 0.1, 0.2, 0.3, 0.4, 0.5, 0.4, 0.3, 0.2, 0.1, 0.1, 0.2, 0.3, 0.4, 0.5, 0.4, 0.3, 0.2, 0.1], "nu": [0.2, 0.15, 0.11, 0.12, 0.1, 0.13, 0.14, 0.14, 0.1, 0.2, 0.15, 0.11, 0.12, 0.1, 0.13, 0.14, 0.14, 0.1, 0.2, 0.15, 0.11, 0.12, 0.1, 0.13, 0.14, 0.14, 0.1], "lb": [0.0, 1.15, 1.11, 0.12, 0.13, 0.15, 0.11, 0.12, 0.13, 0.15, 1.15, 1.11, 0.12, 0.13, 0.15, 0.11, 0.12, 0.13, 0.15, 1.15, 1.11, 0.12, 0.13, 0.15, 0.11, 0.12, 0.13, 0.15], "rho": [0.0, 0.0, 0.0, 0.0, 0.0, 0.0, 0.0, 0.0, 0.0, 0.0, 0.0, 0.0, 0.0, 0.0, 0.0, 0.0, 0.0, 0.0, 0.0, 0.0, 0.0, 0.0, 0.0, 0.0, 0.0, 0.0, 0.0, 0.0], "eta": 2.0, "T": 1.0}, "simulation": {"num_samples": 1024, "num_time_intervals": 10, "start": 0.0, "end": 1.0, "num_neurons": 6}, "optimal": 0.575, "bounds": [8.0, 8.0, 8.0, 8.0, 8.0, 8.0, 8.0, 8.0, 8.0, 8.0, 8.0], "0": {"ell": {"min": 0.0, "mean": 0.0, "median": 0.0, "max": 0.0, "std": 0.0}, "sigma": {"min": 0.6, "mean": 0.5999999999999998, "median": 0.6, "max": 0.6, "std": 2.2205544774091416e-16}}, "1": {"ell": {"min": -8.0, "mean": -0.009693780280861824, "median": 0.04122636549281011, "max": 8.0, "std": 0.9292842080553744}, "sigma": {"min": -8.248652570502424, "mean": 0.5730968804803053, "median": 0.6476293835028634, "max": 9.895021459255252, "std": 0.661175659889255}}, "2": {"ell": {"min": -8.0, "mean": 0.0007814028116369023, "median": 0.0, "max": 8.0, "std": 0.1369350967959785}, "sigma": {"min": -8.825118192206546, "mean": 0.5777743583140589, "median": 0.6502872738046188, "max": 12.64068044381094, "std": 0.5971380674970408}}, "3": {"ell": {"min": -8.0, "mean": -0.034975962900777216, "median": 0.0, "max": 8.0, "std": 1.070072871866208}, "sigma": {"min": -13.932694964673129, "mean": 0.6200572891234776, "median": 0.6632596255768296, "max": 13.818462903304734, "std": 0.951678846677903}}, "4": {"ell": {"min": -8.0, "mean": 0.015707582427529013, "median": 0.0, "max": 8.0, "std": 0.8081199434431326}, "sigma": {"min": -6.937614761209304, "mean": 0.6497961003206421, "median": 0.6665168697648807, "max": 13.528662870838952, "std": 0.6843776204968298}}, "5": {"ell": {"min": -8.0, "mean": 0.0025034790778685543, "median": 0.0, "max": 8.0, "std": 0.21164758326872343}, "sigma": {"min": -5.974601851740856, "mean": 0.5980577984429437, "median": 0.6289444364136136, "max": 4.515308509678096, "std": 0.4035210318169359}}, "6": {"ell": {"min": -8.0, "mean": -0.10340190492675101, "median": 0.0, "max": 8.0, "std": 1.6775143221382793}, "sigma": {"min": -11.021557166308957, "mean": 0.6113856791087562, "median": 0.6666700976683879, "max": 4.957161932794593, "std": 0.9232709292332107}}, "7": {"ell": {"min": -8.0, "mean": -0.4514934928185511, "median": -0.000727191917650092, "max": 8.0, "std": 2.663008316145992}, "sigma": {"min": -14.812320035858512, "mean": 0.5087751211141552, "median": 0.6445963884583692, "max": 14.621468561858737, "std": 1.505599519533832}}, "8": {"ell": {"min": -8.0, "mean": -0.0025019644129457576, "median": 0.0, "max": 8.0, "std": 0.4259831917786841}, "sigma": {"min": -13.838626474171955, "mean": 0.4486620724286022, "median": 0.6607746945387258, "max": 13.783344425841578, "std": 1.5400812327364537}}, "9": {"ell": {"min": -8.0, "mean": -0.0020096283379342746, "median": 0.0, "max": 8.0, "std": 0.6675486707268284}, "sigma": {"min": -10.289223119300917, "mean": 0.4483411074493112, "median": 0.6361369450052605, "max": 11.711556921336122, "std": 1.6093463088596323}}, "10": {"ell": {"min": -8.0, "mean": -0.0010223657076222875, "median": 0.0, "max": 8.0, "std": 0.25981653609673455}, "sigma": {"min": -9.024727293671091, "mean": 0.45128547074018577, "median": 0.6488987663596082, "max": 7.586042829159641, "std": 1.3631379428090327}}}