{"pde": {"dim": 20, "kappa": [0.0, 1.0, 0.8, 0.6, 0.4, 0.5, 0.3, 0.2, 0.1, 0.7, 1.0, 0.8, 0.6, 0.4, 0.5, 0.3, 0.2, 0.1, 0.7, 1.0, 0.8, 0.6, 0.4, 0.5, 0.3, 0.2, 0.1, 0.7], "theta": [0.0, 0.1, 0.2, 0.3, 0.4, 0.5, 0.4, 0.3, 0.2, 0.1, 0.1, 0.2, 0.3, 0.4, 0.5, 0.4, 0.3, 0.2, 0.1, 0.1, 0.2, 0.3, 0.4, 0.5, 0.4, 0.3, 0.2, 0.1], "nu": [0.2, 0.15, 0.11, 0.12, 0.1, 0.13, 0.14, 0.14, 0.1, 0.2, 0.15, 0.11, 0.12, 0.1, 0.13, 0.14, 0.14, 0.1, 0.2, 0.15, 0.11, 0.12, 0.1, 0.13, 0.14, 0.14, 0.1], "lb": [0.0, 1.15, 1.11, 0.12, 0.13, 0.15, 0.11, 0.12, 0.13, 0.15, 1.15, 1.11, 0.12, 0.13, 0.15, 0.11, 0.12, 0.13, 0.15, 1.15, 1.11, 0.12, 0.13, 0.15, 0.11, 0.12, 0.13, 0.15], "rho": [0.0, 0.0, 0.0, 0.0, 0.0, 0.0, 0.0, 0.0, 0.0, 0.0, 0.0, 0.0, 0.0, 0.0, 0.0, 0.0, 0.0, 0.0, 0.0, 0.0, 0.0, 0.0, 0.0, 0.0, 0.0, 0.0, 0.0, 0.0], "eta": 2.0, "T": 1.0}, "simulation": {"num_samples": 1024, "num_time_intervals": 10, "start": 0.0, "end": 1.0, "num_neurons": 6}, "optimal": 1.2914236330499764, "bounds": [3.0, 3.0, 3.0, 3.0, 3.0, 3.0, 3.0, 3.0, 3.0, 3.0, 3.0], "0": {"ell": {"min": 0.0, "mean": 0.0, "median": 0.0, "max": 0.0, "std": 0.0}, "sigma": {"min": 0.6, "mean": 0.5999999999999998, "median": 0.6, "max": 0.6, "std": 2.2205544774091416e-16}}, "1": {"ell": {"min": -0.015278482831432957, "mean": 0.6519837704863086, "median": 0.37415220698085055, "max": 3.0, "std": 0.7349282654314586}, "sigma": {"min": -0.8348336559319651, "mean": 1.197500434581282, "median": 0.8903179876424001, "max": 4.223256945783879, "std": 0.7793714510478752}}, "2": {"ell": {"min": -3.0, "mean": -0.0027694946714922294, "median": 0.0, "max": 3.0, "std": 0.27792411944308193}, "sigma": {"min": 0.2928674519581605, "mean": 1.1928426432042603, "median": 0.8912248370725381, "max": 3.9669503341011128, "std": 0.7596828930227313}}, "3": {"ell": {"min": -3.0, "mean": -0.011903414879331293, "median": 0.0, "max": 3.0, "std": 0.4985487927494285}, "sigma": {"min": 0.22957886646059394, "mean": 1.1908392706580915, "median": 0.8574956807131722, "max": 4.774431113236426, "std": 0.7895930368570193}}, "4": {"ell": {"min": -3.0, "mean": -0.009058589861946876, "median": 0.0, "max": 3.0, "std": 0.4199027634824791}, "sigma": {"min": -0.6529840101480928, "mean": 1.188381300886285, "median": 0.8480721236301594, "max": 5.469367582817806, "std": 0.8054881276305702}}, "5": {"ell": {"min": -3.0, "mean": -0.007549053519883847, "median": 0.0, "max": 3.0, "std": 0.4209223054696186}, "sigma": {"min": -0.9064939594743288, "mean": 1.1917154494909081, "median": 0.8526652113354255, "max": 5.9528691460051135, "std": 0.8267405821535354}}, "6": {"ell": {"min": -3.0, "mean": -0.0036872010730571282, "median": 0.0, "max": 3.0, "std": 0.34271374406964317}, "sigma": {"min": -1.465539058592186, "mean": 1.1861731753929567, "median": 0.8491719047651094, "max": 5.748555340669134, "std": 0.8138429052475636}}, "7": {"ell": {"min": -3.0, "mean": -0.0015038232294412735, "median": 0.0, "max": 3.0, "std": 0.23173924730110726}}}