{"pde": {"dim": 3, "kappa": [0.0, 1.0, 0.8, 0.6, 0.4, 0.5, 0.3, 0.2, 0.1, 0.7, 1.0, 0.8, 0.6, 0.4, 0.5, 0.3, 0.2, 0.1, 0.7, 1.0, 0.8, 0.6, 0.4, 0.5, 0.3, 0.2, 0.1, 0.7], "theta": [0.0, 0.1, 0.2, 0.3, 0.4, 0.5, 0.4, 0.3, 0.2, 0.1, 0.1, 0.2, 0.3, 0.4, 0.5, 0.4, 0.3, 0.2, 0.1, 0.1, 0.2, 0.3, 0.4, 0.5, 0.4, 0.3, 0.2, 0.1], "nu": [0.0, 0.2, 0.15, 0.11, 0.12, 0.1, 0.13, 0.14, 0.14, 0.1, 0.2, 0.15, 0.11, 0.12, 0.1, 0.13, 0.14, 0.14, 0.1, 0.2, 0.15, 0.11, 0.12, 0.1, 0.13, 0.14, 0.14, 0.1], "lb": [0.0, 0.6, 1.11, 0.12, 0.13, 0.15, 0.11, 0.12, 0.13, 0.15, 1.15, 1.11, 0.12, 0.13, 0.15, 0.11, 0.12, 0.13, 0.15, 1.15, 1.11, 0.12, 0.13, 0.15, 0.11, 0.12, 0.13, 0.15], "rho": [0.0, 0.0, 0.0, 0.0, 0.0, 0.0, 0.0, 0.0, 0.0, 0.0, 0.0, 0.0, 0.0, 0.0, 0.0, 0.0, 0.0, 0.0, 0.0, 0.0, 0.0, 0.0, 0.0, 0.0, 0.0, 0.0, 0.0, 0.0], "eta": 0.5, "T": 1.0}, "simulation": {"num_samples": 4096, "num_time_intervals": 20, "start": 0.9, "end": 1.1, "num_neurons": 6}, "optimal": 2.5235689013775713, "0": {"ell": {"min": 0.0, "mean": 0.0, "median": 0.0, "max": 0.0, "std": 0.0}, "sigma": {"min": 0.6, "mean": 0.5999999999999999, "median": 0.6, "max": 0.6, "std": 1.1102298009507737e-16}}, "1": {"ell": {"min": 0.09698759529396216, "mean": 0.25306480281795174, "median": 0.23918088193041928, "max": 1.0135432468524548, "std": 0.06436725701691029, "bound": 8.0}, "sigma": {"min": 0.6673908538985376, "mean": 0.8579582133298265, "median": 0.8350761042302389, "max": 1.7119472256853219, "std": 0.09841949940275557}}, "2": {"ell": {"min": 0.06873756352034299, "mean": 0.21702457008166612, "median": 0.2058184238759067, "max": 0.5149380561352823, "std": 0.045710317501076125, "bound": 0.5149380561352823}, "sigma": {"min": 0.659031386341434, "mean": 1.0804871525977784, "median": 1.0378057988468474, "max": 2.0460661846342902, "std": 0.17408194386675555}}, "3": {"ell": {"min": 0.002137297498930879, "mean": 0.17480391799832695, "median": 0.17000707689523076, "max": 0.365682540008609, "std": 0.03507316073937303, "bound": 0.365682540008609}, "sigma": {"min": 0.752039747474795, "mean": 1.2562009784512225, "median": 1.204012393855865, "max": 2.1836623373369957, "std": 0.22649182755019034}}, "4": {"ell": {"min": -0.2805852859149842, "mean": 0.14401752802651852, "median": 0.13924359799632624, "max": 0.2805852859149842, "std": 0.02284206807319041, "bound": 0.2805852859149842}, "sigma": {"min": 0.833276895308664, "mean": 1.399763456953507, "median": 1.340128227753515, "max": 2.3230031177110595, "std": 0.2593835595203689}}, "5": {"ell": {"min": -0.18273654458552327, "mean": 0.11999596878293253, "median": 0.11903892091977042, "max": 0.18273654458552327, "std": 0.019883008487742045, "bound": 0.18273654458552327}, "sigma": {"min": 0.8226690331640034, "mean": 1.517486374419072, "median": 1.4537581676937166, "max": 2.392356073099164, "std": 0.28200911011284235}}, "6": {"ell": {"min": -0.15906406790193636, "mean": 0.10899741440221322, "median": 0.11238556499135097, "max": 0.15906406790193636, "std": 0.01952020452446652, "bound": 0.15906406790193636}, "sigma": {"min": 0.8991123710438902, "mean": 1.6232337604953322, "median": 1.568595862449173, "max": 2.436562139302, "std": 0.2924743437416183}}, "7": {"ell": {"min": -0.15616163619573217, "mean": 0.08598174671128564, "median": 0.08698935070099757, "max": 0.15616163619573217, "std": 0.02131535607968341, "bound": 0.15616163619573217}, "sigma": {"min": 0.8898106773441746, "mean": 1.7052201512594998, "median": 1.6555198033918597, "max": 2.481214223590656, "std": 0.30732848295087295}}, "8": {"ell": {"min": -0.17052284863746728, "mean": 0.07754101099109162, "median": 0.07743774909157616, "max": 0.17052284863746728, "std": 0.015927545892567375, "bound": 0.17052284863746728}, "sigma": {"min": 0.9110548386411781, "mean": 1.7790799744335153, "median": 1.7349338033547874, "max": 2.510296751107732, "std": 0.31451697639843806}}, "9": {"ell": {"min": -0.127420367140539, "mean": 0.06098710453784715, "median": 0.06283758142260354, "max": 0.127420367140539, "std": 0.01960309133624593, "bound": 0.127420367140539}, "sigma": {"min": 0.9420566902081677, "mean": 1.8372455476802751, "median": 1.7978247898893844, "max": 2.488589622554816, "std": 0.3189764107097669}}, "10": {"ell": {"min": -0.15682473068996744, "mean": 0.05928698524570277, "median": 0.06444785726201957, "max": 0.15682473068996744, "std": 0.02080825807624003, "bound": 0.15682473068996744}, "sigma": {"min": 0.9415963093261648, "mean": 1.893005470143759, "median": 1.8676426234002672, "max": 2.537285956186263, "std": 0.3166879397614112}}}