{"pde": {"dim": 10, "kappa": [0.0, 1.0, 0.8, 0.6, 0.4, 0.5, 0.3, 0.2, 0.1, 0.7], "theta": [0.0, 0.1, 0.2, 0.3, 0.4, 0.5, 0.4, 0.3, 0.2, 0.1], "nu": [0.2, 0.15, 0.11, 0.12, 0.1, 0.13, 0.14, 0.14, 0.1], "lb": [0.0, 1.15, 1.11, 0.12, 0.13, 0.15, 0.11, 0.12, 0.13, 0.15], "rho": [0.0, 0.0, 0.0, 0.0, 0.0, 0.0, 0.0, 0.0, 0.0, 0.0], "eta": 1.0, "T": 1.0}, "simulation": {"num_samples": 4096, "num_time_intervals": 10, "start": 0.0, "end": 1.0, "num_neurons": 6}, "optimal": 1.6353287131338459, "0": {"ell": {"min": 1.35, "mean": 1.3500000000000003, "median": 1.35, "max": 1.35, "std": 2.2204731548009436e-16}}, "1": {"ell": {"min": 1.25, "mean": 1.3974513648004454, "median": 1.3892034065870744, "max": 1.4500000000000002, "std": 0.0405957332392218}}, "2": {"ell": {"min": 1.15, "mean": 1.4778814228302823, "median": 1.4739382786901365, "max": 1.5500000000000003, "std": 0.049079119633556344}}, "3": {"ell": {"min": 1.0499999999999998, "mean": 1.5433484618572468, "median": 1.552663196809495, "max": 1.6500000000000004, "std": 0.05115005844580511}}, "4": {"ell": {"min": 0.9499999999999998, "mean": 1.5647473095016486, "median": 1.5911726353064548, "max": 1.7500000000000004, "std": 0.07993492451530432}}, "5": {"ell": {"min": 0.8499999999999999, "mean": 1.550838883257443, "median": 1.5755038322736254, "max": 1.8500000000000005, "std": 0.0834616468436126}}, "6": {"ell": {"min": 0.7666666666666665, "mean": 1.5484764848526673, "median": 1.5574943457824628, "max": 1.9333333333333338, "std": 0.08496769564234224}}, "7": {"ell": {"min": 0.8619047619047618, "mean": 1.5933840990357335, "median": 1.6047619047619048, "max": 2.004761904761905, "std": 0.08149403809720258}}}