{"pde": {"dim": 20, "kappa": [0.0, 1.0, 0.8, 0.6, 0.4, 0.5, 0.3, 0.2, 0.1, 0.7, 1.0, 0.8, 0.6, 0.4, 0.5, 0.3, 0.2, 0.1, 0.7, 1.0, 0.8, 0.6, 0.4, 0.5, 0.3, 0.2, 0.1, 0.7], "theta": [0.0, 0.1, 0.2, 0.3, 0.4, 0.5, 0.4, 0.3, 0.2, 0.1, 0.1, 0.2, 0.3, 0.4, 0.5, 0.4, 0.3, 0.2, 0.1, 0.1, 0.2, 0.3, 0.4, 0.5, 0.4, 0.3, 0.2, 0.1], "nu": [0.2, 0.15, 0.11, 0.12, 0.1, 0.13, 0.14, 0.14, 0.1, 0.2, 0.15, 0.11, 0.12, 0.1, 0.13, 0.14, 0.14, 0.1, 0.2, 0.15, 0.11, 0.12, 0.1, 0.13, 0.14, 0.14, 0.1], "lb": [0.0, 1.15, 1.11, 0.12, 0.13, 0.15, 0.11, 0.12, 0.13, 0.15, 1.15, 1.11, 0.12, 0.13, 0.15, 0.11, 0.12, 0.13, 0.15, 1.15, 1.11, 0.12, 0.13, 0.15, 0.11, 0.12, 0.13, 0.15], "rho": [0.0, 0.0, 0.0, 0.0, 0.0, 0.0, 0.0, 0.0, 0.0, 0.0, 0.0, 0.0, 0.0, 0.0, 0.0, 0.0, 0.0, 0.0, 0.0, 0.0, 0.0, 0.0, 0.0, 0.0, 0.0, 0.0, 0.0, 0.0], "eta": 2.0, "T": 1.0}, "simulation": {"num_samples": 65536, "num_time_intervals": 10, "start": 0.0, "end": 1.0, "num_neurons": 6}, "optimal": 1.2914236330499764, "bounds": [2.5, 2.5, 2.5, 2.5, 2.5, 2.5, 2.5, 2.5, 2.5, 2.5, 2.5], "0": {"ell": {"min": 0.0, "mean": 0.0, "median": 0.0, "max": 0.0, "std": 0.0}, "sigma": {"min": 0.6, "mean": 0.5999999999999998, "median": 0.6, "max": 0.6, "std": 2.2204477433181463e-16}}, "1": {"ell": {"min": -2.5, "mean": 0.6498414453320307, "median": 0.37448400761642325, "max": 2.5, "std": 0.6797785141377868}, "sigma": {"min": 0.4213074691654401, "mean": 1.198527348060097, "median": 0.9047693791174435, "max": 3.2704703106964095, "std": 0.683262735779109}}, "2": {"ell": {"min": -2.5, "mean": -0.002694123426516475, "median": 0.0, "max": 2.5, "std": 0.3316201732103319}, "sigma": {"min": 0.5590678601083597, "mean": 1.196226122299446, "median": 0.8950452157796936, "max": 3.3208913022900735, "std": 0.6872534167746447}}, "3": {"ell": {"min": -2.5, "mean": -0.0013791440884229275, "median": 0.0, "max": 2.5, "std": 0.33722770786874245}, "sigma": {"min": 0.5887772548319936, "mean": 1.1966892809959175, "median": 0.8993669511271367, "max": 3.2594237601849856, "std": 0.6858052735390406}}, "4": {"ell": {"min": -2.5, "mean": -0.0037684140637182944, "median": 0.0, "max": 2.5, "std": 0.3971965732061995}}}