{"pde": {"dim": 2, "kappa": [0.0, 1.0, 0.8, 0.6, 0.4, 0.5, 0.3, 0.2, 0.1, 0.7], "theta": [0.0, 0.4, 0.2, 0.3, 0.4, 0.5, 0.4, 0.3, 0.2, 0.1], "nu": [0.0, 0.2, 0.15, 0.11, 0.12, 0.1, 0.13, 0.14, 0.14, 0.1], "lb": [0.0, 1.5, 1.11, 0.12, 0.13, 0.15, 0.11, 0.12, 0.13, 0.15], "rho": [0.0, 0.0, 0.0, 0.0, 0.0, 0.0, 0.0, 0.0, 0.0, 0.0], "eta": 0.5, "T": 1.0}, "simulation": {"num_samples": 256, "num_time_intervals": 3, "start": 0.0, "end": 1.0, "num_neurons": 6}, "optimal": 3.0, "bounds": 8.0, "0": {"ell": {"min": 0.0, "mean": 0.0, "median": 0.0, "max": 0.0, "std": 0.0, "bound": 0.0}, "sigma": {"min": 1.7, "mean": 1.6999999999999995, "median": 1.7, "max": 1.7, "std": 4.443786130804205e-16}}, "1": {"ell": {"min": -8.0, "mean": 0.32340711569978925, "median": 0.277678337588782, "max": 8.0, "std": 0.5804502503910963, "bound": 8.0}, "sigma": {"min": -6.3, "mean": 2.0234071156997895, "median": 1.9776783375887819, "max": 9.7, "std": 0.5804502503910963}}, "2": {"ell": {"min": -4.643602003128771, "mean": 0.2680868728308422, "median": 0.17385039580972503, "max": 4.643602003128771, "std": 0.8275630213690828, "bound": 4.643602003128771}, "sigma": {"min": -3.434940557531058, "mean": 2.2940389787633495, "median": 2.102359157752988, "max": 14.343602003128769, "std": 1.1703633104150295}}, "3": {"ell": {"min": -3.84287330374477, "mean": 0.0010744839123613913, "median": -3.7971173399185654e-13, "max": 3.84287330374477, "std": 0.5155538673700192, "bound": 3.84287330374477}, "sigma": {"min": -4.161756020872452, "mean": 2.3218172419011216, "median": 2.097825502252009, "max": 14.624031224282085, "std": 1.3324406967924294}}, "4": {"ell": {"min": -1.9812081935586188, "mean": 0.2048230885878184, "median": 0.004329756182648137, "max": 1.9812081935586188, "std": 1.0348941051071006, "bound": 1.9812081935586188}, "sigma": {"min": -4.668158332347751, "mean": 2.539229998964742, "median": 2.0552275410786844, "max": 16.324810196690912, "std": 1.5984078868442642}}, "5": {"ell": {"min": -2.050340680503702, "mean": -0.010914052149995385, "median": -5.7578826719760775e-15, "max": 2.050340680503702, "std": 0.6273953674234836, "bound": 2.050340680503702}, "sigma": {"min": -14.975150877201095, "mean": 2.4161215892118317, "median": 2.0748607347859296, "max": 13.354111190828037, "std": 2.380111458296294}}, "6": {"ell": {"min": -1.2863742445879356, "mean": -0.0017345381680709713, "median": -2.7831486964783613e-13, "max": 1.2863742445879356, "std": 0.0804476912880662, "bound": 1.2863742445879356}, "sigma": {"min": -13.688776632615243, "mean": 2.574426408727639, "median": 2.09928521848357, "max": 16.935743406924782, "std": 2.1133723343608732}}, "7": {"ell": {"min": -0.1034858381095296, "mean": -9.103995184692395e-05, "median": 0.0, "max": 0.1034858381095296, "std": 0.014604847835080786, "bound": 0.1034858381095296}, "sigma": {"min": -9.588095271624638, "mean": 2.4560521792242436, "median": 2.082624561418989, "max": 16.263968165214983, "std": 1.9166288546633128}}, "8": {"ell": {"min": -0.001511394918675484, "mean": -3.5042363057669703e-06, "median": 0.0, "max": 0.001511394918675484, "std": 0.00010954363930952729, "bound": 0.001511394918675484}, "sigma": {"min": -15.308112954807756, "mean": 2.471168022935832, "median": 2.066153043586634, "max": 16.28908706677552, "std": 2.248016303516042}}, "9": {"ell": {"min": -1.6556369982563957e-07, "mean": -3.752075533497039e-10, "median": 0.0, "max": 1.6556369982563957e-07, "std": 1.2050712277577039e-08, "bound": 1.6556369982563957e-07}, "sigma": {"min": -14.275067317396012, "mean": 2.523793943006861, "median": 2.0578123675989413, "max": 16.322903413295414, "std": 2.1662885155985108}}, "10": {"ell": {"min": -1.995160510209914e-15, "mean": 3.7409259566435884e-16, "median": 1.995160510209914e-15, "max": 1.995160510209914e-15, "std": 1.9610526890542225e-15, "bound": 1.995160510209914e-15}, "sigma": {"min": -13.627764140478858, "mean": 2.5653471721818417, "median": 2.079066509743624, "max": 13.246466725206268, "std": 2.1032555051013366}}}