{"pde": {"dim": 2, "kappa": [0.0, 1.0, 0.8, 0.6, 0.4, 0.5, 0.3, 0.2, 0.1, 0.7], "theta": [0.0, 0.1, 0.2, 0.3, 0.4, 0.5, 0.4, 0.3, 0.2, 0.1], "nu": [0.02, 0.015, 0.11, 0.12, 0.01, 0.013, 0.14, 0.14, 0.01], "lb": [0.0, 1.15, 1.11, 0.12, 0.13, 0.15, 0.11, 0.12, 0.13, 0.15], "rho": [0.0, 0.0, 0.0, 0.0, 0.0, 0.0, 0.0, 0.0, 0.0, 0.0], "eta": 1.0, "T": 1.0}, "simulation": {"num_samples": 1024, "num_time_intervals": 10, "start": 0.0, "end": 1.0, "num_neurons": 6}, "optimal": 1.15, "0": {"ell": {"min": 0.5, "mean": 0.5, "median": 0.5, "max": 0.5, "std": 0.0}}, "1": {"ell": {"min": 0.5, "mean": 0.6640164794025611, "median": 0.7, "max": 0.7, "std": 0.050881987740308096}, "nabla u * ell": {"min": 0.5, "mean": 0.5071100080153692, "median": 0.5023483163457205, "max": 0.5755587512114867, "std": 0.01077196641201569}, "min(nabla u , ell)": {"min": 0.5, "mean": 0.5369443349397933, "median": 0.5254733213092532, "max": 0.6446006932164489, "std": 0.0358807121533931}}, "2": {"ell": {"min": 0.5, "mean": 0.7307964488856304, "median": 0.7658095952543102, "max": 0.7999999999999999, "std": 0.08082629064620651}, "nabla u * ell": {"min": 0.5000387687848353, "mean": 0.6579957572148825, "median": 0.7, "max": 0.735597951345268, "std": 0.056067398912011734}, "min(nabla u , ell)": {"min": 0.5, "mean": 0.6076818353612055, "median": 0.5912492705760296, "max": 0.7799232562241071, "std": 0.0775702830036499}}, "3": {"ell": {"min": 0.5, "mean": 0.7813651410323326, "median": 0.8180416520509237, "max": 0.8666666666666666, "std": 0.09666387634954002}, "nabla u * ell": {"min": 0.5, "mean": 0.7306611675162641, "median": 0.7636232177016588, "max": 0.8666666666666666, "std": 0.08361714023392565}, "min(nabla u , ell)": {"min": 0.5, "mean": 0.656625499856425, "median": 0.6436983524946234, "max": 0.853700470887317, "std": 0.10755816622678831}}, "4": {"ell": {"min": 0.5403677531039561, "mean": 0.8290819369869784, "median": 0.866356561352381, "max": 0.9166666666666666, "std": 0.09847842513337622}, "nabla u * ell": {"min": 0.5016726847370013, "mean": 0.7822803158565546, "median": 0.8194877252768012, "max": 0.9166666666666666, "std": 0.09868871381800717}, "min(nabla u , ell)": {"min": 0.5008919581455059, "mean": 0.7061577683990033, "median": 0.7016260090698, "max": 0.9075523221172345, "std": 0.12065987975969505}}, "5": {"ell": {"min": 0.5784188546786214, "mean": 0.8654331309016886, "median": 0.903411702906373, "max": 0.9566666666666667, "std": 0.10218078304764887}, "nabla u * ell": {"min": 0.5386541838188829, "mean": 0.8281631942376068, "median": 0.8661797399554751, "max": 0.9566666666666667, "std": 0.10196372076264232}, "min(nabla u , ell)": {"min": 0.5295700723046652, "mean": 0.7591615024001122, "median": 0.7522323624919197, "max": 0.9498621035285889, "std": 0.12143837589103544}}, "6": {"ell": {"min": 0.6038805997692962, "mean": 0.8907260095208285, "median": 0.9240299681207326, "max": 0.99, "std": 0.106269858408566}, "nabla u * ell": {"min": 0.5706561819502567, "mean": 0.866797344875115, "median": 0.903839474208409, "max": 0.99, "std": 0.1020663361308223}, "min(nabla u , ell)": {"min": 0.5654485971477355, "mean": 0.7858975009331133, "median": 0.7785472213017147, "max": 0.9791340257795267, "std": 0.12344234270839967}}, "7": {"ell": {"min": 0.6175401010761282, "mean": 0.9097730845590718, "median": 0.939445489884718, "max": 1.0185714285714285, "std": 0.10750341148869397}, "nabla u * ell": {"min": 0.6070904760801018, "mean": 0.8892987421735891, "median": 0.9226499258946292, "max": 1.0185714285714285, "std": 0.10824054288409726}, "min(nabla u , ell)": {"min": 0.5978092127936181, "mean": 0.8105602432823666, "median": 0.7997823364737692, "max": 1.007485516483157, "std": 0.12099318660363095}}, "8": {"ell": {"min": 0.6253802997855658, "mean": 0.9251938157030459, "median": 0.9496535939272914, "max": 1.0435714285714284, "std": 0.10587456098179354}, "nabla u * ell": {"min": 0.618924412415146, "mean": 0.9061342742593632, "median": 0.9323000628586011, "max": 1.0435714285714284, "std": 0.10922924106407073}, "min(nabla u , ell)": {"min": 0.6046576926804176, "mean": 0.8329115792488035, "median": 0.8274930294138996, "max": 1.035214616771431, "std": 0.12207658331367077}}, "9": {"ell": {"min": 0.6249676834153751, "mean": 0.9462659685425743, "median": 0.9760445045570221, "max": 1.0657936507936505, "std": 0.10431677696702231}, "nabla u * ell": {"min": 0.6122022883446949, "mean": 0.9281526844236753, "median": 0.9560734448054884, "max": 1.0657936507936505, "std": 0.10697418525163889}, "min(nabla u , ell)": {"min": 0.605485304218504, "mean": 0.8522641888063467, "median": 0.8508851043890687, "max": 1.0580653242103961, "std": 0.12149281145381338}}, "10": {"ell": {"min": 0.6413687108429635, "mean": 0.9630146820735991, "median": 0.9931085304282263, "max": 1.0857936507936505, "std": 0.10327193401072715}, "nabla u * ell": {"min": 0.6214061415036063, "mean": 0.9455197568795732, "median": 0.9740598438811142, "max": 1.069605086073114, "std": 0.10461740059591493}, "min(nabla u , ell)": {"min": 0.6176328559900267, "mean": 0.8724366255598124, "median": 0.8709062595698738, "max": 1.0776527726668295, "std": 0.12181885266014988}}}