{"pde": {"dim": 2, "kappa": [0.0, 1.0, 0.8, 0.6, 0.4, 0.5, 0.3, 0.2, 0.1, 0.7, 1.0, 0.8, 0.6, 0.4, 0.5, 0.3, 0.2, 0.1, 0.7, 1.0, 0.8, 0.6, 0.4, 0.5, 0.3, 0.2, 0.1, 0.7], "theta": [0.0, 0.1, 0.2, 0.3, 0.4, 0.5, 0.4, 0.3, 0.2, 0.1, 0.1, 0.2, 0.3, 0.4, 0.5, 0.4, 0.3, 0.2, 0.1, 0.1, 0.2, 0.3, 0.4, 0.5, 0.4, 0.3, 0.2, 0.1], "nu": [0.2, 0.15, 0.11, 0.12, 0.1, 0.13, 0.14, 0.14, 0.1, 0.2, 0.15, 0.11, 0.12, 0.1, 0.13, 0.14, 0.14, 0.1, 0.2, 0.15, 0.11, 0.12, 0.1, 0.13, 0.14, 0.14, 0.1], "lb": [0.0, 1.15, 1.11, 0.12, 0.13, 0.15, 0.11, 0.12, 0.13, 0.15, 1.15, 1.11, 0.12, 0.13, 0.15, 0.11, 0.12, 0.13, 0.15, 1.15, 1.11, 0.12, 0.13, 0.15, 0.11, 0.12, 0.13, 0.15], "rho": [0.0, 0.0, 0.0, 0.0, 0.0, 0.0, 0.0, 0.0, 0.0, 0.0, 0.0, 0.0, 0.0, 0.0, 0.0, 0.0, 0.0, 0.0, 0.0, 0.0, 0.0, 0.0, 0.0, 0.0, 0.0, 0.0, 0.0, 0.0], "eta": 1.0, "T": 1.0}, "simulation": {"num_samples": 1024, "num_time_intervals": 10, "start": 0.0, "end": 1.0, "num_neurons": 4}, "optimal": 1.15, "bounds": [1.0, 1.0, 1.0, 1.0, 1.0, 1.0, 1.0, 1.0, 1.0, 1.0, 1.0], "0": {"ell": {"min": 0.0, "mean": 0.0, "median": 0.0, "max": 0.0, "std": 0.0}, "sigma": {"min": 1.7, "mean": 1.6999999999999997, "median": 1.7, "max": 1.7, "std": 2.2205544774091416e-16}}, "1": {"ell": {"min": -1.0, "mean": -0.2582017820910557, "median": -0.2008481907743781, "max": 1.0, "std": 0.5137807631374889}, "sigma": {"min": 0.4181443526060229, "mean": 1.3517024756857956, "median": 1.4468103462207669, "max": 3.145520208241237, "std": 0.4174931115026427}}, "2": {"ell": {"min": -1.0, "mean": -0.21286977816839872, "median": -0.19645275692592934, "max": 1.0, "std": 0.43657597615271926}, "sigma": {"min": 0.47751298972955913, "mean": 1.0367988523062108, "median": 0.9749462844915319, "max": 2.6038701383610796, "std": 0.316474474956371}}, "3": {"ell": {"min": -1.0, "mean": 0.11078829194605641, "median": 0.09482402920880556, "max": 1.0, "std": 0.20972893585613678}, "sigma": {"min": 0.835508922877266, "mean": 1.154360764439958, "median": 1.0629159962036878, "max": 1.6536368865568485, "std": 0.1987788580861898}}, "4": {"ell": {"min": -1.0, "mean": 0.045857824197626365, "median": 0.035080445484061196, "max": 1.0, "std": 0.11058317981090267}, "sigma": {"min": 0.14961849736905042, "mean": 1.193603959775572, "median": 1.108319857387448, "max": 1.7840599399848602, "std": 0.22645610152697837}}, "5": {"ell": {"min": -1.0, "mean": 0.03892017327344387, "median": 0.0021038472369854233, "max": 1.0, "std": 0.279814274081575}, "sigma": {"min": 0.3213019794147869, "mean": 1.234224920934849, "median": 1.2004960333455206, "max": 2.3265232528445177, "std": 0.25074961446267896}}, "6": {"ell": {"min": -1.0, "mean": 0.017714190107831453, "median": -0.042418751862732196, "max": 1.0, "std": 0.278287597924208}, "sigma": {"min": 0.3957204630727813, "mean": 1.2232799133306214, "median": 1.1695401392943436, "max": 2.0806827794781895, "std": 0.1549940648867716}}, "7": {"ell": {"min": -1.0, "mean": -0.0104822511311649, "median": -0.0068486915417113395, "max": 1.0, "std": 0.2870843757619113}, "sigma": {"min": 0.3713222959916115, "mean": 1.2058438777440341, "median": 1.2019768183579682, "max": 2.2467492714812027, "std": 0.2525868239826802}}, "8": {"ell": {"min": -1.0, "mean": -0.03662145730751882, "median": -0.08033932904220226, "max": 1.0, "std": 0.34867107186373425}, "sigma": {"min": 0.6362045420796187, "mean": 1.1135738243383002, "median": 1.0576516577480974, "max": 2.902701881653917, "std": 0.25441379703030487}}, "9": {"ell": {"min": -1.0, "mean": 0.04935390097891784, "median": 0.08090457456293851, "max": 1.0, "std": 0.26419887735742054}, "sigma": {"min": 0.6744345693831053, "mean": 1.1669276285890056, "median": 1.1569106059001788, "max": 1.7784979697207213, "std": 0.13163691856525858}}, "10": {"ell": {"min": -1.0, "mean": 0.061224356954445794, "median": 0.02343219375487149, "max": 1.0, "std": 0.16560617841162814}, "sigma": {"min": 0.8528000036080856, "mean": 1.227599096491978, "median": 1.197388238987944, "max": 2.2683976961432384, "std": 0.12004506459966537}}}