{"pde": {"dim": 20, "kappa": [0.0, 1.0, 0.8, 0.6, 0.4, 0.5, 0.3, 0.2, 0.1, 0.7, 1.0, 0.8, 0.6, 0.4, 0.5, 0.3, 0.2, 0.1, 0.7, 1.0, 0.8, 0.6, 0.4, 0.5, 0.3, 0.2, 0.1, 0.7], "theta": [0.0, 0.1, 0.2, 0.3, 0.4, 0.5, 0.4, 0.3, 0.2, 0.1, 0.1, 0.2, 0.3, 0.4, 0.5, 0.4, 0.3, 0.2, 0.1, 0.1, 0.2, 0.3, 0.4, 0.5, 0.4, 0.3, 0.2, 0.1], "nu": [0.0, 0.2, 0.15, 0.11, 0.12, 0.1, 0.13, 0.14, 0.14, 0.1, 0.2, 0.15, 0.11, 0.12, 0.1, 0.13, 0.14, 0.14, 0.1, 0.2, 0.15, 0.11, 0.12, 0.1, 0.13, 0.14, 0.14, 0.1], "lb": [0.0, 1.15, 1.11, 0.12, 0.13, 0.15, 0.11, 0.12, 0.13, 0.15, 1.15, 1.11, 0.12, 0.13, 0.15, 0.11, 0.12, 0.13, 0.15, 1.15, 1.11, 0.12, 0.13, 0.15, 0.11, 0.12, 0.13, 0.15], "rho": [0.0, 0.0, 0.0, 0.0, 0.0, 0.0, 0.0, 0.0, 0.0, 0.0, 0.0, 0.0, 0.0, 0.0, 0.0, 0.0, 0.0, 0.0, 0.0, 0.0, 0.0, 0.0, 0.0, 0.0, 0.0, 0.0, 0.0, 0.0], "eta": 2.0, "T": 1.0}, "simulation": {"num_samples": 1024, "num_time_intervals": 10, "start": 0.0, "end": 1.0, "num_neurons": 6}, "optimal": 1.2914236330499764, "0": {"ell": {"min": 0.0, "mean": 0.0, "median": 0.0, "max": 0.0, "std": 0.0}, "sigma": {"min": 0.6, "mean": 0.5999999999999998, "median": 0.6, "max": 0.6, "std": 2.2205544774091416e-16}}, "1": {"ell": {"min": -8.0, "mean": 0.6670960168560469, "median": 0.3252916693112704, "max": 8.0, "std": 1.0895799296178752, "bound": 8.0}, "sigma": {"min": -7.470558981830915, "mean": 1.2392265391454622, "median": 0.8341420227644587, "max": 10.320684240995547, "std": 1.3673166742581169}}, "2": {"ell": {"min": -8.716639436943002, "mean": -0.007449643697876615, "median": 0.0, "max": 8.716639436943002, "std": 0.3122661595555215, "bound": 8.716639436943002}, "sigma": {"min": -8.061656834433483, "mean": 1.2175432021446027, "median": 0.8294195911638024, "max": 8.643994688116194, "std": 1.285667167259897}}, "3": {"ell": {"min": -2.498129276444172, "mean": 0.00032885105409984636, "median": 0.0, "max": 2.498129276444172, "std": 0.14019051453089754, "bound": 2.498129276444172}, "sigma": {"min": -7.944889014148114, "mean": 1.2282029280164761, "median": 0.8341965705620471, "max": 8.780741384008385, "std": 1.314607637753326}}, "4": {"ell": {"min": -1.1215241162471803, "mean": 0.0003125162356549016, "median": 0.0, "max": 1.1215241162471803, "std": 0.036897716330509776, "bound": 1.1215241162471803}, "sigma": {"min": -7.926867679073402, "mean": 1.2247069256927179, "median": 0.8359715012009419, "max": 8.86429357308554, "std": 1.304897624517288}}, "5": {"ell": {"min": -0.2951817306440782, "mean": -2.8444100341138577e-05, "median": 0.0, "max": 0.2951817306440782, "std": 0.010517971759090167, "bound": 0.2951817306440782}, "sigma": {"min": -5.932417792699459, "mean": 1.233260374253765, "median": 0.8303546095901772, "max": 8.905587186015778, "std": 1.2936183578061689}}, "6": {"ell": {"min": -0.08414377407272133, "mean": -4.086596861289376e-05, "median": 0.0, "max": 0.08414377407272133, "std": 0.002957675839680788, "bound": 0.08414377407272133}, "sigma": {"min": -6.900954334830926, "mean": 1.2077305213198666, "median": 0.8181408475174268, "max": 8.90934077353604, "std": 1.2884424322868964}}, "7": {"ell": {"min": -0.023661406717446303, "mean": -3.6153369309331744e-06, "median": 0.0, "max": 0.023661406717446303, "std": 0.0005403171715376744, "bound": 0.023661406717446303}, "sigma": {"min": -4.98295726603785, "mean": 1.2114914130886858, "median": 0.8265821092580352, "max": 8.909065855204643, "std": 1.2426766835810035}}, "8": {"ell": {"min": -0.004322537372301395, "mean": -1.6924031377987046e-07, "median": 0.0, "max": 0.004322537372301395, "std": 9.79670579155414e-05, "bound": 0.004322537372301395}, "sigma": {"min": -5.46059462943618, "mean": 1.2165343743826091, "median": 0.8220137855144926, "max": 8.950991760603715, "std": 1.272521737348541}}, "9": {"ell": {"min": -0.0007837364633243312, "mean": -1.043839892157044e-08, "median": 0.0, "max": 0.0007837364633243312, "std": 2.899887768046027e-05, "bound": 0.0007837364633243312}, "sigma": {"min": -4.136265095489532, "mean": 1.2318265254813157, "median": 0.8270591062474686, "max": 9.06227111367654, "std": 1.3052899194340308}}, "10": {"ell": {"min": -0.00023199102144368217, "mean": -7.67492980261412e-08, "median": 0.0, "max": 0.00023199102144368217, "std": 1.598898841415825e-05, "bound": 0.00023199102144368217}, "sigma": {"min": -5.191012917221753, "mean": 1.231453148818361, "median": 0.8252744241997751, "max": 9.000581723135495, "std": 1.2967446640527085}}}