{"pde": {"dim": 2, "kappa": [0.0, 1.0, 0.8, 0.6, 0.4, 0.5, 0.3, 0.2, 0.1, 0.7], "theta": [0.0, 0.4, 0.2, 0.3, 0.4, 0.5, 0.4, 0.3, 0.2, 0.1], "nu": [0.0, 0.2, 0.15, 0.11, 0.12, 0.1, 0.13, 0.14, 0.14, 0.1], "lb": [0.0, 1.5, 1.11, 0.12, 0.13, 0.15, 0.11, 0.12, 0.13, 0.15], "rho": [0.0, 0.0, 0.0, 0.0, 0.0, 0.0, 0.0, 0.0, 0.0, 0.0], "eta": 0.5, "T": 1.0}, "simulation": {"num_samples": 2048, "num_time_intervals": 10, "start": 0.0, "end": 1.0, "num_neurons": 6}, "optimal": 3.0, "bounds": 4.0, "0": {"ell": {"min": 0.0, "mean": 0.0, "median": 0.0, "max": 0.0, "std": 0.0, "bound": 0.0}, "sigma": {"min": 1.7, "mean": 1.6999999999999997, "median": 1.7, "max": 1.7, "std": 2.2205002613442515e-16}}, "1": {"ell": {"min": -4.0, "mean": 0.225411176472389, "median": 0.15813194436375483, "max": 4.0, "std": 0.35039215589344647, "bound": 4.0}, "sigma": {"min": -2.3, "mean": 1.9254111764723891, "median": 1.8581319443637547, "max": 5.7, "std": 0.35039215589344647}}, "2": {"ell": {"min": -3.5, "mean": 0.05384177710083833, "median": 0.29595073761344115, "max": 3.5, "std": 2.1260259450545904, "bound": 3.5}, "sigma": {"min": -5.8, "mean": 1.9782452442524103, "median": 2.1546966073235474, "max": 9.2, "std": 2.1831532261015245}}, "3": {"ell": {"min": -3.0, "mean": 0.04301810326232401, "median": 0.0, "max": 3.0, "std": 1.2684503718000242, "bound": 3.0}}}