{"pde": {"dim": 2, "kappa": [0.0, 1.0, 0.8, 0.6, 0.4, 0.5, 0.3, 0.2, 0.1, 0.7], "theta": [0.0, 0.4, 0.2, 0.3, 0.4, 0.5, 0.4, 0.3, 0.2, 0.1], "nu": [0.0, 0.2, 0.15, 0.11, 0.12, 0.1, 0.13, 0.14, 0.14, 0.1], "lb": [0.0, 1.5, 1.11, 0.12, 0.13, 0.15, 0.11, 0.12, 0.13, 0.15], "rho": [0.0, 0.0, 0.0, 0.0, 0.0, 0.0, 0.0, 0.0, 0.0, 0.0], "eta": 0.5, "T": 1.0}, "simulation": {"num_samples": 2048, "num_time_intervals": 10, "start": 0.9, "end": 1.1, "num_neurons": 6}, "optimal": 3.0, "bounds": 4.0, "0": {"ell": {"min": 0.0, "mean": 0.0, "median": 0.0, "max": 0.0, "std": 0.0, "bound": 0.0}, "sigma": {"min": 0.7, "mean": 0.6999999999999998, "median": 0.7, "max": 0.7, "std": 1.1102501306721257e-16}}, "1": {"ell": {"min": 0.05694641807724046, "mean": 0.2702741749102182, "median": 0.22580480171148487, "max": 2.2355049695966915, "std": 0.13827632018962183, "bound": 4.0}, "sigma": {"min": 0.7569464180772404, "mean": 0.9702741749102181, "median": 0.9258048017114848, "max": 2.9355049695966917, "std": 0.13827632018962183}}, "2": {"ell": {"min": -0.5957588294073297, "mean": 0.2746366382404434, "median": 0.2610552941642781, "max": 3.5, "std": 0.10299400400558263, "bound": 3.5}, "sigma": {"min": 0.7671332304285873, "mean": 1.2528319224631732, "median": 1.1818339894669598, "max": 4.335096471619998, "std": 0.24938710819023874}}, "3": {"ell": {"min": -3.0, "mean": 0.1401477656602833, "median": 0.12593055156960825, "max": 3.0, "std": 0.20503505327310306, "bound": 3.0}, "sigma": {"min": -1.9739235417948935, "mean": 1.40093051258076, "median": 1.2983706595881193, "max": 7.338396384313437, "std": 0.38553692813008145}}}