{"pde": {"dim": 20, "kappa": [0.0, 1.0, 0.8, 0.6, 0.4, 0.5, 0.3, 0.2, 0.1, 0.7, 1.0, 0.8, 0.6, 0.4, 0.5, 0.3, 0.2, 0.1, 0.7, 1.0, 0.8, 0.6, 0.4, 0.5, 0.3, 0.2, 0.1, 0.7], "theta": [0.0, 0.1, 0.2, 0.3, 0.4, 0.5, 0.4, 0.3, 0.2, 0.1, 0.1, 0.2, 0.3, 0.4, 0.5, 0.4, 0.3, 0.2, 0.1, 0.1, 0.2, 0.3, 0.4, 0.5, 0.4, 0.3, 0.2, 0.1], "nu": [0.2, 0.15, 0.11, 0.12, 0.1, 0.13, 0.14, 0.14, 0.1, 0.2, 0.15, 0.11, 0.12, 0.1, 0.13, 0.14, 0.14, 0.1, 0.2, 0.15, 0.11, 0.12, 0.1, 0.13, 0.14, 0.14, 0.1], "lb": [0.0, 1.15, 1.11, 0.12, 0.13, 0.15, 0.11, 0.12, 0.13, 0.15, 1.15, 1.11, 0.12, 0.13, 0.15, 0.11, 0.12, 0.13, 0.15, 1.15, 1.11, 0.12, 0.13, 0.15, 0.11, 0.12, 0.13, 0.15], "rho": [0.0, 0.0, 0.0, 0.0, 0.0, 0.0, 0.0, 0.0, 0.0, 0.0, 0.0, 0.0, 0.0, 0.0, 0.0, 0.0, 0.0, 0.0, 0.0, 0.0, 0.0, 0.0, 0.0, 0.0, 0.0, 0.0, 0.0, 0.0], "eta": 2.0, "T": 1.0}, "simulation": {"num_samples": 1024, "num_time_intervals": 10, "start": 0.0, "end": 1.0, "num_neurons": 6}, "optimal": 1.2914236330499764, "bounds": [8.0, 8.0, 8.0, 8.0, 8.0, 8.0, 8.0, 8.0, 8.0, 8.0, 8.0], "0": {"ell": {"min": 0.0, "mean": 0.0, "median": 0.0, "max": 0.0, "std": 0.0}, "sigma": {"min": 0.6, "mean": 0.5999999999999998, "median": 0.6, "max": 0.6, "std": 2.2205544774091416e-16}}, "1": {"ell": {"min": -8.0, "mean": 0.6767617084742662, "median": 0.30256099301435513, "max": 8.0, "std": 1.0982998428358004}, "sigma": {"min": -7.147108042283994, "mean": 1.3182493211032136, "median": 0.8324543642356499, "max": 9.37665473516715, "std": 1.5617806588008871}}, "2": {"ell": {"min": -8.0, "mean": -0.000989825522238988, "median": 0.0, "max": 8.0, "std": 0.27955317943344177}, "sigma": {"min": -7.290932692728045, "mean": 1.2728937984131068, "median": 0.8303928480386651, "max": 8.896564115205512, "std": 1.4615812651953195}}, "3": {"ell": {"min": -8.0, "mean": 0.002759530265274964, "median": 0.0, "max": 8.0, "std": 0.25225570983955764}, "sigma": {"min": -5.602109203436647, "mean": 1.2975385479037067, "median": 0.8311446789756272, "max": 14.858524673576552, "std": 1.5086288273865318}}, "4": {"ell": {"min": -8.0, "mean": 0.0014269832984589513, "median": 0.0, "max": 8.0, "std": 0.7032865350081724}, "sigma": {"min": -5.0276581591776806, "mean": 1.2906835607959988, "median": 0.8092945673737233, "max": 9.104532479130949, "std": 1.519144431264916}}, "5": {"ell": {"min": -8.0, "mean": 0.0045665113251719455, "median": 0.0, "max": 8.0, "std": 0.3471454485577697}, "sigma": {"min": -3.28838305000721, "mean": 1.299407365033124, "median": 0.8356020112385468, "max": 9.384320458529206, "std": 1.4761388442614207}}, "6": {"ell": {"min": -8.0, "mean": -0.007416630868525028, "median": 0.0, "max": 8.0, "std": 0.8152352887078601}, "sigma": {"min": -6.572162230970061, "mean": 1.270203482777148, "median": 0.8149692091635553, "max": 9.708354907479192, "std": 1.4681731507182278}}, "7": {"ell": {"min": -8.0, "mean": 0.004696987048562838, "median": 0.0, "max": 8.0, "std": 0.35407936661462475}, "sigma": {"min": -3.8419569902658535, "mean": 1.2763419491652757, "median": 0.8337250974814061, "max": 10.307716553561773, "std": 1.4184187127945749}}, "8": {"ell": {"min": -8.0, "mean": -0.006021043509069743, "median": 0.0, "max": 8.0, "std": 0.6066990575204623}, "sigma": {"min": -1.6417807712603367, "mean": 1.2567551529427423, "median": 0.8353489485794946, "max": 12.33852330572242, "std": 1.4096917600793473}}, "9": {"ell": {"min": -8.0, "mean": -0.0026308453501660404, "median": 0.0, "max": 8.0, "std": 0.31768912102206476}, "sigma": {"min": -0.24609026970737935, "mean": 1.2694786700439422, "median": 0.8304449856146662, "max": 12.938425429253337, "std": 1.4583399977271163}}, "10": {"ell": {"min": -8.0, "mean": -0.003811422303037251, "median": 0.0, "max": 8.0, "std": 0.2674687351272312}, "sigma": {"min": -6.773077846349074, "mean": 1.2378345710137806, "median": 0.8253179565052154, "max": 14.443195207172256, "std": 1.3953073257313517}}}