{"pde": {"dim": 3, "kappa": [0.0, 1.0, 0.8, 0.6, 0.4, 0.5, 0.3, 0.2, 0.1, 0.7], "theta": [0.0, 0.4, 0.2, 0.3, 0.4, 0.5, 0.4, 0.3, 0.2, 0.1], "nu": [0.0, 0.2, 0.15, 0.11, 0.12, 0.1, 0.13, 0.14, 0.14, 0.1], "lb": [0.0, 1.5, 1.11, 0.12, 0.13, 0.15, 0.11, 0.12, 0.13, 0.15], "rho": [0.0, 0.0, 0.0, 0.0, 0.0, 0.0, 0.0, 0.0, 0.0, 0.0], "eta": 5.0, "T": 1.0}, "simulation": {"num_samples": 1024, "num_time_intervals": 20, "start": 0.9, "end": 1.1, "num_neurons": 6}, "optimal": 0.3732077169620157, "bounds": 8.0, "0": {"ell": {"min": 0.0, "mean": 0.0, "median": 0.0, "max": 0.0, "std": 0.0, "bound": 0.0}, "sigma": {"min": 3.0, "mean": 3.0, "median": 3.0, "max": 3.0, "std": 0.0}}, "1": {"ell": {"min": -0.018336800341626797, "mean": 0.14004076909619995, "median": 0.03694896062804137, "max": 0.7127841449278118, "std": 0.20228774817112355, "bound": 8.0}, "sigma": {"min": 2.981663199658373, "mean": 3.1400407690962, "median": 3.0369489606280413, "max": 3.712784144927812, "std": 0.20228774817112355}}}