{"pde": {"dim": 10, "kappa": [0.0, 1.0, 0.8, 0.6, 0.4, 0.5, 0.3, 0.2, 0.1, 0.7], "theta": [0.0, 0.1, 0.2, 0.3, 0.4, 0.5, 0.4, 0.3, 0.2, 0.1], "nu": [0.2, 0.15, 0.11, 0.12, 0.1, 0.13, 0.14, 0.14, 0.1], "lb": [0.0, 1.15, 1.11, 0.12, 0.13, 0.15, 0.11, 0.12, 0.13, 0.15], "rho": [0.0, 0.0, 0.0, 0.0, 0.0, 0.0, 0.0, 0.0, 0.0, 0.0], "eta": 1.0, "T": 1.0}, "simulation": {"num_samples": 1024, "num_time_intervals": 10, "start": 0.0, "end": 1.0, "num_neurons": 4}, "optimal": 1.6353287131338459, "0": {"ell": {"min": 1.85, "mean": 1.850000000000001, "median": 1.85, "max": 1.85, "std": 8.882217909636566e-16}}, "1": {"ell": {"min": 1.75, "mean": 1.8401075062611105, "median": 1.8383664068752132, "max": 1.9500000000000002, "std": 0.08626941586726754}}, "2": {"ell": {"min": 1.65, "mean": 1.810806230382837, "median": 1.85, "max": 2.0500000000000003, "std": 0.11565140113637787}}, "3": {"ell": {"min": 1.5499999999999998, "mean": 1.781834605542943, "median": 1.75, "max": 2.1500000000000004, "std": 0.13636907639531584}}, "4": {"ell": {"min": 1.4499999999999997, "mean": 1.7731095438921194, "median": 1.775131836113343, "max": 2.2500000000000004, "std": 0.1609089818878464}}, "5": {"ell": {"min": 1.3499999999999996, "mean": 1.7351285825625475, "median": 1.75, "max": 2.3500000000000005, "std": 0.17089161432219885}}, "6": {"ell": {"min": 1.2666666666666664, "mean": 1.7132223794709756, "median": 1.702902363345601, "max": 2.433333333333334, "std": 0.1880693225070685}}}