{"pde": {"dim": 3, "kappa": [0.0, 1.0, 0.8, 0.6, 0.4, 0.5, 0.3, 0.2, 0.1, 0.7, 1.0, 0.8, 0.6, 0.4, 0.5, 0.3, 0.2, 0.1, 0.7, 1.0, 0.8, 0.6, 0.4, 0.5, 0.3, 0.2, 0.1, 0.7], "theta": [0.0, 0.1, 0.2, 0.3, 0.4, 0.5, 0.4, 0.3, 0.2, 0.1, 0.1, 0.2, 0.3, 0.4, 0.5, 0.4, 0.3, 0.2, 0.1, 0.1, 0.2, 0.3, 0.4, 0.5, 0.4, 0.3, 0.2, 0.1], "nu": [0.2, 0.15, 0.11, 0.12, 0.1, 0.13, 0.14, 0.14, 0.1, 0.2, 0.15, 0.11, 0.12, 0.1, 0.13, 0.14, 0.14, 0.1, 0.2, 0.15, 0.11, 0.12, 0.1, 0.13, 0.14, 0.14, 0.1], "lb": [0.0, 1.15, 1.11, 0.12, 0.13, 0.15, 0.11, 0.12, 0.13, 0.15, 1.15, 1.11, 0.12, 0.13, 0.15, 0.11, 0.12, 0.13, 0.15, 1.15, 1.11, 0.12, 0.13, 0.15, 0.11, 0.12, 0.13, 0.15], "rho": [0.0, 0.0, 0.0, 0.0, 0.0, 0.0, 0.0, 0.0, 0.0, 0.0, 0.0, 0.0, 0.0, 0.0, 0.0, 0.0, 0.0, 0.0, 0.0, 0.0, 0.0, 0.0, 0.0, 0.0, 0.0, 0.0, 0.0, 0.0], "eta": 1.0, "T": 1.0}, "simulation": {"num_samples": 1024, "num_time_intervals": 10, "start": 0.0, "end": 1.0, "num_neurons": 4}, "optimal": 1.598311609167624, "0": {"ell": {"min": 0.0, "mean": 0.0, "median": 0.0, "max": 0.0, "std": 0.0}, "sigma": {"min": 2.0, "mean": 2.0, "median": 2.0, "max": 2.0, "std": 0.0}}, "1": {"ell": {"min": -1.0, "mean": -0.0021245368610365266, "median": 0.0, "max": 1.0, "std": 0.2397595391392344}, "sigma": {"min": 1.0, "mean": 1.9978754631389637, "median": 2.0, "max": 3.0, "std": 0.2397595391392344}}, "2": {"ell": {"min": -1.0, "mean": -0.006014141140806865, "median": 0.0, "max": 1.0, "std": 0.2871875479971814}, "sigma": {"min": 0.0, "mean": 1.9884367175575552, "median": 2.0, "max": 4.0, "std": 0.3640524265406014}}, "3": {"ell": {"min": -1.0, "mean": 0.002024432679319183, "median": 0.0, "max": 1.0, "std": 0.22927541069947346}, "sigma": {"min": -0.8220882550834201, "mean": 1.9911179642732884, "median": 2.0, "max": 5.0, "std": 0.3986491092118726}}, "4": {"ell": {"min": -1.0, "mean": -0.0008567237539685802, "median": 0.0, "max": 1.0, "std": 0.08616325519294488}, "sigma": {"min": -0.942022964797046, "mean": 1.9901812210596597, "median": 2.0, "max": 6.0, "std": 0.39382731576992125}}, "5": {"ell": {"min": -1.0, "mean": 0.00755115869105111, "median": -4.560999037045986e-16, "max": 1.0, "std": 0.37341877367908843}, "sigma": {"min": -1.551173935804472, "mean": 1.9996735058169697, "median": 1.9999999999999996, "max": 7.0, "std": 0.5280266809628056}}, "6": {"ell": {"min": -1.0, "mean": -0.019619420271968852, "median": 0.0, "max": 1.0, "std": 0.3323296149570063}, "sigma": {"min": -1.577438481133314, "mean": 1.9796405343277992, "median": 1.9999999999999998, "max": 7.0, "std": 0.6065310899958186}}, "7": {"ell": {"min": -1.0, "mean": -0.0038874480083195577, "median": 0.0, "max": 1.0, "std": 0.13641214901116874}, "sigma": {"min": -2.2991882420047283, "mean": 1.9670853990717003, "median": 1.9999999999999996, "max": 6.013526360309774, "std": 0.6242732015627815}}, "8": {"ell": {"min": -1.0, "mean": 0.0013250634248948793, "median": 0.0, "max": 1.0, "std": 0.1696936358893467}, "sigma": {"min": -1.4395394461906688, "mean": 1.966675986112373, "median": 1.9999999999999996, "max": 7.000000113528554, "std": 0.6186420450788334}}, "9": {"ell": {"min": -1.0, "mean": -0.004075729491611348, "median": 0.0, "max": 1.0, "std": 0.14479266943645575}, "sigma": {"min": -2.7527849426219833, "mean": 1.9620197858908892, "median": 1.9999999999999996, "max": 7.1378220835290955, "std": 0.634126710039811}}, "10": {"ell": {"min": -1.0, "mean": -0.0005694941586160191, "median": 0.0, "max": 1.0, "std": 0.08918450465198233}, "sigma": {"min": -2.250437707896654, "mean": 1.9611074074393557, "median": 1.9999999999999996, "max": 6.250299322391673, "std": 0.6475507371293838}}}