{"pde": {"dim": 2, "kappa": [0.0, 1.0, 0.8, 0.6, 0.4, 0.5, 0.3, 0.2, 0.1, 0.7], "theta": [0.0, 0.4, 0.2, 0.3, 0.4, 0.5, 0.4, 0.3, 0.2, 0.1], "nu": [0.0, 0.2, 0.15, 0.11, 0.12, 0.1, 0.13, 0.14, 0.14, 0.1], "lb": [0.0, 1.5, 1.11, 0.12, 0.13, 0.15, 0.11, 0.12, 0.13, 0.15], "rho": [0.0, 0.0, 0.0, 0.0, 0.0, 0.0, 0.0, 0.0, 0.0, 0.0], "eta": 0.5, "T": 1.0}, "simulation": {"num_samples": 1024, "num_time_intervals": 10, "start": 0.0, "end": 1.0, "num_neurons": 4}, "optimal": 3.0, "bounds": 8.0, "0": {"ell": {"min": 0.0, "mean": 0.0, "median": 0.0, "max": 0.0, "std": 0.0, "bound": 0.0}, "sigma": {"min": 1.7, "mean": 1.6999999999999997, "median": 1.7, "max": 1.7, "std": 2.2205544774091416e-16}}, "1": {"ell": {"min": 0.03621958267085548, "mean": 0.24015539654307333, "median": 0.1920218701553065, "max": 7.007242057463459, "std": 0.18823137045117017, "bound": 8.0}, "sigma": {"min": 1.7362195826708555, "mean": 1.9401553965430736, "median": 1.8920218701553064, "max": 8.707242057463459, "std": 0.18823137045117017}}, "2": {"ell": {"min": -8.0, "mean": 0.011521204272792103, "median": -0.025486754647783355, "max": 8.0, "std": 0.6504633636670719, "bound": 8.0}, "sigma": {"min": -6.272699777883528, "mean": 1.967163643328367, "median": 1.8518540941713286, "max": 17.7, "std": 0.728116075146041}}, "3": {"ell": {"min": -8.0, "mean": 0.3559237807312565, "median": 0.07801696247449624, "max": 8.0, "std": 1.3635437831180752, "bound": 8.0}, "sigma": {"min": -13.5918755623536, "mean": 2.321950963064817, "median": 1.9372019923837698, "max": 25.7, "std": 1.8241481435661664}}, "4": {"ell": {"min": -8.0, "mean": 0.0010487978495293602, "median": 0.0, "max": 8.0, "std": 0.44938078542259474, "bound": 8.0}, "sigma": {"min": -13.789160808070754, "mean": 2.258136621000922, "median": 1.9214822667268037, "max": 25.7, "std": 2.014888619706469}}, "5": {"ell": {"min": -8.0, "mean": -0.003983596137632187, "median": 0.0, "max": 8.0, "std": 0.8449921212374916, "bound": 8.0}, "sigma": {"min": -13.70796927269866, "mean": 2.2534507297703095, "median": 1.9204323067347224, "max": 26.571904805384936, "std": 2.1851226774325085}}, "6": {"ell": {"min": -8.0, "mean": -0.0381092823256768, "median": 0.0, "max": 8.0, "std": 1.4359637766435631, "bound": 8.0}, "sigma": {"min": -14.62384404892654, "mean": 2.2103569436305692, "median": 1.9152235738082748, "max": 36.13102706130428, "std": 2.655539738551371}}, "7": {"ell": {"min": -8.0, "mean": 0.0035950916364882123, "median": 0.0, "max": 8.0, "std": 0.5167425792316876, "bound": 8.0}, "sigma": {"min": -13.729646579772123, "mean": 2.2716275385449456, "median": 1.9125988760130241, "max": 34.72237052181067, "std": 2.7046454763444285}}, "8": {"ell": {"min": -8.0, "mean": 0.00042116837373377264, "median": 0.0, "max": 8.0, "std": 0.6041131477336552, "bound": 8.0}, "sigma": {"min": -21.360762905762876, "mean": 2.2442571344635476, "median": 1.911551966683956, "max": 33.57406455210689, "std": 2.673657957612903}}, "9": {"ell": {"min": -8.0, "mean": 0.002851300043454185, "median": 0.0, "max": 8.0, "std": 0.5007532020196751, "bound": 8.0}, "sigma": {"min": -20.9389188107729, "mean": 2.1745954468623325, "median": 1.911486100729438, "max": 37.14050426653425, "std": 2.8310039583477615}}, "10": {"ell": {"min": -8.0, "mean": -0.003026787436020621, "median": 0.0, "max": 8.0, "std": 0.6620298528952329, "bound": 8.0}}}