{"pde": {"dim": 2, "kappa": [0.0, 1.0, 0.8, 0.6, 0.4, 0.5, 0.3, 0.2, 0.1, 0.7], "theta": [0.0, 0.4, 0.2, 0.3, 0.4, 0.5, 0.4, 0.3, 0.2, 0.1], "nu": [0.0, 0.2, 0.15, 0.11, 0.12, 0.1, 0.13, 0.14, 0.14, 0.1], "lb": [0.0, 1.5, 1.11, 0.12, 0.13, 0.15, 0.11, 0.12, 0.13, 0.15], "rho": [0.0, 0.0, 0.0, 0.0, 0.0, 0.0, 0.0, 0.0, 0.0, 0.0], "eta": 0.5, "T": 1.0}, "simulation": {"num_samples": 1024, "num_time_intervals": 20, "start": 0.9, "end": 1.1, "num_neurons": 6}, "optimal": 3.0, "bounds": 0.5, "0": {"ell": {"min": 0.0, "mean": 0.0, "median": 0.0, "max": 0.0, "std": 0.0, "bound": 0.0}, "sigma": {"min": 3.0, "mean": 3.0, "median": 3.0, "max": 3.0, "std": 0.0}}, "1": {"ell": {"min": -0.5, "mean": 0.01622663381901477, "median": 0.011129166004980484, "max": 0.5, "std": 0.1405837533120314, "bound": 0.5}, "sigma": {"min": 2.5, "mean": 3.016226633819015, "median": 3.0111291660049804, "max": 3.5, "std": 0.14058375331203138}}, "2": {"ell": {"min": -0.5, "mean": 0.03562555899012264, "median": 0.05109559469388496, "max": 0.5, "std": 0.10635654260688736, "bound": 0.5}, "sigma": {"min": 2.0, "mean": 3.0504910352846406, "median": 3.0618488766342242, "max": 4.0, "std": 0.165687063271752}}, "3": {"ell": {"min": -0.5, "mean": 0.012529731300578375, "median": -0.0018623408038408729, "max": 0.5, "std": 0.10478269229110092, "bound": 0.5}, "sigma": {"min": 1.5485290693042053, "mean": 3.0610773823947772, "median": 3.0639914783918583, "max": 4.5, "std": 0.18414637094411285}}, "4": {"ell": {"min": -0.5, "mean": 0.0017394439942504003, "median": -0.006227432983881287, "max": 0.5, "std": 0.09488641140680533, "bound": 0.5}, "sigma": {"min": 1.6935762194909758, "mean": 3.0635092568599056, "median": 3.054431037115918, "max": 5.0, "std": 0.19125964371550125}}, "5": {"ell": {"min": -0.5, "mean": 0.02412713772802303, "median": 0.013024897170303557, "max": 0.5, "std": 0.09770795653156863, "bound": 0.5}, "sigma": {"min": 1.5, "mean": 3.088365022616578, "median": 3.075792568518688, "max": 5.5, "std": 0.24488500846886774}}}