{"pde": {"dim": 20, "kappa": [0.0, 1.0, 0.8, 0.6, 0.4, 0.5, 0.3, 0.2, 0.1, 0.7, 1.0, 0.8, 0.6, 0.4, 0.5, 0.3, 0.2, 0.1, 0.7, 1.0, 0.8, 0.6, 0.4, 0.5, 0.3, 0.2, 0.1, 0.7], "theta": [0.0, 0.1, 0.2, 0.3, 0.4, 0.5, 0.4, 0.3, 0.2, 0.1, 0.1, 0.2, 0.3, 0.4, 0.5, 0.4, 0.3, 0.2, 0.1, 0.1, 0.2, 0.3, 0.4, 0.5, 0.4, 0.3, 0.2, 0.1], "nu": [0.2, 0.15, 0.11, 0.12, 0.1, 0.13, 0.14, 0.14, 0.1, 0.2, 0.15, 0.11, 0.12, 0.1, 0.13, 0.14, 0.14, 0.1, 0.2, 0.15, 0.11, 0.12, 0.1, 0.13, 0.14, 0.14, 0.1], "lb": [0.0, 1.15, 1.11, 0.12, 0.13, 0.15, 0.11, 0.12, 0.13, 0.15, 1.15, 1.11, 0.12, 0.13, 0.15, 0.11, 0.12, 0.13, 0.15, 1.15, 1.11, 0.12, 0.13, 0.15, 0.11, 0.12, 0.13, 0.15], "rho": [0.0, 0.0, 0.0, 0.0, 0.0, 0.0, 0.0, 0.0, 0.0, 0.0, 0.0, 0.0, 0.0, 0.0, 0.0, 0.0, 0.0, 0.0, 0.0, 0.0, 0.0, 0.0, 0.0, 0.0, 0.0, 0.0, 0.0, 0.0], "eta": 2.0, "T": 1.0}, "simulation": {"num_samples": 16384, "num_time_intervals": 10, "start": 0.0, "end": 1.0, "num_neurons": 8}, "optimal": 1.2914236330499764, "bounds": [1.0, 1.0, 1.0, 1.0, 1.0, 1.0, 1.0, 1.0, 1.0, 1.0, 1.0], "0": {"ell": {"min": 0.0, "mean": 0.0, "median": 0.0, "max": 0.0, "std": 0.0}, "sigma": {"min": 2.0, "mean": 2.0, "median": 2.0, "max": 2.0, "std": 0.0}}, "1": {"ell": {"min": -1.0, "mean": -0.0009125737011482411, "median": 0.0, "max": 1.0, "std": 0.08473897250322426}, "sigma": {"min": 1.9488982942523763, "mean": 1.9990234416081702, "median": 1.999646432875836, "max": 2.0034290935809276, "std": 0.0025626134885582343}}, "2": {"ell": {"min": -1.0, "mean": -2.5857022996567646e-05, "median": 0.0, "max": 1.0, "std": 0.14321774165057058}}}