{"pde": {"dim": 10, "kappa": [0.0, 1.0, 0.8, 0.6, 0.4, 0.5, 0.3, 0.2, 0.1, 0.7], "theta": [0.0, 0.1, 0.2, 0.3, 0.4, 0.5, 0.4, 0.3, 0.2, 0.1], "nu": [0.2, 0.15, 0.11, 0.12, 0.1, 0.13, 0.14, 0.14, 0.1], "lb": [0.0, 1.15, 1.11, 0.12, 0.13, 0.15, 0.11, 0.12, 0.13, 0.15], "rho": [0.0, 0.0, 0.0, 0.0, 0.0, 0.0, 0.0, 0.0, 0.0, 0.0], "eta": 1.0, "T": 1.0}, "simulation": {"num_samples": 1024, "num_time_intervals": 10, "start": 0.0, "end": 1.0, "num_neurons": 4}, "optimal": 1.6353287131338459, "0": {"ell": {"min": 1.35, "mean": 1.35, "median": 1.35, "max": 1.35, "std": 0.0}}, "1": {"ell": {"min": 1.25, "mean": 1.3734498219037943, "median": 1.3587025354312887, "max": 1.4500000000000002, "std": 0.060045707979402264}}, "2": {"ell": {"min": 1.15, "mean": 1.4419989024859097, "median": 1.4282666903387655, "max": 1.5500000000000003, "std": 0.06771913051011973}}, "3": {"ell": {"min": 1.0499999999999998, "mean": 1.4937704676263663, "median": 1.4757383615806634, "max": 1.6500000000000004, "std": 0.08688818616452242}}, "4": {"ell": {"min": 0.9499999999999998, "mean": 1.4863071848395604, "median": 1.463408971133065, "max": 1.7500000000000004, "std": 0.1162577353218098}}, "5": {"ell": {"min": 1.0499999999999998, "mean": 1.5533186651173438, "median": 1.5378799686704756, "max": 1.8500000000000005, "std": 0.10656798047658718}}, "6": {"ell": {"min": 0.9333333333333332, "mean": 1.5838382516009524, "median": 1.5704351531416443, "max": 1.9333333333333338, "std": 0.11558802729497368}}, "7": {"ell": {"min": 0.895238095238095, "mean": 1.566615318006968, "median": 1.5443016796686726, "max": 2.004761904761905, "std": 0.12950583708667657}}}