{"pde": {"dim": 20, "kappa": [0.0, 1.0, 0.8, 0.6, 0.4, 0.5, 0.3, 0.2, 0.1, 0.7, 1.0, 0.8, 0.6, 0.4, 0.5, 0.3, 0.2, 0.1, 0.7, 1.0, 0.8, 0.6, 0.4, 0.5, 0.3, 0.2, 0.1, 0.7], "theta": [0.0, 0.1, 0.2, 0.3, 0.4, 0.5, 0.4, 0.3, 0.2, 0.1, 0.1, 0.2, 0.3, 0.4, 0.5, 0.4, 0.3, 0.2, 0.1, 0.1, 0.2, 0.3, 0.4, 0.5, 0.4, 0.3, 0.2, 0.1], "nu": [0.2, 0.15, 0.11, 0.12, 0.1, 0.13, 0.14, 0.14, 0.1, 0.2, 0.15, 0.11, 0.12, 0.1, 0.13, 0.14, 0.14, 0.1, 0.2, 0.15, 0.11, 0.12, 0.1, 0.13, 0.14, 0.14, 0.1], "lb": [0.0, 1.15, 1.11, 0.12, 0.13, 0.15, 0.11, 0.12, 0.13, 0.15, 1.15, 1.11, 0.12, 0.13, 0.15, 0.11, 0.12, 0.13, 0.15, 1.15, 1.11, 0.12, 0.13, 0.15, 0.11, 0.12, 0.13, 0.15], "rho": [0.0, 0.0, 0.0, 0.0, 0.0, 0.0, 0.0, 0.0, 0.0, 0.0, 0.0, 0.0, 0.0, 0.0, 0.0, 0.0, 0.0, 0.0, 0.0, 0.0, 0.0, 0.0, 0.0, 0.0, 0.0, 0.0, 0.0, 0.0], "eta": 2.0, "T": 1.0}, "simulation": {"num_samples": 16384, "num_time_intervals": 10, "start": 0.0, "end": 1.0, "num_neurons": 8}, "optimal": 1.2914236330499764, "bounds": [1.0, 1.0, 1.0, 1.0, 1.0, 1.0, 1.0, 1.0, 1.0, 1.0, 1.0], "0": {"ell": {"min": 0.0, "mean": 0.0, "median": 0.0, "max": 0.0, "std": 0.0}, "sigma": {"min": 2.0, "mean": 2.0, "median": 2.0, "max": 2.0, "std": 0.0}}, "1": {"ell": {"min": -1.0, "mean": -0.0009125737011482411, "median": 0.0, "max": 1.0, "std": 0.08473897250322426}, "sigma": {"min": 1.9488982942523763, "mean": 1.9990234416081702, "median": 1.999646432875836, "max": 2.0034290935809276, "std": 0.0025626134885582343}}, "2": {"ell": {"min": -1.0, "mean": -2.5857022996567646e-05, "median": 0.0, "max": 1.0, "std": 0.14321774165057058}, "sigma": {"min": 1.9269635023262732, "mean": 1.9983074127491811, "median": 1.9994665486770478, "max": 2.0091647026938033, "std": 0.00519637410508299}}, "3": {"ell": {"min": -1.0, "mean": -0.0012629981333380713, "median": 0.0, "max": 1.0, "std": 0.17718196940346873}, "sigma": {"min": 1.8826020613088892, "mean": 1.996951212872916, "median": 1.9980476179797135, "max": 2.0151200178230617, "std": 0.005866000322869039}}, "4": {"ell": {"min": -1.0, "mean": 3.083898943173221e-05, "median": 0.0, "max": 1.0, "std": 0.10223798401174397}, "sigma": {"min": 1.9067969346995566, "mean": 1.9969546540159944, "median": 1.9981931582970012, "max": 2.007846148352795, "std": 0.006052089924220047}}, "5": {"ell": {"min": -1.0, "mean": 0.00042407028579403777, "median": 0.0, "max": 1.0, "std": 0.16247204330584838}, "sigma": {"min": 1.8949354549041155, "mean": 1.9975228433745205, "median": 1.9986154903408728, "max": 2.011130037876422, "std": 0.00637903691154342}}, "6": {"ell": {"min": -1.0, "mean": -0.0007912885983406674, "median": 0.0, "max": 1.0, "std": 0.10475319168412696}, "sigma": {"min": 1.8649898943875498, "mean": 1.9971148628099016, "median": 1.998437554050832, "max": 2.0110939993529926, "std": 0.006724000017345775}}, "7": {"ell": {"min": -1.0, "mean": -0.00025400792665646824, "median": 0.0, "max": 1.0, "std": 0.05733563896875535}, "sigma": {"min": 1.784264795094489, "mean": 1.997126534318967, "median": 1.998793087536999, "max": 2.005760302788049, "std": 0.0065055431740063665}}, "8": {"ell": {"min": -1.0, "mean": -0.0001705546277626783, "median": 0.0, "max": 1.0, "std": 0.1140373950508113}, "sigma": {"min": 1.8510772264794706, "mean": 1.9963638164370168, "median": 1.99767159034522, "max": 2.002609248664032, "std": 0.005013820402273079}}, "9": {"ell": {"min": -1.0, "mean": 0.0002215783342254996, "median": 0.0, "max": 1.0, "std": 0.1043782932503758}, "sigma": {"min": 1.8961014893424217, "mean": 1.9968172037783805, "median": 1.9982524480746242, "max": 2.006520649957592, "std": 0.0058210656052222285}}, "10": {"ell": {"min": -1.0, "mean": -0.00015361122004416432, "median": 0.0, "max": 1.0, "std": 0.07963055577465089}, "sigma": {"min": 1.8482837358475526, "mean": 1.997193218115371, "median": 1.998697428034701, "max": 2.010383814259366, "std": 0.006832938985375619}}}