{"pde": {"dim": 5, "kappa": [0.0, 1.0, 0.8, 0.6, 0.4, 0.5, 0.3, 0.2, 0.1, 0.7], "theta": [0.0, 0.1, 0.2, 0.3, 0.4, 0.5, 0.4, 0.3, 0.2, 0.1], "nu": [0.2, 0.15, 0.11, 0.12, 0.1, 0.13, 0.14, 0.14, 0.1], "lb": [0.0, 1.15, 1.11, 0.12, 0.13, 0.15, 0.11, 0.12, 0.13, 0.15], "rho": [0.0, 0.0, 0.0, 0.0, 0.0, 0.0, 0.0, 0.0, 0.0, 0.0], "eta": 1.0, "T": 1.0}, "simulation": {"num_samples": 256, "num_time_intervals": 10, "start": 0.0, "end": 1.0, "num_neurons": 4}, "optimal": 1.6080733814101893, "0": {"ell": {"min": 0.0, "mean": 0.0, "median": 0.0, "max": 0.0, "std": 0.0}, "sigma": {"min": 1.35, "mean": 1.3500000000000003, "median": 1.35, "max": 1.35, "std": 2.2208798572156224e-16}}, "1": {"ell": {"min": -0.1, "mean": -0.039115020897235196, "median": -0.09077927151484477, "max": 0.1, "std": 0.07633063329096569}, "sigma": {"min": 1.25, "mean": 1.3108849791027648, "median": 1.2592207284851553, "max": 1.4500000000000002, "std": 0.07633063329096572}}, "2": {"ell": {"min": -0.1, "mean": 0.004791764179349364, "median": -0.011460326351692987, "max": 0.1, "std": 0.08116025054399718}, "sigma": {"min": 1.15, "mean": 1.317204736042086, "median": 1.3416018902207643, "max": 1.5500000000000003, "std": 0.11260610953320678}}, "3": {"ell": {"min": -0.1, "mean": -0.04697584678509945, "median": -0.0648622165246596, "max": 0.1, "std": 0.06389190186951854}, "sigma": {"min": 1.0499999999999998, "mean": 1.2693191834002884, "median": 1.25, "max": 1.6500000000000004, "std": 0.13248081253592134}}, "4": {"ell": {"min": -0.1, "mean": 0.009208259962880005, "median": -0.008238393765803598, "max": 0.1, "std": 0.06996221582513423}, "sigma": {"min": 0.9499999999999998, "mean": 1.2642796200065578, "median": 1.2360050983973256, "max": 1.7500000000000004, "std": 0.14404357984062513}}, "5": {"ell": {"min": -0.05, "mean": -0.02779857628479978, "median": -0.034746796323924356, "max": 0.05, "std": 0.029103820835522216}, "sigma": {"min": 0.8999999999999998, "mean": 1.2401645671840147, "median": 1.2146276459563594, "max": 1.8000000000000005, "std": 0.15211055964570214}}, "6": {"ell": {"min": -0.041666666666666664, "mean": 0.002112539716896173, "median": -0.0011883335272389293, "max": 0.041666666666666664, "std": 0.030440094236526896}, "sigma": {"min": 0.8583333333333332, "mean": 1.2333884684930012, "median": 1.2084979834726088, "max": 1.8416666666666672, "std": 0.13959932384712526}}, "7": {"ell": {"min": -0.03571428571428571, "mean": 0.031064419958531857, "median": 0.03571428571428571, "max": 0.03571428571428571, "std": 0.01594456731363071}, "sigma": {"min": 0.8226190476190475, "mean": 1.2644790827156889, "median": 1.2386641006568408, "max": 1.8625829629048716, "std": 0.14434809902673687}}, "8": {"ell": {"min": -0.03125, "mean": 0.02191233730360609, "median": 0.03125, "max": 0.03125, "std": 0.022024122574280273}, "sigma": {"min": 0.9252976190476189, "mean": 1.2924358829960876, "median": 1.2719103958714595, "max": 1.8653889764150404, "std": 0.1376525383870333}}, "9": {"ell": {"min": -0.027777777777777776, "mean": 0.0010202798548402073, "median": 5.814142297873189e-11, "max": 0.027777777777777776, "std": 0.011951119281525879}, "sigma": {"min": 0.8350198412698411, "mean": 1.2918665806300464, "median": 1.2708112873385788, "max": 1.9086258280729669, "std": 0.13546695319794763}}, "10": {"ell": {"min": -0.025, "mean": -0.015560826577592921, "median": -0.025, "max": 0.025, "std": 0.015202261533953315}, "sigma": {"min": 0.8385912698412697, "mean": 1.2854544364753244, "median": 1.2681102752202333, "max": 1.8836309509690832, "std": 0.14414855822173125}}}