{"pde": {"dim": 10, "kappa": [0.0, 1.0, 0.8, 0.6, 0.4, 0.5, 0.3, 0.2, 0.1, 0.7, 1.0, 0.8, 0.6, 0.4, 0.5, 0.3, 0.2, 0.1, 0.7, 1.0, 0.8, 0.6, 0.4, 0.5, 0.3, 0.2, 0.1, 0.7], "theta": [0.0, 0.1, 0.2, 0.3, 0.4, 0.5, 0.4, 0.3, 0.2, 0.1, 0.1, 0.2, 0.3, 0.4, 0.5, 0.4, 0.3, 0.2, 0.1, 0.1, 0.2, 0.3, 0.4, 0.5, 0.4, 0.3, 0.2, 0.1], "nu": [0.2, 0.15, 0.11, 0.12, 0.1, 0.13, 0.14, 0.14, 0.1, 0.2, 0.15, 0.11, 0.12, 0.1, 0.13, 0.14, 0.14, 0.1, 0.2, 0.15, 0.11, 0.12, 0.1, 0.13, 0.14, 0.14, 0.1], "lb": [0.0, 1.15, 1.11, 0.12, 0.13, 0.15, 0.11, 0.12, 0.13, 0.15, 1.15, 1.11, 0.12, 0.13, 0.15, 0.11, 0.12, 0.13, 0.15, 1.15, 1.11, 0.12, 0.13, 0.15, 0.11, 0.12, 0.13, 0.15], "rho": [0.0, 0.0, 0.0, 0.0, 0.0, 0.0, 0.0, 0.0, 0.0, 0.0, 0.0, 0.0, 0.0, 0.0, 0.0, 0.0, 0.0, 0.0, 0.0, 0.0, 0.0, 0.0, 0.0, 0.0, 0.0, 0.0, 0.0, 0.0], "eta": 1.0, "T": 1.0}, "simulation": {"num_samples": 4096, "num_time_intervals": 10, "start": 0.0, "end": 1.0, "num_neurons": 4}, "optimal": 1.6353287131338459, "bounds": [0.5, 0.5, 0.5, 0.5, 0.5, 0.5, 0.5, 0.5, 0.5, 0.5, 0.5], "0": {"ell": {"min": 0.0, "mean": 0.0, "median": 0.0, "max": 0.0, "std": 0.0}, "sigma": {"min": 1.0, "mean": 1.0, "median": 1.0, "max": 1.0, "std": 0.0}}, "1": {"ell": {"min": -0.5, "mean": 0.2389882215352813, "median": 0.1918106656846985, "max": 0.5, "std": 0.14868309524475135}, "sigma": {"min": 0.9235726374217856, "mean": 1.2307106516118949, "median": 1.1844632620495714, "max": 1.5801459120414212, "std": 0.1455176032566805}}, "2": {"ell": {"min": -0.5, "mean": 0.11473050312613611, "median": 0.10814988878786225, "max": 0.5, "std": 0.1128611317698109}, "sigma": {"min": 1.0873993301594065, "mean": 1.3419717550300831, "median": 1.3039405467512675, "max": 1.8190882887228048, "std": 0.1461671743529608}}, "3": {"ell": {"min": -0.5, "mean": 0.06549920251913459, "median": 0.07726544389408496, "max": 0.5, "std": 0.14640612219141083}, "sigma": {"min": 1.0614643253345664, "mean": 1.4004414686672655, "median": 1.4099789920557857, "max": 1.5762475388455854, "std": 0.12539885421964808}}, "4": {"ell": {"min": -0.5, "mean": 0.15012097111741562, "median": 0.20896471090889007, "max": 0.5, "std": 0.17004566458793835}, "sigma": {"min": 1.052294853196138, "mean": 1.543126803868287, "median": 1.5506473347334089, "max": 1.9951668932549218, "std": 0.11212948534763659}}, "5": {"ell": {"min": -0.5, "mean": -0.03974523935320179, "median": -0.00880737437352691, "max": 0.5, "std": 0.22801626661975288}, "sigma": {"min": 0.8690128242619859, "mean": 1.4870279417124064, "median": 1.5135909954200892, "max": 2.2784903607727336, "std": 0.15603722429564065}}, "6": {"ell": {"min": -0.5, "mean": -0.04442737055755226, "median": -0.03189832282780053, "max": 0.5, "std": 0.2149938576024835}, "sigma": {"min": 1.0723628648876746, "mean": 1.4360054505557749, "median": 1.4589809495037467, "max": 2.1095138652946956, "std": 0.15306895575256452}}, "7": {"ell": {"min": -0.5, "mean": -0.02856663405666906, "median": -0.03416476527315164, "max": 0.5, "std": 0.21316075870330956}, "sigma": {"min": 0.8466281125808905, "mean": 1.400290692507704, "median": 1.431490085714456, "max": 2.5044775426245893, "std": 0.1846851975545561}}, "8": {"ell": {"min": -0.5, "mean": 0.1793581470120536, "median": 0.13560227327396296, "max": 0.5, "std": 0.21971751148626392}, "sigma": {"min": 0.9492010411974667, "mean": 1.573051370890798, "median": 1.5426722183742079, "max": 2.287121462789469, "std": 0.12309676878751796}}, "9": {"ell": {"min": -0.5, "mean": 0.03001555968385423, "median": 0.003096741570474709, "max": 0.5, "std": 0.18429943134810836}, "sigma": {"min": 0.875557191782135, "mean": 1.5937598714504952, "median": 1.5516227406286325, "max": 2.727526386370076, "std": 0.17887146188382516}}, "10": {"ell": {"min": -0.5, "mean": 0.10229646964220596, "median": 0.08583147973282934, "max": 0.5, "std": 0.22959844609026875}, "sigma": {"min": 0.5585204825879476, "mean": 1.6808220444232873, "median": 1.6950975444906944, "max": 2.1548730171371067, "std": 0.21103865657227286}}}