{"pde": {"dim": 10, "kappa": [0.0, 1.0, 0.8, 0.6, 0.4, 0.5, 0.3, 0.2, 0.1, 0.7, 1.0, 0.8, 0.6, 0.4, 0.5, 0.3, 0.2, 0.1, 0.7, 1.0, 0.8, 0.6, 0.4, 0.5, 0.3, 0.2, 0.1, 0.7], "theta": [0.0, 0.1, 0.2, 0.3, 0.4, 0.5, 0.4, 0.3, 0.2, 0.1, 0.1, 0.2, 0.3, 0.4, 0.5, 0.4, 0.3, 0.2, 0.1, 0.1, 0.2, 0.3, 0.4, 0.5, 0.4, 0.3, 0.2, 0.1], "nu": [0.2, 0.15, 0.11, 0.12, 0.1, 0.13, 0.14, 0.14, 0.1, 0.2, 0.15, 0.11, 0.12, 0.1, 0.13, 0.14, 0.14, 0.1, 0.2, 0.15, 0.11, 0.12, 0.1, 0.13, 0.14, 0.14, 0.1], "lb": [0.0, 1.15, 1.11, 0.12, 0.13, 0.15, 0.11, 0.12, 0.13, 0.15, 1.15, 1.11, 0.12, 0.13, 0.15, 0.11, 0.12, 0.13, 0.15, 1.15, 1.11, 0.12, 0.13, 0.15, 0.11, 0.12, 0.13, 0.15], "rho": [0.0, 0.0, 0.0, 0.0, 0.0, 0.0, 0.0, 0.0, 0.0, 0.0, 0.0, 0.0, 0.0, 0.0, 0.0, 0.0, 0.0, 0.0, 0.0, 0.0, 0.0, 0.0, 0.0, 0.0, 0.0, 0.0, 0.0, 0.0], "eta": 1.0, "T": 1.0}, "simulation": {"num_samples": 16384, "num_time_intervals": 10, "start": 0.0, "end": 1.0, "num_neurons": 6}, "optimal": 1.6353287131338459, "bounds": [1.0, 1.0, 1.0, 1.0, 1.0, 1.0, 1.0, 1.0, 1.0, 1.0, 1.0], "0": {"ell": {"min": 0.0, "mean": 0.0, "median": 0.0, "max": 0.0, "std": 0.0}, "sigma": {"min": 1.7, "mean": 1.6999999999999997, "median": 1.7, "max": 1.7, "std": 2.2204528255449105e-16}}, "1": {"ell": {"min": -1.0, "mean": 0.1604293033545864, "median": 0.3138829512954765, "max": 1.0, "std": 0.4583362742690642}, "sigma": {"min": 0.3450132609655069, "mean": 1.8119622368829629, "median": 1.9572879938224097, "max": 3.1621867552988787, "std": 0.3628470732714721}}, "2": {"ell": {"min": -1.0, "mean": 0.13059656951963955, "median": 0.02921936621297543, "max": 1.0, "std": 0.48985096800111577}, "sigma": {"min": 0.7866170557287246, "mean": 1.908510437874589, "median": 1.9198746716377877, "max": 3.1913002305308615, "std": 0.4424546832170453}}, "3": {"ell": {"min": -1.0, "mean": -0.032248708620285754, "median": -0.020036641779636905, "max": 1.0, "std": 0.4395989511123356}, "sigma": {"min": 0.447757391885628, "mean": 1.8550765063991244, "median": 1.8881002873811816, "max": 3.450135479870347, "std": 0.43669424600702234}}, "4": {"ell": {"min": -1.0, "mean": 0.09666172553595201, "median": 0.118539314081621, "max": 1.0, "std": 0.3880434807161647}}}