{"pde": {"dim": 2, "kappa": [0.0, 1.0, 0.8, 0.6, 0.4, 0.5, 0.3, 0.2, 0.1, 0.7, 1.0, 0.8, 0.6, 0.4, 0.5, 0.3, 0.2, 0.1, 0.7, 1.0, 0.8, 0.6, 0.4, 0.5, 0.3, 0.2, 0.1, 0.7], "theta": [0.0, 0.1, 0.2, 0.3, 0.4, 0.5, 0.4, 0.3, 0.2, 0.1, 0.1, 0.2, 0.3, 0.4, 0.5, 0.4, 0.3, 0.2, 0.1, 0.1, 0.2, 0.3, 0.4, 0.5, 0.4, 0.3, 0.2, 0.1], "nu": [0.0, 0.2, 0.15, 0.11, 0.12, 0.1, 0.13, 0.14, 0.14, 0.1, 0.2, 0.15, 0.11, 0.12, 0.1, 0.13, 0.14, 0.14, 0.1, 0.2, 0.15, 0.11, 0.12, 0.1, 0.13, 0.14, 0.14, 0.1], "lb": [0.0, 0.6, 1.11, 0.12, 0.13, 0.15, 0.11, 0.12, 0.13, 0.15, 1.15, 1.11, 0.12, 0.13, 0.15, 0.11, 0.12, 0.13, 0.15, 1.15, 1.11, 0.12, 0.13, 0.15, 0.11, 0.12, 0.13, 0.15], "rho": [0.0, 0.0, 0.0, 0.0, 0.0, 0.0, 0.0, 0.0, 0.0, 0.0, 0.0, 0.0, 0.0, 0.0, 0.0, 0.0, 0.0, 0.0, 0.0, 0.0, 0.0, 0.0, 0.0, 0.0, 0.0, 0.0, 0.0, 0.0], "eta": 0.5, "T": 1.0}, "simulation": {"num_samples": 4096, "num_time_intervals": 20, "start": 0.9, "end": 1.1, "num_neurons": 6}, "optimal": 1.2, "0": {"ell": {"min": 0.0, "mean": 0.0, "median": 0.0, "max": 0.0, "std": 0.0}, "sigma": {"min": 0.6, "mean": 0.5999999999999999, "median": 0.6, "max": 0.6, "std": 1.1102298009507737e-16}}, "1": {"ell": {"min": 0.02934885502985527, "mean": 0.08576024759986386, "median": 0.08202484445507932, "max": 0.5971260728141359, "std": 0.020983518012905135, "bound": 8.0}, "sigma": {"min": 0.6478629693450239, "mean": 0.6864840608480532, "median": 0.6791815053007537, "max": 1.0297077362642393, "std": 0.026222083032089442}}, "2": {"ell": {"min": 0.028189985370972497, "mean": 0.0744456207060871, "median": 0.07403226068540421, "max": 0.16786814410324108, "std": 0.011315778814401095, "bound": 0.16786814410324108}, "sigma": {"min": 0.6848232567762006, "mean": 0.762038441068217, "median": 0.7515915936706238, "max": 1.0988915193532351, "std": 0.04039707830077235}}, "3": {"ell": {"min": -0.017479137642565756, "mean": 0.06595567633017288, "median": 0.06631002969030474, "max": 0.09052623051520876, "std": 0.007602962613530659, "bound": 0.09052623051520876}, "sigma": {"min": 0.7420916957104577, "mean": 0.8289993586593554, "median": 0.8182152058776171, "max": 1.0969239636507, "std": 0.048590026730826484}}, "4": {"ell": {"min": -0.06082370090824527, "mean": 0.05295210287716033, "median": 0.054203822299827675, "max": 0.06082370090824527, "std": 0.006260359857264432, "bound": 0.06082370090824527}, "sigma": {"min": 0.7596904961319937, "mean": 0.8825365270930188, "median": 0.8723681350635386, "max": 1.124534301552663, "std": 0.053835953523079835}}, "5": {"ell": {"min": -0.05008287885811546, "mean": 0.04355904487503702, "median": 0.04413041749236975, "max": 0.05008287885811546, "std": 0.004789297416764621, "bound": 0.05008287885811546}, "sigma": {"min": 0.7937968706224803, "mean": 0.9264222087589445, "median": 0.9155912826270561, "max": 1.1438663647082008, "std": 0.05743645713470806}}, "6": {"ell": {"min": -0.031399338448421354, "mean": 0.035636171482901886, "median": 0.036442517177446995, "max": 0.038314379334116966, "std": 0.00344204697995732, "bound": 0.038314379334116966}, "sigma": {"min": 0.8032749063508294, "mean": 0.9622447050501556, "median": 0.951663480142742, "max": 1.157962908613956, "std": 0.05740374114863992}}, "7": {"ell": {"min": -0.02753637583965856, "mean": 0.0264150784955458, "median": 0.02753637583965856, "max": 0.02753637583965856, "std": 0.00375338465281391, "bound": 0.02753637583965856}, "sigma": {"min": 0.8384210205039382, "mean": 0.9888803521351341, "median": 0.9796699603272225, "max": 1.1861277822763558, "std": 0.05657737329791138}}, "8": {"ell": {"min": -0.03002707722251128, "mean": 0.024965268817607744, "median": 0.024740681065991033, "max": 0.03002707722251128, "std": 0.004601581981528214, "bound": 0.03002707722251128}, "sigma": {"min": 0.8827332392249425, "mean": 1.0138838341501137, "median": 1.0033785945416935, "max": 1.1926893666627563, "std": 0.055361629118329675}}, "9": {"ell": {"min": -0.03681265585222571, "mean": 0.02721833230344899, "median": 0.029533155295355787, "max": 0.03681265585222571, "std": 0.009359271268858497, "bound": 0.03681265585222571}, "sigma": {"min": 0.8969113296330009, "mean": 1.0412365912135062, "median": 1.035444136155201, "max": 1.202126108569239, "std": 0.04949981657569457}}, "10": {"ell": {"min": -0.06769892660228294, "mean": 0.02095630898843031, "median": 0.023263940937274463, "max": 0.07487417015086797, "std": 0.006430511826776914, "bound": 0.07487417015086797}, "sigma": {"min": 0.9059566732854567, "mean": 1.062154895769079, "median": 1.0590264980080129, "max": 1.2025546485876593, "std": 0.04588880839459344}}}