{"pde": {"dim": 2, "kappa": [0.0, 1.0, 0.8, 0.6, 0.4, 0.5, 0.3, 0.2, 0.1, 0.7], "theta": [0.0, 0.4, 0.2, 0.3, 0.4, 0.5, 0.4, 0.3, 0.2, 0.1], "nu": [0.0, 0.2, 0.15, 0.11, 0.12, 0.1, 0.13, 0.14, 0.14, 0.1], "lb": [0.0, 1.5, 1.11, 0.12, 0.13, 0.15, 0.11, 0.12, 0.13, 0.15], "rho": [0.0, 0.0, 0.0, 0.0, 0.0, 0.0, 0.0, 0.0, 0.0, 0.0], "eta": 0.5, "T": 1.0}, "simulation": {"num_samples": 1024, "num_time_intervals": 20, "start": 0.9, "end": 1.1, "num_neurons": 6}, "optimal": 3.0, "bounds": 4.0, "0": {"ell": {"min": 0.0, "mean": 0.0, "median": 0.0, "max": 0.0, "std": 0.0, "bound": 0.0}, "sigma": {"min": 3.0, "mean": 3.0, "median": 3.0, "max": 3.0, "std": 0.0}}, "1": {"ell": {"min": -4.0, "mean": 0.04291779951333998, "median": 0.020819822599541876, "max": 4.0, "std": 0.24834613862023305, "bound": 4.0}, "sigma": {"min": -1.0, "mean": 3.04291779951334, "median": 3.0208198225995417, "max": 7.0, "std": 0.24834613862023308}}, "2": {"ell": {"min": -3.5, "mean": 0.0914592524276624, "median": 0.014557124233410879, "max": 3.5, "std": 0.6672973719127031, "bound": 3.5}, "sigma": {"min": -0.6000917068487768, "mean": 3.13061325032744, "median": 3.054056306662113, "max": 10.5, "std": 0.6862095994452676}}, "3": {"ell": {"min": -3.0, "mean": 0.006583980598821762, "median": -0.010710206328250732, "max": 3.0, "std": 0.7413535414085425, "bound": 3.0}, "sigma": {"min": -3.589155372292881, "mean": 3.0460416180219063, "median": 3.0465756195968123, "max": 13.5, "std": 0.5791770264092769}}, "4": {"ell": {"min": -2.5, "mean": 0.035287280821287036, "median": 0.030823424001152455, "max": 2.5, "std": 0.4613615003203328, "bound": 2.5}, "sigma": {"min": -4.706439715967471, "mean": 3.0714588085592993, "median": 3.07644714933986, "max": 16.0, "std": 0.6304936621562568}}, "5": {"ell": {"min": -2.0, "mean": 0.004158244151929586, "median": 0.0, "max": 2.0, "std": 0.19167800464820947, "bound": 2.0}, "sigma": {"min": -6.363624004682079, "mean": 3.0378599681144793, "median": 3.0750895558671565, "max": 16.0, "std": 0.6502575493324598}}}