{"pde": {"dim": 20, "kappa": [0.0, 1.0, 0.8, 0.6, 0.4, 0.5, 0.3, 0.2, 0.1, 0.7, 1.0, 0.8, 0.6, 0.4, 0.5, 0.3, 0.2, 0.1, 0.7, 1.0, 0.8, 0.6, 0.4, 0.5, 0.3, 0.2, 0.1, 0.7], "theta": [0.0, 0.1, 0.2, 0.3, 0.4, 0.5, 0.4, 0.3, 0.2, 0.1, 0.1, 0.2, 0.3, 0.4, 0.5, 0.4, 0.3, 0.2, 0.1, 0.1, 0.2, 0.3, 0.4, 0.5, 0.4, 0.3, 0.2, 0.1], "nu": [0.2, 0.15, 0.11, 0.12, 0.1, 0.13, 0.14, 0.14, 0.1, 0.2, 0.15, 0.11, 0.12, 0.1, 0.13, 0.14, 0.14, 0.1, 0.2, 0.15, 0.11, 0.12, 0.1, 0.13, 0.14, 0.14, 0.1], "lb": [0.0, 1.15, 1.11, 0.12, 0.13, 0.15, 0.11, 0.12, 0.13, 0.15, 1.15, 1.11, 0.12, 0.13, 0.15, 0.11, 0.12, 0.13, 0.15, 1.15, 1.11, 0.12, 0.13, 0.15, 0.11, 0.12, 0.13, 0.15], "rho": [0.0, 0.0, 0.0, 0.0, 0.0, 0.0, 0.0, 0.0, 0.0, 0.0, 0.0, 0.0, 0.0, 0.0, 0.0, 0.0, 0.0, 0.0, 0.0, 0.0, 0.0, 0.0, 0.0, 0.0, 0.0, 0.0, 0.0, 0.0], "eta": 2.0, "T": 1.0}, "simulation": {"num_samples": 4096, "num_time_intervals": 10, "start": 0.0, "end": 1.0, "num_neurons": 5}, "optimal": 1.2914236330499764, "bounds": [1.0, 1.0, 1.0, 1.0, 1.0, 1.0, 1.0, 1.0, 1.0, 1.0, 1.0], "0": {"ell": {"min": 0.0, "mean": 0.0, "median": 0.0, "max": 0.0, "std": 0.0}, "sigma": {"min": 2.0, "mean": 2.0, "median": 2.0, "max": 2.0, "std": 0.0}}, "1": {"ell": {"min": -1.0, "mean": -0.0011396267447921905, "median": 0.0, "max": 1.0, "std": 0.1221336008439358}, "sigma": {"min": 1.9628027758832876, "mean": 1.9997115971503259, "median": 2.0005240896239425, "max": 2.00588725466685, "std": 0.0037225927605546274}}, "2": {"ell": {"min": -1.0, "mean": -0.0010127256410179548, "median": 0.0, "max": 1.0, "std": 0.12822161107632135}, "sigma": {"min": 1.74989177184099, "mean": 1.99906823100403, "median": 2.0006233885615825, "max": 2.0152300836092603, "std": 0.00901293947886128}}, "3": {"ell": {"min": -1.0, "mean": 0.0003267984697756991, "median": 0.0, "max": 1.0, "std": 0.16958725198573268}, "sigma": {"min": 1.8372219177614573, "mean": 1.9978484239196146, "median": 1.999721712897234, "max": 2.0082145612210898, "std": 0.0075196653490784944}}, "4": {"ell": {"min": -1.0, "mean": -0.0017212851549125753, "median": 0.0, "max": 1.0, "std": 0.11567020053352348}, "sigma": {"min": 1.8348244676632852, "mean": 1.9960821454009203, "median": 1.9981959635234228, "max": 2.010295939154992, "std": 0.009282792811762869}}, "5": {"ell": {"min": -1.0, "mean": -0.0012279506731736902, "median": 0.0, "max": 1.0, "std": 0.13711023356173552}, "sigma": {"min": 1.8321827127304318, "mean": 1.995658442828311, "median": 1.9984258426291044, "max": 2.0123025490037048, "std": 0.010845123464227467}}, "6": {"ell": {"min": -1.0, "mean": 9.953416982676523e-05, "median": 0.0, "max": 1.0, "std": 0.12269146461457021}, "sigma": {"min": 1.4983880557358185, "mean": 1.9960505808169213, "median": 1.9987751764349815, "max": 2.0076736665049664, "std": 0.010113341557812617}}, "7": {"ell": {"min": -1.0, "mean": -6.2278162842308894e-06, "median": 0.0, "max": 1.0, "std": 0.11779195306861093}, "sigma": {"min": 1.9574566114153824, "mean": 1.9976678612783985, "median": 1.998681053936098, "max": 2.003787379507062, "std": 0.004119830062450281}}, "8": {"ell": {"min": -1.0, "mean": -0.0004102131806232225, "median": 0.0, "max": 1.0, "std": 0.1561746791624067}, "sigma": {"min": 1.9015382745478138, "mean": 1.9970843489939418, "median": 1.9987615800840195, "max": 2.0107244833599456, "std": 0.007165619535839858}}, "9": {"ell": {"min": -1.0, "mean": -0.000652358268571633, "median": 0.0, "max": 1.0, "std": 0.14048735771112358}, "sigma": {"min": 1.7016308736822268, "mean": 1.9965768123727468, "median": 1.9986665959797847, "max": 2.0117547552625314, "std": 0.009695103022496005}}, "10": {"ell": {"min": -1.0, "mean": -0.0005242850519111659, "median": 0.0, "max": 1.0, "std": 0.13046749082092637}, "sigma": {"min": 1.8367329011566582, "mean": 1.996817816775652, "median": 1.9988552916933227, "max": 2.0087922293600613, "std": 0.008520641430853751}}}