{"pde": {"dim": 2, "kappa": [0.0, 1.0, 0.8, 0.6, 0.4, 0.5, 0.3, 0.2, 0.1, 0.7], "theta": [0.0, 0.4, 0.2, 0.3, 0.4, 0.5, 0.4, 0.3, 0.2, 0.1], "nu": [0.0, 0.2, 0.15, 0.11, 0.12, 0.1, 0.13, 0.14, 0.14, 0.1], "lb": [0.0, 1.5, 1.11, 0.12, 0.13, 0.15, 0.11, 0.12, 0.13, 0.15], "rho": [0.0, 0.0, 0.0, 0.0, 0.0, 0.0, 0.0, 0.0, 0.0, 0.0], "eta": 0.5, "T": 1.0}, "simulation": {"num_samples": 4096, "num_time_intervals": 20, "start": 0.9, "end": 1.1, "num_neurons": 6}, "optimal": 3.0, "bounds": 8.0, "0": {"ell": {"min": 0.0, "mean": 0.0, "median": 0.0, "max": 0.0, "std": 0.0, "bound": 0.0}, "sigma": {"min": 0.7, "mean": 0.6999999999999998, "median": 0.7, "max": 0.7, "std": 1.1102298009507737e-16}}, "1": {"ell": {"min": 0.08147758674680339, "mean": 0.3325229763383671, "median": 0.30963480124207976, "max": 2.2828648169093255, "std": 0.11733857313542966, "bound": 8.0}, "sigma": {"min": 0.7814775867468033, "mean": 1.032522976338367, "median": 1.0096348012420797, "max": 2.9828648169093253, "std": 0.11733857313542964}}, "2": {"ell": {"min": -4.952699896798, "mean": 0.23568486905985667, "median": 0.2190209652657084, "max": 7.5, "std": 0.13054806987103787, "bound": 7.5}, "sigma": {"min": -2.900224149151703, "mean": 1.2821177925049527, "median": 1.2242014450610585, "max": 8.504302324388286, "std": 0.25196750038304927}}, "3": {"ell": {"min": -7.0, "mean": 0.21905160773020516, "median": 0.22059240796503324, "max": 7.0, "std": 0.24584053019506238, "bound": 7.0}, "sigma": {"min": -12.329816089232583, "mean": 1.511190919359927, "median": 1.463371058840064, "max": 15.439384991259972, "std": 0.3907111012524007}}, "4": {"ell": {"min": -6.5, "mean": 0.38008676256433427, "median": 0.3872868044757729, "max": 6.5, "std": 0.3933930658753716, "bound": 6.5}, "sigma": {"min": -16.79212940118093, "mean": 1.9019643152779921, "median": 1.819234573949641, "max": 21.932210838815777, "std": 0.5257125662300246}}, "5": {"ell": {"min": -6.0, "mean": -0.3963972314421215, "median": -0.36552147365123927, "max": 6.0, "std": 1.2974905675962805, "bound": 6.0}, "sigma": {"min": -22.336210123216127, "mean": 1.5035850145136815, "median": 1.363631144056665, "max": 23.454512271490835, "std": 1.4852235500030009}}, "6": {"ell": {"min": -5.5, "mean": -0.42201074694630203, "median": -0.19665227082386055, "max": 5.5, "std": 3.337279137813232, "bound": 5.5}, "sigma": {"min": -28.015382486180734, "mean": 1.022993026699329, "median": 1.2467932208762675, "max": 33.43802350977835, "std": 3.5209809752767116}}, "7": {"ell": {"min": -5.0, "mean": -0.0016130714959204004, "median": 0.0, "max": 5.0, "std": 0.3389750638856339, "bound": 5.0}}}