{"pde": {"dim": 5, "kappa": [0.0, 1.0, 0.8, 0.6, 0.4, 0.5, 0.3, 0.2, 0.1, 0.7], "theta": [0.0, 0.1, 0.2, 0.3, 0.4, 0.5, 0.4, 0.3, 0.2, 0.1], "nu": [0.2, 0.15, 0.11, 0.12, 0.1, 0.13, 0.14, 0.14, 0.1], "lb": [0.0, 1.15, 1.11, 0.12, 0.13, 0.15, 0.11, 0.12, 0.13, 0.15], "rho": [0.0, 0.0, 0.0, 0.0, 0.0, 0.0, 0.0, 0.0, 0.0, 0.0], "eta": 1.0, "T": 1.0}, "simulation": {"num_samples": 256, "num_time_intervals": 10, "start": 0.0, "end": 1.0, "num_neurons": 4}, "optimal": 1.6080733814101893, "0": {"ell": {"min": 0.0, "mean": 0.0, "median": 0.0, "max": 0.0, "std": 0.0}, "sigma": {"min": 1.35, "mean": 1.3500000000000003, "median": 1.35, "max": 1.35, "std": 2.2208798572156224e-16}}, "1": {"ell": {"min": -0.1, "mean": 0.09894927971680592, "median": 0.1, "max": 0.1, "std": 0.01308965425362804}, "sigma": {"min": 1.25, "mean": 1.4489492797168055, "median": 1.4500000000000002, "max": 1.4500000000000002, "std": 0.013089654253628024}}, "2": {"ell": {"min": -0.1, "mean": 0.0655374504481456, "median": 0.06916597391094237, "max": 0.1, "std": 0.0343088005519454}, "sigma": {"min": 1.15, "mean": 1.5139130223943695, "median": 1.5183989871339776, "max": 1.5500000000000003, "std": 0.038752323163945473}}, "3": {"ell": {"min": -0.1, "mean": 0.09179680342278256, "median": 0.1, "max": 0.1, "std": 0.02956613120231386}, "sigma": {"min": 1.25, "mean": 1.6059732944106155, "median": 1.609591220100579, "max": 1.6500000000000004, "std": 0.04565257520640257}}, "4": {"ell": {"min": -0.1, "mean": 0.06727870421349244, "median": 0.09221367777036815, "max": 0.1, "std": 0.053817707028438876}, "sigma": {"min": 0.9499999999999998, "mean": 1.6689480426670904, "median": 1.6868545711112226, "max": 1.7500000000000004, "std": 0.07275206803431074}}, "5": {"ell": {"min": -0.05, "mean": 0.007115222722156841, "median": 0.012326412881131898, "max": 0.05, "std": 0.03821975730606529}, "sigma": {"min": 1.2, "mean": 1.6740645901242743, "median": 1.6870728858686912, "max": 1.8000000000000005, "std": 0.07746996556800369}}, "6": {"ell": {"min": -0.041666666666666664, "mean": -0.014091323051538701, "median": -0.04120621390641577, "max": 0.041666666666666664, "std": 0.035528889944119575}, "sigma": {"min": 1.1583333333333332, "mean": 1.6562453178570293, "median": 1.6599164310148116, "max": 1.8416666666666672, "std": 0.07420235390889038}}, "7": {"ell": {"min": -0.03571428571428571, "mean": 0.011969530529397757, "median": 0.010517747754039297, "max": 0.03571428571428571, "std": 0.022608582992692614}, "sigma": {"min": 1.0773809523809523, "mean": 1.6682433758154023, "median": 1.6671572485033674, "max": 1.877380952380953, "std": 0.08285970834322541}}, "8": {"ell": {"min": -0.03125, "mean": 0.006893966853640099, "median": 0.012241236962514557, "max": 0.03125, "std": 0.02526178423325948}, "sigma": {"min": 0.8913690476190476, "mean": 1.677330071774194, "median": 1.6711995659692271, "max": 1.908630952380953, "std": 0.07892857668118626}}, "9": {"ell": {"min": -0.027777777777777776, "mean": 0.02463919640391034, "median": 0.027777777777777776, "max": 0.027777777777777776, "std": 0.011162032704214652}, "sigma": {"min": 0.9905753968253967, "mean": 1.7024543877593268, "median": 1.6979238142873707, "max": 1.9364087301587307, "std": 0.07847851644812921}}, "10": {"ell": {"min": -0.025, "mean": 0.01367332300638309, "median": 0.025, "max": 0.025, "std": 0.019320130765102125}, "sigma": {"min": 1.0941468253968252, "mean": 1.7137747639533298, "median": 1.7118000624671517, "max": 1.9614087301587306, "std": 0.08224504637429737}}}