{"pde": {"dim": 2, "kappa": [0.0, 1.0, 0.8, 0.6, 0.4, 0.5, 0.3, 0.2, 0.1, 0.7], "theta": [0.0, 0.1, 0.2, 0.3, 0.4, 0.5, 0.4, 0.3, 0.2, 0.1], "nu": [0.2, 0.15, 0.11, 0.12, 0.1, 0.13, 0.14, 0.14, 0.1], "lb": [0.0, 1.15, 1.11, 0.12, 0.13, 0.15, 0.11, 0.12, 0.13, 0.15], "rho": [0.0, 0.0, 0.0, 0.0, 0.0, 0.0, 0.0, 0.0, 0.0, 0.0], "eta": 1.0, "T": 1.0}, "simulation": {"num_samples": 1024, "num_time_intervals": 10, "start": 0.0, "end": 1.0, "num_neurons": 6}, "optimal": 1.15, "0": {"ell": {"min": 1.9, "mean": 1.899999999999999, "median": 1.9, "max": 1.9, "std": 8.882651685814867e-16}}, "1": {"ell": {"min": 1.7999999999999998, "mean": 1.886057060696524, "median": 1.8978000111623956, "max": 2.0, "std": 0.08056138168556662}}, "2": {"ell": {"min": 1.6999999999999997, "mean": 1.843709733877193, "median": 1.869750886278282, "max": 2.1, "std": 0.10959717588024227}}, "3": {"ell": {"min": 1.5999999999999996, "mean": 1.8285393796641696, "median": 1.7999999999999998, "max": 2.2, "std": 0.14526052377118284}}, "4": {"ell": {"min": 1.4999999999999996, "mean": 1.803037317162803, "median": 1.7889599156942315, "max": 2.3000000000000003, "std": 0.19056178287214656}}, "5": {"ell": {"min": 1.3999999999999995, "mean": 1.798889927839665, "median": 1.7895634118259565, "max": 2.4000000000000004, "std": 0.19088202172206972}}, "6": {"ell": {"min": 1.3166666666666662, "mean": 1.7717629101262318, "median": 1.7601547784408387, "max": 2.483333333333334, "std": 0.2220283919500114}}, "7": {"ell": {"min": 1.2452380952380948, "mean": 1.7508956741914794, "median": 1.744966115031696, "max": 2.5547619047619055, "std": 0.259294147139748}}, "8": {"ell": {"min": 1.1827380952380948, "mean": 1.7324153035313714, "median": 1.6912619030525744, "max": 2.6172619047619055, "std": 0.26797459785183975}}, "9": {"ell": {"min": 1.1271825396825392, "mean": 1.7170672418872504, "median": 1.693849206349206, "max": 2.6172618945212505, "std": 0.27145161333291495}}, "10": {"ell": {"min": 1.1893005103054584, "mean": 1.7208913669360748, "median": 1.6974573520045453, "max": 2.6677617764870427, "std": 0.2792365627532526}}, "11": {"ell": {"min": 1.1983946608946603, "mean": 1.7150801247468368, "median": 1.6909391885341656, "max": 2.7127164499232803, "std": 0.2737108489500237}}, "12": {"ell": {"min": 1.0355084384689273, "mean": 1.7110351381362876, "median": 1.686892503241891, "max": 2.698827561327562, "std": 0.28336363333965514}}}