{"pde": {"dim": 5, "kappa": [0.0, 1.0, 0.8, 0.6, 0.4, 0.5, 0.3, 0.2, 0.1, 0.7, 1.0, 0.8, 0.6, 0.4, 0.5, 0.3, 0.2, 0.1, 0.7, 1.0, 0.8, 0.6, 0.4, 0.5, 0.3, 0.2, 0.1, 0.7], "theta": [0.0, 0.1, 0.2, 0.3, 0.4, 0.5, 0.4, 0.3, 0.2, 0.1, 0.1, 0.2, 0.3, 0.4, 0.5, 0.4, 0.3, 0.2, 0.1, 0.1, 0.2, 0.3, 0.4, 0.5, 0.4, 0.3, 0.2, 0.1], "nu": [0.0, 0.2, 0.15, 0.11, 0.12, 0.1, 0.13, 0.14, 0.14, 0.1, 0.2, 0.15, 0.11, 0.12, 0.1, 0.13, 0.14, 0.14, 0.1, 0.2, 0.15, 0.11, 0.12, 0.1, 0.13, 0.14, 0.14, 0.1], "lb": [0.0, 0.6, 1.11, 0.12, 0.13, 0.15, 0.11, 0.12, 0.13, 0.15, 1.15, 1.11, 0.12, 0.13, 0.15, 0.11, 0.12, 0.13, 0.15, 1.15, 1.11, 0.12, 0.13, 0.15, 0.11, 0.12, 0.13, 0.15], "rho": [0.0, 0.0, 0.0, 0.0, 0.0, 0.0, 0.0, 0.0, 0.0, 0.0, 0.0, 0.0, 0.0, 0.0, 0.0, 0.0, 0.0, 0.0, 0.0, 0.0, 0.0, 0.0, 0.0, 0.0, 0.0, 0.0, 0.0, 0.0], "eta": 0.5, "T": 1.0}, "simulation": {"num_samples": 4096, "num_time_intervals": 20, "start": 0.9, "end": 1.1, "num_neurons": 6}, "optimal": 2.54825430442097, "0": {"ell": {"min": 0.0, "mean": 0.0, "median": 0.0, "max": 0.0, "std": 0.0}, "sigma": {"min": 0.6, "mean": 0.5999999999999999, "median": 0.6, "max": 0.6, "std": 1.1102298009507737e-16}}, "1": {"ell": {"min": 0.1276920831033544, "mean": 0.26112131621731843, "median": 0.24441634198224294, "max": 1.0844918865594533, "std": 0.059199753754915194, "bound": 8.0}, "sigma": {"min": 0.6155867919617214, "mean": 0.8683161968139353, "median": 0.8429700457931903, "max": 1.5091721351398117, "std": 0.09199761048913944}}, "2": {"ell": {"min": 0.06582249101849291, "mean": 0.21192558427871955, "median": 0.2005734515305514, "max": 0.47359803003932155, "std": 0.05309100647427865, "bound": 0.47359803003932155}, "sigma": {"min": 0.7589609790613818, "mean": 1.0862214995236663, "median": 1.0412098418133557, "max": 1.934862360703769, "std": 0.17398272537947115}}, "3": {"ell": {"min": -0.20076087348887528, "mean": 0.16148803535150616, "median": 0.14962589992780145, "max": 0.4247280517942292, "std": 0.047332595908466536, "bound": 0.4247280517942292}, "sigma": {"min": 0.6978383415611674, "mean": 1.2501433536811246, "median": 1.1832134257339333, "max": 2.1699618047990814, "std": 0.23998008907428023}}, "4": {"ell": {"min": -0.3786607672677323, "mean": 0.14696721532518017, "median": 0.14327968249726636, "max": 0.3786607672677323, "std": 0.03181563658702272, "bound": 0.3786607672677323}, "sigma": {"min": 0.8010627250230664, "mean": 1.3977468552936134, "median": 1.3146912044735664, "max": 2.282712410470681, "std": 0.2805409447244299}}, "5": {"ell": {"min": -0.2545250926961818, "mean": 0.11558140005885438, "median": 0.11345956960901005, "max": 0.2545250926961818, "std": 0.025211586513835524, "bound": 0.2545250926961818}, "sigma": {"min": 0.820826915012241, "mean": 1.5133283705633052, "median": 1.4236842091218476, "max": 2.4377592578719756, "std": 0.31207154678176763}}, "6": {"ell": {"min": -0.2016926921106842, "mean": 0.10382966356619905, "median": 0.10451525723301644, "max": 0.2016926921106842, "std": 0.02272734505411371, "bound": 0.2016926921106842}, "sigma": {"min": 0.8052512874107867, "mean": 1.6169831850235936, "median": 1.5303111892955592, "max": 2.5164074469277193, "std": 0.32855286790543037}}, "7": {"ell": {"min": -0.18181876043290968, "mean": 0.08550435099510556, "median": 0.08907196741646284, "max": 0.18181876043290968, "std": 0.022585381302059816, "bound": 0.18181876043290968}, "sigma": {"min": 0.8599727108013719, "mean": 1.7016726785885055, "median": 1.622250778320761, "max": 2.596990930125756, "std": 0.3338114031617873}}, "8": {"ell": {"min": -0.18068305041647853, "mean": 0.08833271141185277, "median": 0.09527096602065499, "max": 0.18068305041647853, "std": 0.03657592368437224, "bound": 0.18068305041647853}, "sigma": {"min": 0.9492905794622781, "mean": 1.787828810421593, "median": 1.7228048929879836, "max": 2.635595808043944, "std": 0.3334494575396611}}, "9": {"ell": {"min": -0.29260738947497794, "mean": 0.07020067141803683, "median": 0.07510395049153702, "max": 0.29260738947497794, "std": 0.038070503895200634, "bound": 0.29260738947497794}, "sigma": {"min": 1.0259128494912944, "mean": 1.8550940428869134, "median": 1.796586306492497, "max": 2.534814578493817, "std": 0.3395654168898876}}, "10": {"ell": {"min": -0.3045640311616051, "mean": 0.0569064728660024, "median": 0.05894351657080449, "max": 0.3045640311616051, "std": 0.0350399883149689, "bound": 0.3045640311616051}, "sigma": {"min": 0.9236137773643198, "mean": 1.9099730747248878, "median": 1.856371640615634, "max": 2.750517466679172, "std": 0.3460550225785549}}}