{"pde": {"dim": 20, "kappa": [0.0, 1.0, 0.8, 0.6, 0.4, 0.5, 0.3, 0.2, 0.1, 0.7, 1.0, 0.8, 0.6, 0.4, 0.5, 0.3, 0.2, 0.1, 0.7, 1.0, 0.8, 0.6, 0.4, 0.5, 0.3, 0.2, 0.1, 0.7], "theta": [0.0, 0.1, 0.2, 0.3, 0.4, 0.5, 0.4, 0.3, 0.2, 0.1, 0.1, 0.2, 0.3, 0.4, 0.5, 0.4, 0.3, 0.2, 0.1, 0.1, 0.2, 0.3, 0.4, 0.5, 0.4, 0.3, 0.2, 0.1], "nu": [0.2, 0.15, 0.11, 0.12, 0.1, 0.13, 0.14, 0.14, 0.1, 0.2, 0.15, 0.11, 0.12, 0.1, 0.13, 0.14, 0.14, 0.1, 0.2, 0.15, 0.11, 0.12, 0.1, 0.13, 0.14, 0.14, 0.1], "lb": [0.0, 1.15, 1.11, 0.12, 0.13, 0.15, 0.11, 0.12, 0.13, 0.15, 1.15, 1.11, 0.12, 0.13, 0.15, 0.11, 0.12, 0.13, 0.15, 1.15, 1.11, 0.12, 0.13, 0.15, 0.11, 0.12, 0.13, 0.15], "rho": [0.0, 0.0, 0.0, 0.0, 0.0, 0.0, 0.0, 0.0, 0.0, 0.0, 0.0, 0.0, 0.0, 0.0, 0.0, 0.0, 0.0, 0.0, 0.0, 0.0, 0.0, 0.0, 0.0, 0.0, 0.0, 0.0, 0.0, 0.0], "eta": 1.0, "T": 1.0}, "simulation": {"num_samples": 4096, "num_time_intervals": 10, "start": 0.0, "end": 1.0, "num_neurons": 5}, "optimal": 2.582847266099953, "bounds": [0.5, 0.5, 0.5, 0.5, 0.5, 0.5, 0.5, 0.5, 0.5, 0.5, 0.5], "0": {"ell": {"min": 0.0, "mean": 0.0, "median": 0.0, "max": 0.0, "std": 0.0}, "sigma": {"min": 2.0, "mean": 2.0, "median": 2.0, "max": 2.0, "std": 0.0}}, "1": {"ell": {"min": -0.5, "mean": 0.013210845951483308, "median": -0.0029689531047083534, "max": 0.5, "std": 0.34262370695743993}, "sigma": {"min": 1.133776364930236, "mean": 1.9879769374840683, "median": 2.023915500876049, "max": 2.5782162265197273, "std": 0.2279213888822933}}, "2": {"ell": {"min": -0.5, "mean": 0.14605693796680513, "median": 0.18871374352077575, "max": 0.5, "std": 0.34622692002230004}, "sigma": {"min": 0.8364740003244807, "mean": 2.0989475483289906, "median": 2.1547019335479916, "max": 3.1225360448733985, "std": 0.37263980413658365}}, "3": {"ell": {"min": -0.5, "mean": -3.579697390672891e-05, "median": 0.0, "max": 0.5, "std": 0.03630077086002545}, "sigma": {"min": 0.7805119872106412, "mean": 2.1032411104672653, "median": 2.1575149366906547, "max": 3.2066369231206484, "std": 0.36973734537918285}}, "4": {"ell": {"min": -0.5, "mean": 0.00016409964090168802, "median": 0.0, "max": 0.5, "std": 0.04092121822601068}, "sigma": {"min": 0.8060428328537125, "mean": 2.1018092465126186, "median": 2.17842167193331, "max": 3.0880623092152604, "std": 0.3625811570447407}}, "5": {"ell": {"min": -0.5, "mean": 0.0020431401587584106, "median": 0.0, "max": 0.5, "std": 0.07357084139426379}, "sigma": {"min": 0.7973956756626308, "mean": 2.103896878371792, "median": 2.1800037652720268, "max": 2.9388218218410587, "std": 0.3610937980164854}}, "6": {"ell": {"min": -0.5, "mean": -0.0007460422240730985, "median": 0.0, "max": 0.5, "std": 0.05333650014477326}, "sigma": {"min": 0.6066741082883043, "mean": 2.1076454770023667, "median": 2.194292233201999, "max": 2.906298685187428, "std": 0.35817122446977934}}, "7": {"ell": {"min": -0.5, "mean": -0.00015801603201717068, "median": 0.0, "max": 0.5, "std": 0.030483181844663167}, "sigma": {"min": 0.5801551196676246, "mean": 2.1011464248681935, "median": 2.1900933422051816, "max": 2.8113827550734882, "std": 0.36042932749395734}}, "8": {"ell": {"min": -0.5, "mean": -0.0002710361569570446, "median": 0.0, "max": 0.5, "std": 0.04545581143394287}, "sigma": {"min": 0.5904072540973768, "mean": 2.100871005203009, "median": 2.191758828783732, "max": 2.8521065432123276, "std": 0.3605408418242791}}, "9": {"ell": {"min": -0.5, "mean": -0.0006124435929127584, "median": 0.0, "max": 0.5, "std": 0.053794022177208765}, "sigma": {"min": 0.6893604203812576, "mean": 2.101564338427635, "median": 2.193084123233447, "max": 2.8137829542337123, "std": 0.36317193038596995}}, "10": {"ell": {"min": -0.5, "mean": 0.0022736298961806246, "median": 0.0, "max": 0.5, "std": 0.05790362995970818}, "sigma": {"min": 0.6334369986229494, "mean": 2.1089706318454056, "median": 2.1963339418120524, "max": 2.8700043182249946, "std": 0.3599194573479054}}}