{"pde": {"dim": 2, "kappa": [0.0, 1.0, 0.8, 0.6, 0.4, 0.5, 0.3, 0.2, 0.1, 0.7, 1.0, 0.8, 0.6, 0.4, 0.5, 0.3, 0.2, 0.1, 0.7, 1.0, 0.8, 0.6, 0.4, 0.5, 0.3, 0.2, 0.1, 0.7], "theta": [0.0, 0.1, 0.2, 0.3, 0.4, 0.5, 0.4, 0.3, 0.2, 0.1, 0.1, 0.2, 0.3, 0.4, 0.5, 0.4, 0.3, 0.2, 0.1, 0.1, 0.2, 0.3, 0.4, 0.5, 0.4, 0.3, 0.2, 0.1], "nu": [0.2, 0.15, 0.11, 0.12, 0.1, 0.13, 0.14, 0.14, 0.1, 0.2, 0.15, 0.11, 0.12, 0.1, 0.13, 0.14, 0.14, 0.1, 0.2, 0.15, 0.11, 0.12, 0.1, 0.13, 0.14, 0.14, 0.1], "lb": [0.0, 1.15, 1.11, 0.12, 0.13, 0.15, 0.11, 0.12, 0.13, 0.15, 1.15, 1.11, 0.12, 0.13, 0.15, 0.11, 0.12, 0.13, 0.15, 1.15, 1.11, 0.12, 0.13, 0.15, 0.11, 0.12, 0.13, 0.15], "rho": [0.0, 0.0, 0.0, 0.0, 0.0, 0.0, 0.0, 0.0, 0.0, 0.0, 0.0, 0.0, 0.0, 0.0, 0.0, 0.0, 0.0, 0.0, 0.0, 0.0, 0.0, 0.0, 0.0, 0.0, 0.0, 0.0, 0.0, 0.0], "eta": 1.0, "T": 1.0}, "simulation": {"num_samples": 1024, "num_time_intervals": 10, "start": 0.0, "end": 1.0, "num_neurons": 4}, "optimal": 1.15, "bounds": [1.0, 1.0, 1.0, 1.0, 1.0, 1.0, 1.0, 1.0, 1.0, 1.0, 1.0], "0": {"ell": {"min": 0.0, "mean": 0.0, "median": 0.0, "max": 0.0, "std": 0.0}, "sigma": {"min": 1.7, "mean": 1.6999999999999997, "median": 1.7, "max": 1.7, "std": 2.2205544774091416e-16}}, "1": {"ell": {"min": -1.0, "mean": -0.3231221353722727, "median": -0.2448142421888464, "max": 1.0, "std": 0.39808897725115183}, "sigma": {"min": 1.6810030328133838, "mean": 1.6999991853544238, "median": 1.7002928344387447, "max": 1.7025724532525603, "std": 0.0017646497850544883}}, "2": {"ell": {"min": -1.0, "mean": -0.23486543442363744, "median": -0.11069417585820468, "max": 1.0, "std": 0.4333247908997645}, "sigma": {"min": 1.6736708702746506, "mean": 1.6999751579046332, "median": 1.701054011962165, "max": 1.7081453375658757, "std": 0.005678478920054985}}, "3": {"ell": {"min": -1.0, "mean": -0.24729174674110946, "median": -0.23781119111936977, "max": 1.0, "std": 0.48748831194190057}, "sigma": {"min": 1.6615704347404412, "mean": 1.699756886356057, "median": 1.7008278942499637, "max": 1.706008385594815, "std": 0.004563032062303206}}, "4": {"ell": {"min": -1.0, "mean": -0.25251954334094123, "median": -0.1948181069119443, "max": 1.0, "std": 0.42649253031166523}, "sigma": {"min": 1.6372806363869516, "mean": 1.6999305551147592, "median": 1.7006525966846362, "max": 1.7058425410859526, "std": 0.004176137460527693}}, "5": {"ell": {"min": -1.0, "mean": -0.3394455377979133, "median": -0.20604895435671017, "max": 1.0, "std": 0.4466731640675839}, "sigma": {"min": 1.661109911513585, "mean": 1.699983723678836, "median": 1.7006549867891634, "max": 1.7058704146367678, "std": 0.003290742594636423}}, "6": {"ell": {"min": -1.0, "mean": -0.2877548670855493, "median": -0.1769687437828678, "max": 1.0, "std": 0.35322093038522645}, "sigma": {"min": 1.666201252854155, "mean": 1.699805936790677, "median": 1.7007600774476193, "max": 1.707216638327246, "std": 0.004127703163989895}}, "7": {"ell": {"min": -1.0, "mean": -0.2569401070935279, "median": -0.1233567807601481, "max": 1.0, "std": 0.494755011753127}, "sigma": {"min": 1.6361538657616572, "mean": 1.6996444887882032, "median": 1.7016608653453726, "max": 1.7085335753298332, "std": 0.006757910046269602}}, "8": {"ell": {"min": -1.0, "mean": -0.28131743749851357, "median": -0.18579358367187965, "max": 1.0, "std": 0.41373041991252923}, "sigma": {"min": 1.6455514353099256, "mean": 1.6998448027492679, "median": 1.7012008365240279, "max": 1.7063391146351508, "std": 0.005067741958562386}}, "9": {"ell": {"min": -1.0, "mean": -0.322796577918032, "median": -0.2203694031754445, "max": 1.0, "std": 0.3359922532044366}, "sigma": {"min": 1.4850138553715224, "mean": 1.699878854198857, "median": 1.7014281636604969, "max": 1.7138290161600496, "std": 0.007881765567673737}}, "10": {"ell": {"min": -1.0, "mean": -0.2913122847757726, "median": -0.1910455862062802, "max": 1.0, "std": 0.44507849864580823}, "sigma": {"min": 1.5558430836247348, "mean": 1.6999577843952793, "median": 1.7012388249800263, "max": 1.7219162000609463, "std": 0.00933938997813439}}}