{"pde": {"dim": 20, "kappa": [0.0, 1.0, 0.8, 0.6, 0.4, 0.5, 0.3, 0.2, 0.1, 0.7, 1.0, 0.8, 0.6, 0.4, 0.5, 0.3, 0.2, 0.1, 0.7, 1.0, 0.8, 0.6, 0.4, 0.5, 0.3, 0.2, 0.1, 0.7], "theta": [0.0, 0.1, 0.2, 0.3, 0.4, 0.5, 0.4, 0.3, 0.2, 0.1, 0.1, 0.2, 0.3, 0.4, 0.5, 0.4, 0.3, 0.2, 0.1, 0.1, 0.2, 0.3, 0.4, 0.5, 0.4, 0.3, 0.2, 0.1], "nu": [0.2, 0.15, 0.11, 0.12, 0.1, 0.13, 0.14, 0.14, 0.1, 0.2, 0.15, 0.11, 0.12, 0.1, 0.13, 0.14, 0.14, 0.1, 0.2, 0.15, 0.11, 0.12, 0.1, 0.13, 0.14, 0.14, 0.1], "lb": [0.0, 1.15, 1.11, 0.12, 0.13, 0.15, 0.11, 0.12, 0.13, 0.15, 1.15, 1.11, 0.12, 0.13, 0.15, 0.11, 0.12, 0.13, 0.15, 1.15, 1.11, 0.12, 0.13, 0.15, 0.11, 0.12, 0.13, 0.15], "rho": [0.0, 0.0, 0.0, 0.0, 0.0, 0.0, 0.0, 0.0, 0.0, 0.0, 0.0, 0.0, 0.0, 0.0, 0.0, 0.0, 0.0, 0.0, 0.0, 0.0, 0.0, 0.0, 0.0, 0.0, 0.0, 0.0, 0.0, 0.0], "eta": 1.0, "T": 1.0}, "simulation": {"num_samples": 1024, "num_time_intervals": 10, "start": 0.0, "end": 1.0, "num_neurons": 4}, "optimal": 2.582847266099953, "0": {"ell": {"min": 0.0, "mean": 0.0, "median": 0.0, "max": 0.0, "std": 0.0}, "sigma": {"min": 2.0, "mean": 2.0, "median": 2.0, "max": 2.0, "std": 0.0}}, "1": {"ell": {"min": -1.0, "mean": -0.07968482943356267, "median": 0.00018022110122644768, "max": 1.0, "std": 0.4558414961790975}, "sigma": {"min": 1.0, "mean": 1.9203151705664374, "median": 2.0001802211012265, "max": 3.0, "std": 0.4558414961790975}}, "2": {"ell": {"min": -1.0, "mean": 0.06590106607119538, "median": 0.003430677145893419, "max": 1.0, "std": 0.6285176774855354}, "sigma": {"min": 0.0, "mean": 1.913373537252734, "median": 2.0000287557633554, "max": 4.0, "std": 0.8061127568148515}}, "3": {"ell": {"min": -1.0, "mean": -0.005592592444225697, "median": -3.850011444026722e-10, "max": 1.0, "std": 0.15596213109104012}, "sigma": {"min": -0.8406171229204755, "mean": 1.810910487898422, "median": 1.9994062561063395, "max": 5.0, "std": 0.8593772548891391}}, "4": {"ell": {"min": -1.0, "mean": 0.06588904264761357, "median": -0.0009926641487358172, "max": 1.0, "std": 0.5483652329631521}, "sigma": {"min": -0.8316867560688891, "mean": 1.8645928679396733, "median": 1.9517108376946877, "max": 6.0, "std": 0.8520093298106641}}, "5": {"ell": {"min": -1.0, "mean": -0.005619515324729135, "median": -8.063664046238622e-16, "max": 1.0, "std": 0.15004414671561206}, "sigma": {"min": -1.290568437137632, "mean": 1.9021062340839863, "median": 1.972516860463725, "max": 7.0, "std": 0.8416703285923314}}, "6": {"ell": {"min": -1.0, "mean": -0.0004897470220737714, "median": -4.905146478817641e-13, "max": 1.0, "std": 0.12445897531768474}}}