{"pde": {"dim": 2, "kappa": [0.0, 1.0, 0.8, 0.6, 0.4, 0.5, 0.3, 0.2, 0.1, 0.7], "theta": [0.0, 0.4, 0.2, 0.3, 0.4, 0.5, 0.4, 0.3, 0.2, 0.1], "nu": [0.0, 0.2, 0.15, 0.11, 0.12, 0.1, 0.13, 0.14, 0.14, 0.1], "lb": [0.0, 1.5, 1.11, 0.12, 0.13, 0.15, 0.11, 0.12, 0.13, 0.15], "rho": [0.0, 0.0, 0.0, 0.0, 0.0, 0.0, 0.0, 0.0, 0.0, 0.0], "eta": 0.5, "T": 1.0}, "simulation": {"num_samples": 1024, "num_time_intervals": 10, "start": 0.0, "end": 1.0, "num_neurons": 4}, "optimal": 3.0, "bounds": 8.0, "0": {"ell": {"min": 0.0, "mean": 0.0, "median": 0.0, "max": 0.0, "std": 0.0, "bound": 0.0}, "sigma": {"min": 1.7, "mean": 1.6999999999999997, "median": 1.7, "max": 1.7, "std": 2.2205544774091416e-16}}, "1": {"ell": {"min": -0.34129349894926087, "mean": 0.2023630157704787, "median": 0.13970398601584677, "max": 8.0, "std": 0.19219528874981864, "bound": 8.0}, "sigma": {"min": 1.358706501050739, "mean": 1.9023630157704787, "median": 1.8397039860158468, "max": 9.7, "std": 0.19219528874981862}}, "2": {"ell": {"min": -1.6375623099985492, "mean": 0.14370867141362303, "median": 0.14010787211379244, "max": 1.6375623099985492, "std": 0.2260431551879708, "bound": 1.6375623099985492}, "sigma": {"min": -0.1725334122403197, "mean": 2.061832201954684, "median": 1.9782866215132087, "max": 8.06243769000145, "std": 0.359352365081823}}, "3": {"ell": {"min": -0.47015975136897403, "mean": 0.1788308709988106, "median": 0.16298979528287136, "max": 0.47015975136897403, "std": 0.12619661489029543, "bound": 0.47015975136897403}, "sigma": {"min": 0.12491586983594882, "mean": 2.2395230830610227, "median": 2.1780713731223447, "max": 8.532597441370426, "std": 0.38843752815017774}}, "4": {"ell": {"min": -0.15933256908042748, "mean": -0.015133287644105061, "median": -0.018956611167961962, "max": 0.15933256908042748, "std": 0.0635704737595639, "bound": 0.15933256908042748}, "sigma": {"min": 0.2912110992168836, "mean": 2.235596027605739, "median": 2.1600794750839643, "max": 8.691930010450854, "std": 0.4723122521437673}}, "5": {"ell": {"min": -0.11012884690177122, "mean": 0.0682521921080804, "median": 0.0694528852873513, "max": 0.11012884690177122, "std": 0.04187204207239866, "bound": 0.11012884690177122}, "sigma": {"min": 0.40340984074599556, "mean": 2.311344393030944, "median": 2.237670116059881, "max": 8.821130164259822, "std": 0.479992667295985}}, "6": {"ell": {"min": -0.10461131971085572, "mean": -0.014946176158583385, "median": -0.028340211243293494, "max": 0.10461131971085572, "std": 0.08642457511807032, "bound": 0.10461131971085572}, "sigma": {"min": 0.3112118657856866, "mean": 2.287893482437275, "median": 2.204758114838963, "max": 8.378782399480913, "std": 0.45542225206802395}}, "7": {"ell": {"min": -0.10904098885855132, "mean": 0.04896980179749305, "median": 0.04502657186350187, "max": 0.10904098885855132, "std": 0.03431197323480724, "bound": 0.10904098885855132}, "sigma": {"min": 0.4378022158993746, "mean": 2.3329503169888093, "median": 2.2490462572353667, "max": 8.588406548783219, "std": 0.44448661611723944}}, "8": {"ell": {"min": -0.10374141149121154, "mean": -0.00509872521328399, "median": -0.0024559783658305023, "max": 0.10374141149121154, "std": 0.060994750921731, "bound": 0.10374141149121154}, "sigma": {"min": 0.3457323265516845, "mean": 2.3358392904635354, "median": 2.2505643779486433, "max": 8.580529745448844, "std": 0.4964882293852052}}, "9": {"ell": {"min": -0.10632768155417525, "mean": 0.0696783106543255, "median": 0.10632768155417525, "max": 0.10632768155417525, "std": 0.07532352210747134, "bound": 0.10632768155417525}}}