{"pde": {"dim": 2, "kappa": [0.0, 1.0, 0.8, 0.6, 0.4, 0.5, 0.3, 0.2, 0.1, 0.7, 1.0, 0.8, 0.6, 0.4, 0.5, 0.3, 0.2, 0.1, 0.7, 1.0, 0.8, 0.6, 0.4, 0.5, 0.3, 0.2, 0.1, 0.7], "theta": [0.0, 0.1, 0.2, 0.3, 0.4, 0.5, 0.4, 0.3, 0.2, 0.1, 0.1, 0.2, 0.3, 0.4, 0.5, 0.4, 0.3, 0.2, 0.1, 0.1, 0.2, 0.3, 0.4, 0.5, 0.4, 0.3, 0.2, 0.1], "nu": [0.2, 0.15, 0.11, 0.12, 0.1, 0.13, 0.14, 0.14, 0.1, 0.2, 0.15, 0.11, 0.12, 0.1, 0.13, 0.14, 0.14, 0.1, 0.2, 0.15, 0.11, 0.12, 0.1, 0.13, 0.14, 0.14, 0.1], "lb": [0.0, 1.15, 1.11, 0.12, 0.13, 0.15, 0.11, 0.12, 0.13, 0.15, 1.15, 1.11, 0.12, 0.13, 0.15, 0.11, 0.12, 0.13, 0.15, 1.15, 1.11, 0.12, 0.13, 0.15, 0.11, 0.12, 0.13, 0.15], "rho": [0.0, 0.0, 0.0, 0.0, 0.0, 0.0, 0.0, 0.0, 0.0, 0.0, 0.0, 0.0, 0.0, 0.0, 0.0, 0.0, 0.0, 0.0, 0.0, 0.0, 0.0, 0.0, 0.0, 0.0, 0.0, 0.0, 0.0, 0.0], "eta": 1.0, "T": 1.0}, "simulation": {"num_samples": 512, "num_time_intervals": 20, "start": 0.0, "end": 1.0, "num_neurons": 4}, "optimal": 1.15, "bounds": [0.5, 0.5, 0.5, 0.5, 0.5, 0.5, 0.5, 0.5, 0.5, 0.5, 0.5], "0": {"ell": {"min": 0.0, "mean": 0.0, "median": 0.0, "max": 0.0, "std": 0.0}, "sigma": {"min": 2.0, "mean": 2.0, "median": 2.0, "max": 2.0, "std": 0.0}}, "1": {"ell": {"min": 8.553102803587898e-05, "mean": 0.3388063540442549, "median": 0.5, "max": 0.5, "std": 0.18837460808369222}, "sigma": {"min": 1.3961712356307958, "mean": 1.7174799697621879, "median": 1.7096035138569263, "max": 2.121293880582641, "std": 0.165487084148772}}, "2": {"ell": {"min": 4.988580520370878e-05, "mean": 0.2848125608261144, "median": 0.2567389919007733, "max": 0.5, "std": 0.16583446776236688}, "sigma": {"min": 0.973282534123879, "mean": 1.41540868556665, "median": 1.3906582864554837, "max": 2.0956115620390965, "std": 0.24244203819112561}}, "3": {"ell": {"min": 4.4741656056723755e-06, "mean": 0.0806151922821698, "median": 0.047693011299096644, "max": 0.5, "std": 0.1118535132922192}, "sigma": {"min": 0.8401090654732403, "mean": 1.3837597081945323, "median": 1.3611859989470025, "max": 2.113132784738078, "std": 0.24357470117008945}}, "4": {"ell": {"min": 3.4354287631321867e-06, "mean": 0.08195474778388903, "median": 0.06761382501047666, "max": 0.5, "std": 0.0830638067333456}, "sigma": {"min": 0.7869818082458712, "mean": 1.3610706615882766, "median": 1.30075292955609, "max": 2.0458862127738193, "std": 0.193705108901012}}, "5": {"ell": {"min": 1.9737763518046236e-07, "mean": 0.08244457660976898, "median": 0.04658264611985591, "max": 0.5, "std": 0.10953087957501288}, "sigma": {"min": 0.9620177275830468, "mean": 1.2933220852253347, "median": 1.262633283510498, "max": 2.049722446770212, "std": 0.19865928731721402}}, "6": {"ell": {"min": 6.670213275328241e-06, "mean": 0.07867826372823303, "median": 0.044657604793832406, "max": 0.5, "std": 0.10233590830679044}, "sigma": {"min": 1.1510665032343486, "mean": 1.320230800157495, "median": 1.2825307236327095, "max": 1.9483978293938757, "std": 0.14455574004141322}}, "7": {"ell": {"min": 5.3244141661190625e-06, "mean": 0.055644072010910914, "median": 0.028470471669779784, "max": 0.5, "std": 0.09242168782842684}, "sigma": {"min": 0.8646498933398383, "mean": 1.2789706010542612, "median": 1.2634962492760013, "max": 2.03848167885265, "std": 0.15921276604703624}}, "8": {"ell": {"min": 3.746753052369378e-06, "mean": 0.06547318928955742, "median": 0.019057751342175355, "max": 0.5, "std": 0.12709280110193}, "sigma": {"min": 1.126947131249918, "mean": 1.277413837947872, "median": 1.224452661242569, "max": 1.8966002058984017, "std": 0.12864737646447835}}, "9": {"ell": {"min": 4.514780043041178e-06, "mean": 0.04778555537232476, "median": 0.023908638883358924, "max": 0.5, "std": 0.09044685777541749}, "sigma": {"min": 0.6703185103770236, "mean": 1.2548654301759776, "median": 1.2437103588789216, "max": 1.7768834304438799, "std": 0.14686429493604725}}, "10": {"ell": {"min": 0.00019988720265251558, "mean": 0.0557218649995642, "median": 0.029161289793659173, "max": 0.5, "std": 0.08464319649031785}, "sigma": {"min": 0.4463434030196248, "mean": 1.2447891963177677, "median": 1.2151012990799772, "max": 1.976648618245684, "std": 0.12004031591524675}}}