{"pde": {"dim": 3, "kappa": [0.0, 1.0, 0.8, 0.6, 0.4, 0.5, 0.3, 0.2, 0.1, 0.7, 1.0, 0.8, 0.6, 0.4, 0.5, 0.3, 0.2, 0.1, 0.7, 1.0, 0.8, 0.6, 0.4, 0.5, 0.3, 0.2, 0.1, 0.7], "theta": [0.0, 0.1, 0.2, 0.3, 0.4, 0.5, 0.4, 0.3, 0.2, 0.1, 0.1, 0.2, 0.3, 0.4, 0.5, 0.4, 0.3, 0.2, 0.1, 0.1, 0.2, 0.3, 0.4, 0.5, 0.4, 0.3, 0.2, 0.1], "nu": [0.2, 0.15, 0.11, 0.12, 0.1, 0.13, 0.14, 0.14, 0.1, 0.2, 0.15, 0.11, 0.12, 0.1, 0.13, 0.14, 0.14, 0.1, 0.2, 0.15, 0.11, 0.12, 0.1, 0.13, 0.14, 0.14, 0.1], "lb": [0.0, 1.15, 1.11, 0.12, 0.13, 0.15, 0.11, 0.12, 0.13, 0.15, 1.15, 1.11, 0.12, 0.13, 0.15, 0.11, 0.12, 0.13, 0.15, 1.15, 1.11, 0.12, 0.13, 0.15, 0.11, 0.12, 0.13, 0.15], "rho": [0.0, 0.0, 0.0, 0.0, 0.0, 0.0, 0.0, 0.0, 0.0, 0.0, 0.0, 0.0, 0.0, 0.0, 0.0, 0.0, 0.0, 0.0, 0.0, 0.0, 0.0, 0.0, 0.0, 0.0, 0.0, 0.0, 0.0, 0.0], "eta": 1.0, "T": 1.0}, "simulation": {"num_samples": 1024, "num_time_intervals": 10, "start": 0.0, "end": 1.0, "num_neurons": 4}, "optimal": 1.598311609167624, "0": {"ell": {"min": 0.0, "mean": 0.0, "median": 0.0, "max": 0.0, "std": 0.0}, "sigma": {"min": 1.7, "mean": 1.6999999999999997, "median": 1.7, "max": 1.7, "std": 2.2205544774091416e-16}}, "1": {"ell": {"min": -1.0, "mean": 0.24783238298802734, "median": 0.16046446810770243, "max": 1.0, "std": 0.4742650349278608}, "sigma": {"min": 0.7, "mean": 1.9478323829880275, "median": 1.8604644681077023, "max": 2.7, "std": 0.47426503492786076}}, "2": {"ell": {"min": -1.0, "mean": 0.004283104478280548, "median": 0.0, "max": 1.0, "std": 0.34029485291189476}, "sigma": {"min": -0.30000000000000004, "mean": 1.8702811607705143, "median": 1.78164307166444, "max": 3.7, "std": 0.6352764028524835}}, "3": {"ell": {"min": -1.0, "mean": -0.25060588391067184, "median": -0.022187967528922926, "max": 1.0, "std": 0.5835332610354415}, "sigma": {"min": -1.3, "mean": 1.614608151317606, "median": 1.7103663919985532, "max": 4.7, "std": 0.6597495739605114}}, "4": {"ell": {"min": -1.0, "mean": -0.0008070088636483577, "median": 0.0, "max": 1.0, "std": 0.0586794615913067}, "sigma": {"min": -0.47324495082107676, "mean": 1.5750442480293994, "median": 1.7090389952580574, "max": 4.848538974966797, "std": 0.5805323564710148}}, "5": {"ell": {"min": -1.0, "mean": -0.026855461584404793, "median": -1.817931143202093e-14, "max": 1.0, "std": 0.4206320198382375}, "sigma": {"min": -1.3, "mean": 1.5428216142460864, "median": 1.7118056623747977, "max": 5.7, "std": 0.6956603094321095}}, "6": {"ell": {"min": -1.0, "mean": -0.014306028904424641, "median": 0.0, "max": 1.0, "std": 0.2903616412961194}, "sigma": {"min": -2.103923419687135, "mean": 1.5484866226576783, "median": 1.7133039568612745, "max": 5.700034050885592, "std": 0.7451844484888784}}, "7": {"ell": {"min": -1.0, "mean": -0.0003968342703787378, "median": 0.0, "max": 1.0, "std": 0.21459451362492107}, "sigma": {"min": -2.3, "mean": 1.5368198164078102, "median": 1.714276328721953, "max": 5.99124174884, "std": 0.7654478091426601}}, "8": {"ell": {"min": -1.0, "mean": -0.004357506273795679, "median": 0.0, "max": 1.0, "std": 0.13469236859684075}, "sigma": {"min": -3.299999998405567, "mean": 1.5339887451982874, "median": 1.7115374052138548, "max": 6.9709671707239895, "std": 0.8100106431191112}}, "9": {"ell": {"min": -1.0, "mean": 0.000727984982104146, "median": 0.0, "max": 1.0, "std": 0.10356986269455747}, "sigma": {"min": -2.403525581748783, "mean": 1.5443390592191741, "median": 1.7141724040316677, "max": 7.699999999964727, "std": 0.7738361154058777}}, "10": {"ell": {"min": -1.0, "mean": -0.0016163219898692872, "median": 0.0, "max": 1.0, "std": 0.13143884837479936}, "sigma": {"min": -2.3013523740617767, "mean": 1.5305584516853918, "median": 1.7149550846422268, "max": 7.699946890922843, "std": 0.7892152629441144}}}