{"pde": {"dim": 2, "kappa": [0.0, 1.0, 0.8, 0.6, 0.4, 0.5, 0.3, 0.2, 0.1, 0.7], "theta": [0.0, 0.1, 0.2, 0.3, 0.4, 0.5, 0.4, 0.3, 0.2, 0.1], "nu": [0.02, 0.015, 0.11, 0.12, 0.01, 0.013, 0.14, 0.14, 0.01], "lb": [0.0, 1.15, 1.11, 0.12, 0.13, 0.15, 0.11, 0.12, 0.13, 0.15], "rho": [0.0, 0.0, 0.0, 0.0, 0.0, 0.0, 0.0, 0.0, 0.0, 0.0], "eta": 1.0, "T": 1.0}, "simulation": {"num_samples": 1024, "num_time_intervals": 10, "start": 0.0, "end": 1.0, "num_neurons": 6}, "optimal": 1.15, "0": {"ell": {"min": 0.5, "mean": 0.5, "median": 0.5, "max": 0.5, "std": 0.0}}, "1": {"ell": {"min": 0.6653049651860581, "mean": 0.8628005783205829, "median": 0.8146051122656598, "max": 2.6, "std": 0.1714575335947484}, "nabla u * ell": {"min": 0.5012905286008374, "mean": 0.5311899600091635, "median": 0.5235474919848907, "max": 0.7165050103894771, "std": 0.02729810427700233}, "min(nabla u , ell)": {"min": 0.5076866721945137, "mean": 0.6162901555918789, "median": 0.6046707812415226, "max": 0.8495748199816269, "std": 0.07565716611468544}}, "2": {"ell": {"min": -0.325877803832775, "mean": 1.0565476930868785, "median": 0.9151116387643822, "max": 3.7, "std": 0.4339699790561395}, "nabla u * ell": {"min": -0.325877803832775, "mean": 0.9189113302859914, "median": 0.8102221084864644, "max": 3.7, "std": 0.3362947952681172}, "min(nabla u , ell)": {"min": 0.5316711625813585, "mean": 0.8050909841015402, "median": 0.7528198182823103, "max": 2.9197952787698545, "std": 0.1809860896793394}}, "3": {"ell": {"min": -0.9083566592877813, "mean": 0.9727533387627563, "median": 0.8498193351303382, "max": 4.466666666666667, "std": 0.5274756683283122}, "nabla u * ell": {"min": -0.9083566592877813, "mean": 0.9754682164650452, "median": 0.8668751554412907, "max": 4.466666666666667, "std": 0.4665039471824929}, "min(nabla u , ell)": {"min": -0.46558214214862625, "mean": 0.9838112413964009, "median": 0.8567574216490865, "max": 4.1559862473724785, "std": 0.42634024221765743}}, "4": {"ell": {"min": -0.35703058547219324, "mean": 0.8935297096732395, "median": 0.8106291540297835, "max": 5.066666666666666, "std": 0.5697912137473737}, "nabla u * ell": {"min": -0.4184939963522952, "mean": 0.8941162837403727, "median": 0.8111005189978958, "max": 5.066666666666666, "std": 0.49062432454460014}, "min(nabla u , ell)": {"min": -0.9773104192591133, "mean": 0.8962815881290448, "median": 0.827481608462519, "max": 4.577452012713715, "std": 0.4667913200360419}}, "5": {"ell": {"min": -0.8392242772386639, "mean": 0.9702844147062268, "median": 0.8566478134641711, "max": 5.200355711625162, "std": 0.42918129901062985}, "nabla u * ell": {"min": -0.4432926321056002, "mean": 0.844751545046773, "median": 0.7770882182912419, "max": 5.200355711625162, "std": 0.5220376997331535}, "min(nabla u , ell)": {"min": -0.41407466645665725, "mean": 0.8974987504905119, "median": 0.804538755825382, "max": 5.314898224834506, "std": 0.4412152705364067}}, "6": {"ell": {"min": -1.2557386335035163, "mean": 0.9929432821092783, "median": 0.8677078435259777, "max": 6.0, "std": 0.5446633501181545}, "nabla u * ell": {"min": -1.2557386335035163, "mean": 1.008630990896942, "median": 0.8679802920932291, "max": 6.0, "std": 0.5115819287137122}, "min(nabla u , ell)": {"min": -0.8601362045557894, "mean": 0.969140836407836, "median": 0.8438483373678245, "max": 5.494629845778465, "std": 0.4387002970139326}}, "7": {"ell": {"min": -1.1420849593774505, "mean": 0.9536624171311345, "median": 0.7845865274244477, "max": 6.385714285714286, "std": 0.6307442763287353}, "nabla u * ell": {"min": -1.1990969379273468, "mean": 1.0105801381426018, "median": 0.844346838877744, "max": 6.385714285714286, "std": 0.586015184442345}, "min(nabla u , ell)": {"min": -1.6816791229661914, "mean": 0.9670839199414623, "median": 0.8126902174405146, "max": 5.72299218723399, "std": 0.5263100609984185}}, "8": {"ell": {"min": -1.760898667167033, "mean": 0.9314958164297721, "median": 0.7764140133707689, "max": 5.9642857142857135, "std": 0.6635666719945176}, "nabla u * ell": {"min": -1.760898666668303, "mean": 0.948199112036734, "median": 0.7822723364623979, "max": 5.9642857142857135, "std": 0.6669422269506546}, "min(nabla u , ell)": {"min": -0.977223379879738, "mean": 0.9258002734037346, "median": 0.7626264688614751, "max": 5.987685549286854, "std": 0.5324601854540187}}, "9": {"ell": {"min": -1.9891878229332356, "mean": 1.0878002284979371, "median": 1.0007343740869012, "max": 5.43630985313581, "std": 0.6947397048504002}, "nabla u * ell": {"min": -1.8214080347041541, "mean": 0.9907086576254134, "median": 0.8141480482515577, "max": 5.43630985313581, "std": 0.70072399898135}, "min(nabla u , ell)": {"min": -1.6881878195899214, "mean": 1.0048535679713706, "median": 0.8440900589732867, "max": 6.474001715601954, "std": 0.6688668048925007}}}