{"pde": {"dim": 2, "kappa": [0.0, 1.0, 0.8, 0.6, 0.4, 0.5, 0.3, 0.2, 0.1, 0.7], "theta": [0.0, 0.1, 0.2, 0.3, 0.4, 0.5, 0.4, 0.3, 0.2, 0.1], "nu": [0.2, 0.15, 0.11, 0.12, 0.1, 0.13, 0.14, 0.14, 0.1], "lb": [0.0, 1.15, 1.11, 0.12, 0.13, 0.15, 0.11, 0.12, 0.13, 0.15], "rho": [0.0, 0.0, 0.0, 0.0, 0.0, 0.0, 0.0, 0.0, 0.0, 0.0], "eta": 1.0, "T": 1.0}, "simulation": {"num_samples": 1024, "num_time_intervals": 10, "start": 0.0, "end": 1.0, "num_neurons": 6}, "optimal": 1.15, "0": {"ell": {"min": 0.5, "mean": 0.5, "median": 0.5, "max": 0.5, "std": 0.0}}, "1": {"ell": {"min": 0.6, "mean": 0.5999999999999998, "median": 0.6, "max": 0.6, "std": 2.2205544774091416e-16}}, "2": {"ell": {"min": 0.6363277660129837, "mean": 0.6996538372469032, "median": 0.7, "max": 0.7, "std": 0.0032347805465686107}}, "3": {"ell": {"min": 0.6, "mean": 0.7990654995272024, "median": 0.7999999999999999, "max": 0.7999999999999999, "std": 0.007452641436193676}}, "4": {"ell": {"min": 0.7, "mean": 0.8860654372169101, "median": 0.8999999999999999, "max": 0.8999999999999999, "std": 0.027533537732281132}}, "5": {"ell": {"min": 0.6, "mean": 0.9808456646181721, "median": 0.9999999999999999, "max": 0.9999999999999999, "std": 0.03769339423502441}}, "6": {"ell": {"min": 0.6833333333333333, "mean": 1.0481437117954933, "median": 1.0639337485382505, "max": 1.0833333333333333, "std": 0.04662966635799958}}, "7": {"ell": {"min": 0.6452380952380952, "mean": 1.0804724699517103, "median": 1.0987712557769815, "max": 1.1547619047619047, "std": 0.06410320443450328}}, "8": {"ell": {"min": 0.6922619047619047, "mean": 1.109489507632464, "median": 1.116821376999129, "max": 1.2172619047619047, "std": 0.05504767663959421}}, "9": {"ell": {"min": 0.5817976814019682, "mean": 1.1404452744934404, "median": 1.152530630443386, "max": 1.2728174603174602, "std": 0.06487744008276963}}, "10": {"ell": {"min": 0.6200396825396823, "mean": 1.1640582049584698, "median": 1.1677724062714276, "max": 1.3228174603174603, "std": 0.06226535976187871}}}