{"pde": {"dim": 2, "kappa": [0.0, 1.0, 0.8, 0.6, 0.4, 0.5, 0.3, 0.2, 0.1, 0.7], "theta": [0.0, 0.4, 0.2, 0.3, 0.4, 0.5, 0.4, 0.3, 0.2, 0.1], "nu": [0.0, 0.2, 0.15, 0.11, 0.12, 0.1, 0.13, 0.14, 0.14, 0.1], "lb": [0.0, 1.5, 1.11, 0.12, 0.13, 0.15, 0.11, 0.12, 0.13, 0.15], "rho": [0.0, 0.0, 0.0, 0.0, 0.0, 0.0, 0.0, 0.0, 0.0, 0.0], "eta": 0.5, "T": 1.0}, "simulation": {"num_samples": 1024, "num_time_intervals": 10, "start": 0.9, "end": 1.1, "num_neurons": 6}, "optimal": 3.0, "bounds": 8.0, "0": {"ell": {"min": 0.0, "mean": 0.0, "median": 0.0, "max": 0.0, "std": 0.0, "bound": 0.0}, "sigma": {"min": 1.7, "mean": 1.6999999999999997, "median": 1.7, "max": 1.7, "std": 2.2205544774091416e-16}}, "1": {"ell": {"min": -8.0, "mean": 0.19349086272035865, "median": 0.08547879401538971, "max": 8.0, "std": 0.5386104560006624, "bound": 8.0}, "sigma": {"min": -6.3, "mean": 1.8934908627203586, "median": 1.7854787940153898, "max": 9.7, "std": 0.5386104560006624}}, "2": {"ell": {"min": -7.0, "mean": 2.864208112370172, "median": 2.833503367490592, "max": 7.0, "std": 2.8485297281708886, "bound": 7.0}, "sigma": {"min": -13.3, "mean": 4.749099117805985, "median": 4.658207046563715, "max": 16.7, "std": 2.8707747394827803}}, "3": {"ell": {"min": -6.0, "mean": 0.2126803691653502, "median": -1.398552947266043e-18, "max": 6.0, "std": 2.651696996069674, "bound": 6.0}, "sigma": {"min": -13.300000000013968, "mean": 4.421443819258504, "median": 4.032851743160615, "max": 16.700000000001832, "std": 5.099736746478758}}, "4": {"ell": {"min": -5.0, "mean": -0.03367268992863524, "median": 0.0, "max": 5.0, "std": 2.1627777730542497, "bound": 5.0}, "sigma": {"min": -15.800693647545874, "mean": 4.38549741936462, "median": 3.721775505998051, "max": 20.24440492144298, "std": 5.703516523978287}}, "5": {"ell": {"min": -4.0, "mean": -0.12189928994291466, "median": 0.0, "max": 4.0, "std": 1.7360050766948716, "bound": 4.0}, "sigma": {"min": -15.738376339282858, "mean": 4.1665208434142595, "median": 3.614812375641245, "max": 23.838822561815483, "std": 5.579572888740519}}}