{"pde": {"dim": 2, "kappa": [0.0, 1.0, 0.8, 0.6, 0.4, 0.5, 0.3, 0.2, 0.1, 0.7], "theta": [0.0, 0.1, 0.2, 0.3, 0.4, 0.5, 0.4, 0.3, 0.2, 0.1], "nu": [0.02, 0.015, 0.11, 0.12, 0.01, 0.013, 0.14, 0.14, 0.01], "lb": [0.0, 1.15, 1.11, 0.12, 0.13, 0.15, 0.11, 0.12, 0.13, 0.15], "rho": [0.0, 0.0, 0.0, 0.0, 0.0, 0.0, 0.0, 0.0, 0.0, 0.0], "eta": 1.0, "T": 1.0}, "simulation": {"num_samples": 1024, "num_time_intervals": 10, "start": 0.0, "end": 1.0, "num_neurons": 6}, "optimal": 1.15, "0": {"ell": {"min": 0.5, "mean": 0.5, "median": 0.5, "max": 0.5, "std": 0.0}}, "1": {"ell": {"min": 0.5369993982928166, "mean": 0.7938146461563932, "median": 0.7403149595338623, "max": 1.3, "std": 0.19124450501347928}, "nabla u * ell": {"min": 0.4999813133958789, "mean": 0.5115060183124107, "median": 0.5038300548983067, "max": 0.7546987127109066, "std": 0.01970728594396095}, "min(nabla u , ell)": {"min": 0.5000051340465228, "mean": 0.5524480003593928, "median": 0.5331636096397246, "max": 0.8271468409694518, "std": 0.05409703609551028}}, "2": {"ell": {"min": 0.4493752164097223, "mean": 0.8811536333183938, "median": 0.8715471036986147, "max": 1.5, "std": 0.1360031342511124}, "nabla u * ell": {"min": 0.4493752164097223, "mean": 0.7960531552558413, "median": 0.726139681658437, "max": 1.4851079519265908, "std": 0.20959529626674697}, "min(nabla u , ell)": {"min": 0.5112755122160628, "mean": 0.7004901932528103, "median": 0.66745360483826, "max": 1.3605806342876923, "std": 0.14236956347415866}}, "3": {"ell": {"min": 0.36021661050265735, "mean": 0.9363776652698629, "median": 0.9327936402632194, "max": 1.5888888888888888, "std": 0.12379496083273926}, "nabla u * ell": {"min": 0.36123417834266053, "mean": 0.8790252055998377, "median": 0.8694083978624559, "max": 1.5229077035222993, "std": 0.14271050626366721}, "min(nabla u , ell)": {"min": 0.5245924399647651, "mean": 0.7947284191024602, "median": 0.7850715470095384, "max": 1.5285354148935564, "std": 0.13566291324125337}}, "4": {"ell": {"min": 0.4042564635528211, "mean": 0.9428512060413702, "median": 0.9377427326114385, "max": 1.5457380411083659, "std": 0.11295644282970967}, "nabla u * ell": {"min": 0.4042564635528211, "mean": 0.9349797717419346, "median": 0.9332940307953789, "max": 1.5828362641823404, "std": 0.12890241097455907}, "min(nabla u , ell)": {"min": 0.5329607431799497, "mean": 0.8433121208930856, "median": 0.8467635780895519, "max": 1.4337066630815865, "std": 0.12997473915209945}}, "5": {"ell": {"min": 0.43845859821536115, "mean": 0.9371302802570434, "median": 0.9284092889721981, "max": 1.5102627465572864, "std": 0.1258815003104298}, "nabla u * ell": {"min": 0.43757974032096164, "mean": 0.9412078934191472, "median": 0.9359495189934006, "max": 1.5197405940592983, "std": 0.11431294532836281}, "min(nabla u , ell)": {"min": 0.5727131446448179, "mean": 0.8512401953802365, "median": 0.8511816801851794, "max": 1.5340012160736236, "std": 0.11841483723158812}}, "6": {"ell": {"min": 0.4594660492098875, "mean": 0.9548049656168528, "median": 0.9539471377159167, "max": 1.4846666666666666, "std": 0.11537134650429776}, "nabla u * ell": {"min": 0.4224947984987147, "mean": 0.9397918544419668, "median": 0.9325707031943737, "max": 1.4931405963513125, "std": 0.12325436638223278}, "min(nabla u , ell)": {"min": 0.5348905537405817, "mean": 0.8515804536420288, "median": 0.8589954375564741, "max": 1.5019892469549876, "std": 0.12818575310390073}}, "7": {"ell": {"min": 0.47962855399454296, "mean": 0.9548457051930974, "median": 0.9461203300577642, "max": 1.6009931972789115, "std": 0.12158746356584638}, "nabla u * ell": {"min": 0.47962855399454296, "mean": 0.9531061850218971, "median": 0.951160449423384, "max": 1.6009931972789115, "std": 0.11999240423398572}, "min(nabla u , ell)": {"min": 0.5542315190575087, "mean": 0.859645125526059, "median": 0.8591209441611323, "max": 1.4464194586748302, "std": 0.12394051155438114}}, "8": {"ell": {"min": 0.4597624777686227, "mean": 0.9610240345951061, "median": 0.9517748297805103, "max": 1.6134931972789115, "std": 0.1139818802421945}, "nabla u * ell": {"min": 0.4597624777686227, "mean": 0.9570724106379283, "median": 0.9490351758008687, "max": 1.6134931972789115, "std": 0.11883006842803631}, "min(nabla u , ell)": {"min": 0.5687786842083504, "mean": 0.8701688300232986, "median": 0.8687923631629504, "max": 1.433493015568825, "std": 0.12205033288139523}}, "9": {"ell": {"min": 0.500236922620568, "mean": 0.9609140445439172, "median": 0.9503384100562373, "max": 1.6036166540690349, "std": 0.11224630681183519}, "nabla u * ell": {"min": 0.4876765755287722, "mean": 0.959784868999282, "median": 0.9501165596647208, "max": 1.6081054170223124, "std": 0.11566063122335173}, "min(nabla u , ell)": {"min": 0.5752611925035419, "mean": 0.8754349836252946, "median": 0.8764972209458495, "max": 1.4221786105060814, "std": 0.11852057480551526}}}