{"pde": {"dim": 5, "kappa": [0.0, 1.0, 0.8, 0.6, 0.4, 0.5, 0.3, 0.2, 0.1, 0.7], "theta": [0.0, 0.1, 0.2, 0.3, 0.4, 0.5, 0.4, 0.3, 0.2, 0.1], "nu": [0.2, 0.15, 0.11, 0.12, 0.1, 0.13, 0.14, 0.14, 0.1], "lb": [0.0, 1.15, 1.11, 0.12, 0.13, 0.15, 0.11, 0.12, 0.13, 0.15], "rho": [0.0, 0.0, 0.0, 0.0, 0.0, 0.0, 0.0, 0.0, 0.0, 0.0], "eta": 1.0, "T": 1.0}, "simulation": {"num_samples": 256, "num_time_intervals": 10, "start": 0.0, "end": 1.0, "num_neurons": 4}, "optimal": 1.6080733814101893, "0": {"ell": {"min": 0.0, "mean": 0.0, "median": 0.0, "max": 0.0, "std": 0.0}, "sigma": {"min": 1.35, "mean": 1.3500000000000003, "median": 1.35, "max": 1.35, "std": 2.2208798572156224e-16}}, "1": {"ell": {"min": -0.1, "mean": 0.09411292325732912, "median": 0.1, "max": 0.1, "std": 0.028344297400084883}, "sigma": {"min": 1.25, "mean": 1.4441129232573287, "median": 1.4500000000000002, "max": 1.4500000000000002, "std": 0.02834429740008516}}, "2": {"ell": {"min": -0.1, "mean": 0.09109590048343558, "median": 0.1, "max": 0.1, "std": 0.03321987663648723}, "sigma": {"min": 1.15, "mean": 1.5346424723902985, "median": 1.5500000000000003, "max": 1.5500000000000003, "std": 0.047057639345702444}}, "3": {"ell": {"min": -0.1, "mean": -0.02646855396502739, "median": -0.07045337650091658, "max": 0.1, "std": 0.0851594228793712}, "sigma": {"min": 1.0499999999999998, "mean": 1.5072904063010903, "median": 1.4645883483201814, "max": 1.6500000000000004, "std": 0.08598684086132373}}, "4": {"ell": {"min": -0.1, "mean": 0.06452129941518395, "median": 0.1, "max": 0.1, "std": 0.07522992003281455}, "sigma": {"min": 0.9499999999999998, "mean": 1.5593625665821627, "median": 1.5500000000000003, "max": 1.7500000000000004, "std": 0.09068531923302865}}, "5": {"ell": {"min": -0.05, "mean": -0.017271600414688712, "median": -0.05, "max": 0.05, "std": 0.044116164575100605}, "sigma": {"min": 0.8999999999999998, "mean": 1.5480390177092547, "median": 1.5228965163838328, "max": 1.8000000000000005, "std": 0.10698742822659384}}, "6": {"ell": {"min": -0.05, "mean": 0.03917017988643135, "median": 0.05, "max": 0.05, "std": 0.023647986919261253}, "sigma": {"min": 0.9499999999999998, "mean": 1.5852652363741535, "median": 1.5562087081219769, "max": 1.8500000000000005, "std": 0.09841218697478564}}, "7": {"ell": {"min": -0.05, "mean": 0.011744066787308624, "median": 0.01761318120667138, "max": 0.05, "std": 0.03237268930443344}, "sigma": {"min": 0.8999999999999998, "mean": 1.5934558214005103, "median": 1.5901312379907107, "max": 1.9000000000000006, "std": 0.09558953384561371}}, "8": {"ell": {"min": -0.05, "mean": -0.01677867767915779, "median": -0.05, "max": 0.05, "std": 0.04242636977579471}, "sigma": {"min": 0.9499999999999997, "mean": 1.576872256908984, "median": 1.5519648093679295, "max": 1.9500000000000006, "std": 0.10887215999009514}}, "9": {"ell": {"min": -0.05, "mean": 0.010348906589912292, "median": 0.004084651148521079, "max": 0.05, "std": 0.03300224969112512}, "sigma": {"min": 0.7999999999999997, "mean": 1.5839171173318802, "median": 1.5683075249898868, "max": 1.9380411813572669, "std": 0.11097953404456669}}, "10": {"ell": {"min": -0.05, "mean": 0.03470830973875259, "median": 0.05, "max": 0.05, "std": 0.03490104963632681}, "sigma": {"min": 0.9132614777905346, "mean": 1.6226970775195224, "median": 1.6139174660443494, "max": 1.9500000000000006, "std": 0.10992320824235546}}}