{"pde": {"dim": 2, "kappa": [0.0, 1.0, 0.8, 0.6, 0.4, 0.5, 0.3, 0.2, 0.1, 0.7], "theta": [0.0, 0.1, 0.2, 0.3, 0.4, 0.5, 0.4, 0.3, 0.2, 0.1], "nu": [0.2, 0.15, 0.11, 0.12, 0.1, 0.13, 0.14, 0.14, 0.1], "lb": [0.0, 1.15, 1.11, 0.12, 0.13, 0.15, 0.11, 0.12, 0.13, 0.15], "rho": [0.0, 0.0, 0.0, 0.0, 0.0, 0.0, 0.0, 0.0, 0.0, 0.0], "eta": 1.0, "T": 1.0}, "simulation": {"num_samples": 256, "num_time_intervals": 10, "start": 0.0, "end": 1.0, "num_neurons": 4}, "optimal": 1.15, "0": {"ell": {"min": 1.35, "mean": 1.3500000000000003, "median": 1.35, "max": 1.35, "std": 2.2208798572156224e-16}}, "1": {"ell": {"min": 1.25, "mean": 1.2966789092005193, "median": 1.25, "max": 1.4500000000000002, "std": 0.06955436495414732}}, "2": {"ell": {"min": 1.15, "mean": 1.2665557489334127, "median": 1.2540395518810676, "max": 1.5500000000000003, "std": 0.06446165318451365}}, "3": {"ell": {"min": 1.0499999999999998, "mean": 1.2483950299042381, "median": 1.2349495424894128, "max": 1.6500000000000004, "std": 0.08873095353363375}}, "4": {"ell": {"min": 0.9499999999999998, "mean": 1.2458843308422185, "median": 1.2357640539007884, "max": 1.7500000000000004, "std": 0.09182277130936305}}, "5": {"ell": {"min": 0.8499999999999999, "mean": 1.2319430351794494, "median": 1.2158936110634004, "max": 1.8500000000000005, "std": 0.10585943968156236}}, "6": {"ell": {"min": 0.9291546363767947, "mean": 1.217668782682102, "median": 1.1947248668552533, "max": 1.9500000000000006, "std": 0.09252969111812007}}, "7": {"ell": {"min": 0.9456610986137098, "mean": 1.2344826696363753, "median": 1.2442623436102664, "max": 2.0500000000000007, "std": 0.11199781446052036}}, "8": {"ell": {"min": 0.9383184335402738, "mean": 1.184636168741878, "median": 1.166784877092939, "max": 2.150000000000001, "std": 0.1159909568193074}}, "9": {"ell": {"min": 0.8611111111111109, "mean": 1.175419265045831, "median": 1.1459436818595634, "max": 2.23888888888889, "std": 0.1018197193204291}}, "10": {"ell": {"min": 0.9177969299023772, "mean": 1.1630784269154717, "median": 1.1523290415334158, "max": 2.31888888888889, "std": 0.11555942193226419}}, "11": {"ell": {"min": 0.886161616161616, "mean": 1.1437194662620955, "median": 1.1169551643005824, "max": 2.1916161616161625, "std": 0.11750764887892658}}, "12": {"ell": {"min": 0.8587225648819524, "mean": 1.1575383270611432, "median": 1.1424638168258818, "max": 2.4582828282828295, "std": 0.09652107803286515}}, "13": {"ell": {"min": 0.8856332556332553, "mean": 1.1650829773875393, "median": 1.1433729872027025, "max": 2.3198212898212907, "std": 0.09625605706680583}}}