{"pde": {"dim": 2, "kappa": [0.0, 1.0, 0.8, 0.6, 0.4, 0.5, 0.3, 0.2, 0.1, 0.7], "theta": [0.0, 0.4, 0.2, 0.3, 0.4, 0.5, 0.4, 0.3, 0.2, 0.1], "nu": [0.0, 0.2, 0.15, 0.11, 0.12, 0.1, 0.13, 0.14, 0.14, 0.1], "lb": [0.0, 1.5, 1.11, 0.12, 0.13, 0.15, 0.11, 0.12, 0.13, 0.15], "rho": [0.0, 0.0, 0.0, 0.0, 0.0, 0.0, 0.0, 0.0, 0.0, 0.0], "eta": 0.5, "T": 1.0}, "simulation": {"num_samples": 1024, "num_time_intervals": 20, "start": 0.9, "end": 1.1, "num_neurons": 6}, "optimal": 3.0, "bounds": 8.0, "0": {"ell": {"min": 0.0, "mean": 0.0, "median": 0.0, "max": 0.0, "std": 0.0, "bound": 0.0}, "sigma": {"min": 3.0, "mean": 3.0, "median": 3.0, "max": 3.0, "std": 0.0}}, "1": {"ell": {"min": -8.0, "mean": 0.022403734032835403, "median": -0.006600217090993746, "max": 8.0, "std": 0.5813011622269045, "bound": 8.0}, "sigma": {"min": -5.0, "mean": 3.022403734032835, "median": 2.993399782909006, "max": 11.0, "std": 0.5813011622269045}}, "2": {"ell": {"min": -7.5, "mean": -0.032741725332557814, "median": -0.06381996655524619, "max": 7.5, "std": 1.0903826174895146, "bound": 7.5}, "sigma": {"min": -12.5, "mean": 2.9741672286959626, "median": 2.9518597157438218, "max": 18.5, "std": 1.0862544402811456}}, "3": {"ell": {"min": -7.0, "mean": 0.0005345923824181094, "median": 0.0, "max": 7.0, "std": 0.4089037098331931, "bound": 7.0}, "sigma": {"min": -12.5, "mean": 2.9616548493876316, "median": 2.950042170337864, "max": 18.5, "std": 1.0132266476682945}}}