{"pde": {"dim": 2, "kappa": [0.0, 1.0, 0.8, 0.6, 0.4, 0.5, 0.3, 0.2, 0.1, 0.7], "theta": [0.0, 0.4, 0.2, 0.3, 0.4, 0.5, 0.4, 0.3, 0.2, 0.1], "nu": [0.0, 0.2, 0.15, 0.11, 0.12, 0.1, 0.13, 0.14, 0.14, 0.1], "lb": [0.0, 1.5, 1.11, 0.12, 0.13, 0.15, 0.11, 0.12, 0.13, 0.15], "rho": [0.0, 0.0, 0.0, 0.0, 0.0, 0.0, 0.0, 0.0, 0.0, 0.0], "eta": 0.5, "T": 1.0}, "simulation": {"num_samples": 2048, "num_time_intervals": 10, "start": 0.0, "end": 1.0, "num_neurons": 6}, "optimal": 3.0, "bounds": 4.0, "0": {"ell": {"min": 0.0, "mean": 0.0, "median": 0.0, "max": 0.0, "std": 0.0, "bound": 0.0}, "sigma": {"min": 0.7, "mean": 0.6999999999999998, "median": 0.7, "max": 0.7, "std": 1.1102501306721257e-16}}, "1": {"ell": {"min": 0.1513707366729645, "mean": 0.41409772743041984, "median": 0.36669706462498447, "max": 2.5095807940632393, "std": 0.16123828160179823, "bound": 4.0}, "sigma": {"min": 0.8513707366729645, "mean": 1.1140977274304198, "median": 1.0666970646249845, "max": 3.209580794063239, "std": 0.16123828160179823}}}