{"pde": {"dim": 10, "kappa": [0.0, 1.0, 0.8, 0.6, 0.4, 0.5, 0.3, 0.2, 0.1, 0.7], "theta": [0.0, 0.1, 0.2, 0.3, 0.4, 0.5, 0.4, 0.3, 0.2, 0.1], "nu": [0.2, 0.15, 0.11, 0.12, 0.1, 0.13, 0.14, 0.14, 0.1], "lb": [0.0, 1.15, 1.11, 0.12, 0.13, 0.15, 0.11, 0.12, 0.13, 0.15], "rho": [0.0, 0.0, 0.0, 0.0, 0.0, 0.0, 0.0, 0.0, 0.0, 0.0], "eta": 1.0, "T": 1.0}, "simulation": {"num_samples": 1024, "num_time_intervals": 10, "start": 0.0, "end": 1.0, "num_neurons": 4}, "optimal": 1.6353287131338459, "0": {"ell": {"min": 0.0, "mean": 0.0, "median": 0.0, "max": 0.0, "std": 0.0}, "sigma": {"min": 1.35, "mean": 1.35, "median": 1.35, "max": 1.35, "std": 0.0}}, "1": {"ell": {"min": -0.1, "mean": 0.04767423898699204, "median": 0.04333349231025457, "max": 0.1, "std": 0.04952517072842826}, "sigma": {"min": 1.25, "mean": 1.3976742389869918, "median": 1.3933334923102547, "max": 1.4500000000000002, "std": 0.04952517072842824}}, "2": {"ell": {"min": -0.1, "mean": 0.06109244151921028, "median": 0.1, "max": 0.1, "std": 0.07454208448201115}, "sigma": {"min": 1.15, "mean": 1.4581496472447426, "median": 1.4634526070415366, "max": 1.5500000000000003, "std": 0.0760857616891037}}, "3": {"ell": {"min": -0.1, "mean": 0.014992027435016214, "median": -0.001224238255367216, "max": 0.1, "std": 0.05803344922792936}, "sigma": {"min": 1.0499999999999998, "mean": 1.470870422742593, "median": 1.4575001276667763, "max": 1.6500000000000004, "std": 0.08286424512697692}}, "4": {"ell": {"min": -0.1, "mean": -0.04995630914133368, "median": -0.09052246075369072, "max": 0.1, "std": 0.06711095629198324}, "sigma": {"min": 0.9499999999999998, "mean": 1.4197706206889837, "median": 1.4166688671361318, "max": 1.7500000000000004, "std": 0.09306191883474939}}, "5": {"ell": {"min": -0.05, "mean": 0.040153950703253415, "median": 0.05, "max": 0.05, "std": 0.023743812448537533}, "sigma": {"min": 0.8999999999999998, "mean": 1.4606807057579523, "median": 1.456782819715674, "max": 1.8000000000000005, "std": 0.08949861452434338}}, "6": {"ell": {"min": -0.05, "mean": 0.04122803047364358, "median": 0.05, "max": 0.05, "std": 0.02812692592051193}, "sigma": {"min": 0.9499999999999998, "mean": 1.502752129697365, "median": 1.5060441999921799, "max": 1.8500000000000005, "std": 0.09469813343550915}}, "7": {"ell": {"min": -0.05, "mean": -0.026101348618304692, "median": -0.05, "max": 0.05, "std": 0.035526412052604456}}}