{"pde": {"dim": 2, "kappa": [0.0, 1.0, 0.8, 0.6, 0.4, 0.5, 0.3, 0.2, 0.1, 0.7], "theta": [0.0, 0.4, 0.2, 0.3, 0.4, 0.5, 0.4, 0.3, 0.2, 0.1], "nu": [0.0, 0.2, 0.15, 0.11, 0.12, 0.1, 0.13, 0.14, 0.14, 0.1], "lb": [0.0, 1.5, 1.11, 0.12, 0.13, 0.15, 0.11, 0.12, 0.13, 0.15], "rho": [0.0, 0.0, 0.0, 0.0, 0.0, 0.0, 0.0, 0.0, 0.0, 0.0], "eta": 0.5, "T": 1.0}, "simulation": {"num_samples": 1024, "num_time_intervals": 10, "start": 0.0, "end": 1.0, "num_neurons": 4}, "optimal": 3.0, "bounds": 8.0, "0": {"ell": {"min": 0.0, "mean": 0.0, "median": 0.0, "max": 0.0, "std": 0.0, "bound": 0.0}, "sigma": {"min": 1.7, "mean": 1.6999999999999997, "median": 1.7, "max": 1.7, "std": 2.2205544774091416e-16}}, "1": {"ell": {"min": -1.7702926589092005, "mean": 0.20176667284819833, "median": 0.14833939255907772, "max": 8.0, "std": 0.19323603594091734, "bound": 8.0}, "sigma": {"min": -0.07029265890920056, "mean": 1.9017666728481983, "median": 1.8483393925590776, "max": 9.7, "std": 0.19323603594091734}}, "2": {"ell": {"min": -8.0, "mean": 0.17660786939653286, "median": 0.13931202709141616, "max": 8.0, "std": 0.41284514172892184, "bound": 8.0}, "sigma": {"min": -14.3, "mean": 2.0805002785453683, "median": 1.9906659576856414, "max": 11.488991509039653, "std": 0.5280527098190679}}, "3": {"ell": {"min": -8.0, "mean": -0.2057993951020621, "median": -0.07947675577711509, "max": 8.0, "std": 1.574918688984644, "bound": 8.0}, "sigma": {"min": -22.3, "mean": 1.8769734433889056, "median": 1.8405612001132006, "max": 19.490445104889012, "std": 1.6337240393974044}}, "4": {"ell": {"min": -8.0, "mean": -0.2867006748245065, "median": -0.050046395877189676, "max": 8.0, "std": 1.96750346649032, "bound": 8.0}, "sigma": {"min": -20.31580520754879, "mean": 1.5896012093183254, "median": 1.7534099730921966, "max": 27.21547416124924, "std": 1.9897604370707735}}, "5": {"ell": {"min": -8.0, "mean": -0.0013482555042642044, "median": 0.0, "max": 8.0, "std": 0.34656023248439316, "bound": 8.0}, "sigma": {"min": -19.36157090004286, "mean": 1.4572599808017235, "median": 1.697214753524265, "max": 21.78803299309751, "std": 1.3247283656430724}}, "6": {"ell": {"min": -8.0, "mean": 0.0007812315827028244, "median": 0.0, "max": 8.0, "std": 0.1767836012694528, "bound": 8.0}, "sigma": {"min": -15.123767409202827, "mean": 1.4980772111616159, "median": 1.7032281840576695, "max": 34.120886943670456, "std": 1.3120985734950288}}, "7": {"ell": {"min": -8.0, "mean": 0.004023661313676383, "median": 0.0052256450049252175, "max": 8.0, "std": 1.2630968093491193, "bound": 8.0}, "sigma": {"min": -22.699166554223346, "mean": 1.458253248188305, "median": 1.7267508600547181, "max": 26.692970285729302, "std": 1.3359076892715385}}, "8": {"ell": {"min": -8.0, "mean": 0.0010101870230805527, "median": -8.785998651937226e-11, "max": 8.0, "std": 0.3383407227541942, "bound": 8.0}, "sigma": {"min": -21.500889558382028, "mean": 1.4931647929797998, "median": 1.719891654575304, "max": 34.12448155350444, "std": 1.4284340656059618}}, "9": {"ell": {"min": -8.0, "mean": -0.003121939388392508, "median": 0.0, "max": 8.0, "std": 0.27391992017192635, "bound": 8.0}, "sigma": {"min": -30.115885118652432, "mean": 1.463369032699895, "median": 1.6910216020171729, "max": 34.78724795882462, "std": 1.3845526582644243}}, "10": {"ell": {"min": -8.0, "mean": 0.00253030671391755, "median": -2.896629873190903e-12, "max": 8.0, "std": 0.23228657624286658, "bound": 8.0}, "sigma": {"min": -20.304055913729634, "mean": 1.4652252859174726, "median": 1.7150970236187968, "max": 29.906235373512178, "std": 1.2077507581576197}}}