{"pde": {"dim": 2, "kappa": [0.0, 1.0, 0.8, 0.6, 0.4, 0.5, 0.3, 0.2, 0.1, 0.7], "theta": [0.0, 0.4, 0.2, 0.3, 0.4, 0.5, 0.4, 0.3, 0.2, 0.1], "nu": [0.0, 0.2, 0.15, 0.11, 0.12, 0.1, 0.13, 0.14, 0.14, 0.1], "lb": [0.0, 1.5, 1.11, 0.12, 0.13, 0.15, 0.11, 0.12, 0.13, 0.15], "rho": [0.0, 0.0, 0.0, 0.0, 0.0, 0.0, 0.0, 0.0, 0.0, 0.0], "eta": 0.5, "T": 1.0}, "simulation": {"num_samples": 1024, "num_time_intervals": 10, "start": 0.9, "end": 1.1, "num_neurons": 6}, "optimal": 3.0, "bounds": 8.0, "0": {"ell": {"min": 0.0, "mean": 0.0, "median": 0.0, "max": 0.0, "std": 0.0, "bound": 0.0}, "sigma": {"min": 0.7, "mean": 0.7, "median": 0.7, "max": 0.7, "std": 0.0}}, "1": {"ell": {"min": 0.1187739134980405, "mean": 0.3156142577216018, "median": 0.27980606178739553, "max": 1.5663867038997688, "std": 0.1188852432538992, "bound": 8.0}, "sigma": {"min": 0.8187739134980405, "mean": 1.0156142577216019, "median": 0.9798060617873955, "max": 2.2663867038997685, "std": 0.1188852432538992}}, "2": {"ell": {"min": -0.6237257431887064, "mean": 0.23364792753176844, "median": 0.21728855222967253, "max": 1.0, "std": 0.08097758867412416, "bound": 1.0}, "sigma": {"min": 0.8475580064861269, "mean": 1.2659728294933066, "median": 1.194598886263067, "max": 3.142038238289509, "std": 0.24699403692235597}}, "3": {"ell": {"min": -1.0, "mean": 0.2228674905528525, "median": 0.2154203766868792, "max": 1.0, "std": 0.08627745427282921, "bound": 1.0}, "sigma": {"min": 0.9006415847408915, "mean": 1.5001409294167576, "median": 1.407679303232333, "max": 3.41745627283318, "std": 0.3143940912022684}}, "4": {"ell": {"min": -0.5831748345033407, "mean": 0.18062957037774835, "median": 0.17854980704002957, "max": 1.0, "std": 0.11122490197219374, "bound": 1.0}, "sigma": {"min": 0.9669954984202563, "mean": 1.679412803251336, "median": 1.5854831203424526, "max": 3.878639944247168, "std": 0.3363605970031295}}, "5": {"ell": {"min": -1.0, "mean": 0.19232818153962167, "median": 0.19403954236643178, "max": 1.0, "std": 0.09874310359750743, "bound": 1.0}, "sigma": {"min": 0.8793467659714893, "mean": 1.8656837523990444, "median": 1.7819877952762164, "max": 4.959289855998954, "std": 0.37662764056662035}}}