{"pde": {"dim": 2, "kappa": [0.0, 1.0, 0.8, 0.6, 0.4, 0.5, 0.3, 0.2, 0.1, 0.7], "theta": [0.0, 0.4, 0.2, 0.3, 0.4, 0.5, 0.4, 0.3, 0.2, 0.1], "nu": [0.0, 0.2, 0.15, 0.11, 0.12, 0.1, 0.13, 0.14, 0.14, 0.1], "lb": [0.0, 1.5, 1.11, 0.12, 0.13, 0.15, 0.11, 0.12, 0.13, 0.15], "rho": [0.0, 0.0, 0.0, 0.0, 0.0, 0.0, 0.0, 0.0, 0.0, 0.0], "eta": 0.5, "T": 1.0}, "simulation": {"num_samples": 2048, "num_time_intervals": 10, "start": 0.9, "end": 1.1, "num_neurons": 6}, "optimal": 3.0, "bounds": 4.0, "0": {"ell": {"min": 0.0, "mean": 0.0, "median": 0.0, "max": 0.0, "std": 0.0, "bound": 0.0}, "sigma": {"min": 1.7, "mean": 1.6999999999999997, "median": 1.7, "max": 1.7, "std": 2.2205002613442515e-16}}, "1": {"ell": {"min": -4.0, "mean": 0.4319894610627982, "median": 0.287775998646844, "max": 4.0, "std": 0.5217205430031306, "bound": 4.0}, "sigma": {"min": -2.3, "mean": 2.1319894610627985, "median": 1.987775998646844, "max": 5.7, "std": 0.5217205430031305}}, "2": {"ell": {"min": -3.5, "mean": 0.12962577760451605, "median": 0.02793023350924974, "max": 3.5, "std": 0.7561945044880934, "bound": 3.5}, "sigma": {"min": -5.8, "mean": 2.215440364158162, "median": 1.9290053863272656, "max": 9.2, "std": 0.9886426358509794}}, "3": {"ell": {"min": -3.0, "mean": 1.5311515765183026, "median": 1.6025592914152083, "max": 3.0, "std": 1.5066183807762934, "bound": 3.0}, "sigma": {"min": -8.8, "mean": 3.763017506923511, "median": 3.9209189341788426, "max": 12.2, "std": 1.7060372482372546}}, "4": {"ell": {"min": -2.5, "mean": 0.4195687824438562, "median": 0.024751251488889143, "max": 2.5, "std": 1.7183744382396904, "bound": 2.5}, "sigma": {"min": -11.3, "mean": 3.816771725613853, "median": 3.221365476640682, "max": 14.7, "std": 3.1101510926325866}}, "5": {"ell": {"min": -2.0, "mean": 0.26437434014904626, "median": 0.15647211785771376, "max": 2.0, "std": 1.615529376316025, "bound": 2.0}, "sigma": {"min": -13.3, "mean": 4.187591177637726, "median": 4.10377487814805, "max": 16.7, "std": 3.4781576471156455}}, "6": {"ell": {"min": -1.5, "mean": 0.0006660194368191666, "median": 4.275649131282932e-21, "max": 1.5, "std": 0.9142587822841836, "bound": 1.5}, "sigma": {"min": -13.3, "mean": 4.242023251929561, "median": 3.996724759511881, "max": 16.7, "std": 3.5941779400850757}}}