{"pde": {"dim": 2, "kappa": [0.0, 1.0, 0.8, 0.6, 0.4, 0.5, 0.3, 0.2, 0.1, 0.7], "theta": [0.0, 0.1, 0.2, 0.3, 0.4, 0.5, 0.4, 0.3, 0.2, 0.1], "nu": [0.02, 0.015, 0.11, 0.12, 0.01, 0.013, 0.14, 0.14, 0.01], "lb": [0.0, 1.15, 1.11, 0.12, 0.13, 0.15, 0.11, 0.12, 0.13, 0.15], "rho": [0.0, 0.0, 0.0, 0.0, 0.0, 0.0, 0.0, 0.0, 0.0, 0.0], "eta": 1.0, "T": 1.0}, "simulation": {"num_samples": 1024, "num_time_intervals": 10, "start": 0.0, "end": 1.0, "num_neurons": 6}, "optimal": 1.15, "0": {"ell": {"min": 0.5, "mean": 0.5, "median": 0.5, "max": 0.5, "std": 0.0}}, "1": {"ell": {"min": 0.50531577562343, "mean": 0.815355133406069, "median": 0.7670569429051612, "max": 2.6, "std": 0.21704760512837107}, "nabla u * ell": {"min": 0.4995981271053931, "mean": 0.5101193080978658, "median": 0.5023396258605424, "max": 0.675902278945226, "std": 0.017534965125108572}, "min(nabla u , ell)": {"min": 0.5000013293989098, "mean": 0.5418904530481837, "median": 0.517683903188525, "max": 0.792451694971628, "std": 0.05310867787683522}}, "2": {"ell": {"min": -0.4864707152458688, "mean": 0.8948113773315814, "median": 0.8383143539383258, "max": 3.7, "std": 0.2969030496732714}, "nabla u * ell": {"min": -0.4864707152458688, "mean": 0.825062857432677, "median": 0.7372373477659286, "max": 3.7, "std": 0.32136546728132515}, "min(nabla u , ell)": {"min": 0.5097590939626139, "mean": 0.708561271041868, "median": 0.662893140193303, "max": 2.6267691686157884, "std": 0.16772299130465748}}, "3": {"ell": {"min": -0.4885945283520756, "mean": 1.0915952763573649, "median": 1.035663676776523, "max": 4.466666666666667, "std": 0.434779999676957}, "nabla u * ell": {"min": -0.3656152179215151, "mean": 0.9152449291404023, "median": 0.8541192840781049, "max": 4.466666666666667, "std": 0.3303922544501719}, "min(nabla u , ell)": {"min": -0.34828462149086453, "mean": 0.8330407973062537, "median": 0.7959638172137792, "max": 4.016044415939941, "std": 0.23308472508984093}}, "4": {"ell": {"min": -1.8542882763658515, "mean": 1.0261713842783875, "median": 0.9316461603794581, "max": 5.066666666666666, "std": 0.4099851012458019}, "nabla u * ell": {"min": -1.8542882763658515, "mean": 1.076109272515954, "median": 0.9949617388812695, "max": 4.733228982979075, "std": 0.4845765421281705}, "min(nabla u , ell)": {"min": -0.4001631794439568, "mean": 0.9238325915683534, "median": 0.8659076421267189, "max": 4.678284818165546, "std": 0.35784440259811773}}, "5": {"ell": {"min": -0.8331947657502673, "mean": 0.9972894949550565, "median": 0.8075244775752559, "max": 5.561137111096709, "std": 0.5494946226913837}, "nabla u * ell": {"min": -0.7676128069644537, "mean": 1.0454236968141977, "median": 0.8820318886062776, "max": 5.561137111096709, "std": 0.46288704075773174}, "min(nabla u , ell)": {"min": -0.5093292623733623, "mean": 1.0173550413328083, "median": 0.8528733658885775, "max": 5.344811288783808, "std": 0.44738286359843804}}, "6": {"ell": {"min": -1.2865191631072266, "mean": 0.985920529690406, "median": 0.952585506598596, "max": 6.0, "std": 0.5668377202964862}, "nabla u * ell": {"min": -1.2865191631072266, "mean": 0.9772966157227476, "median": 0.8328490852018141, "max": 5.794972849563466, "std": 0.5308970132183375}, "min(nabla u , ell)": {"min": -0.2451852897020231, "mean": 0.8959065082122393, "median": 0.7124562155162417, "max": 5.3019071457791815, "std": 0.47452520051799996}}, "7": {"ell": {"min": -0.7227568482650996, "mean": 1.1287627979624029, "median": 1.1198897978988884, "max": 5.565772517879996, "std": 0.4636584163344898}, "nabla u * ell": {"min": -0.7227568482650996, "mean": 1.0153698155418511, "median": 0.9941233759914769, "max": 5.565772517879996, "std": 0.5534897734836192}, "min(nabla u , ell)": {"min": -0.2357692192558415, "mean": 0.9560105360379568, "median": 0.8869944269807137, "max": 5.020701912193743, "std": 0.4703325375075181}}, "8": {"ell": {"min": -2.7613963559596293, "mean": 0.994822986015009, "median": 0.8478611758769371, "max": 5.286136559407073, "std": 0.5141901410035887}, "nabla u * ell": {"min": -2.7613963559596293, "mean": 1.0692222944684684, "median": 1.0281347055902499, "max": 5.286136559407073, "std": 0.4917397839756208}, "min(nabla u , ell)": {"min": -0.9199721147571657, "mean": 1.0425009967338743, "median": 1.031048748157749, "max": 5.372761454573529, "std": 0.4208684354310107}}, "9": {"ell": {"min": -0.241665872405894, "mean": 0.8906170594963051, "median": 0.7199355565241128, "max": 6.397503661441271, "std": 0.5298906000144358}, "nabla u * ell": {"min": -0.1810134474090267, "mean": 0.9622286189339413, "median": 0.8186649212964145, "max": 6.397503661441271, "std": 0.4678391641660967}, "min(nabla u , ell)": {"min": -2.0145734985090975, "mean": 0.9387100728339609, "median": 0.7965057380243799, "max": 5.2122850815800215, "std": 0.4660369623481957}}}