{"pde": {"dim": 2, "kappa": [0.0, 1.0, 0.8, 0.6, 0.4, 0.5, 0.3, 0.2, 0.1, 0.7], "theta": [0.0, 0.1, 0.2, 0.3, 0.4, 0.5, 0.4, 0.3, 0.2, 0.1], "nu": [0.2, 0.15, 0.11, 0.12, 0.1, 0.13, 0.14, 0.14, 0.1], "lb": [0.0, 1.15, 1.11, 0.12, 0.13, 0.15, 0.11, 0.12, 0.13, 0.15], "rho": [0.0, 0.0, 0.0, 0.0, 0.0, 0.0, 0.0, 0.0, 0.0, 0.0], "eta": 1.0, "T": 1.0}, "simulation": {"num_samples": 256, "num_time_intervals": 10, "start": 0.0, "end": 1.0, "num_neurons": 4}, "optimal": 1.15, "0": {"ell": {"min": 1.35, "mean": 1.3500000000000003, "median": 1.35, "max": 1.35, "std": 2.2208798572156224e-16}}, "1": {"ell": {"min": 1.25, "mean": 1.3342363166375617, "median": 1.3270832013532257, "max": 1.4500000000000002, "std": 0.07698366377286492}}, "2": {"ell": {"min": 1.15, "mean": 1.3392946011668667, "median": 1.35, "max": 1.5500000000000003, "std": 0.0865971587202393}}, "3": {"ell": {"min": 1.0499999999999998, "mean": 1.3278649604111012, "median": 1.3551632118117078, "max": 1.6500000000000004, "std": 0.12299768568915073}}, "4": {"ell": {"min": 0.9499999999999998, "mean": 1.296284021432551, "median": 1.2916629419598735, "max": 1.7500000000000004, "std": 0.10401989725117912}}, "5": {"ell": {"min": 0.8499999999999999, "mean": 1.294967607733924, "median": 1.291249313112382, "max": 1.8500000000000005, "std": 0.14044807536921303}}, "6": {"ell": {"min": 0.7666666666666665, "mean": 1.2655998404278475, "median": 1.2434880843295542, "max": 1.7666666666666673, "std": 0.11822728356441103}}, "7": {"ell": {"min": 0.8380952380952379, "mean": 1.2627672090178317, "median": 1.2619047619047619, "max": 2.004761904761905, "std": 0.14350518811467514}}, "8": {"ell": {"min": 0.7755952380952379, "mean": 1.2437285291081097, "median": 1.2231636217985136, "max": 2.067261904761905, "std": 0.15327956573194826}}, "9": {"ell": {"min": 0.6882936507936507, "mean": 1.2215848895468444, "median": 1.2018435479154936, "max": 1.9561507936507943, "std": 0.16896250042791902}}, "10": {"ell": {"min": 0.6700396825396823, "mean": 1.2139020927617739, "median": 1.1910794937830775, "max": 2.1728174603174604, "std": 0.16404764077692702}}, "11": {"ell": {"min": 0.683748196248196, "mean": 1.2058557480775038, "median": 1.1849037751613838, "max": 1.8754148629148633, "std": 0.1427796866622281}}}