{"pde": {"dim": 5, "kappa": [0.0, 1.0, 0.8, 0.6, 0.4, 0.5, 0.3, 0.2, 0.1, 0.7], "theta": [0.0, 0.1, 0.2, 0.3, 0.4, 0.5, 0.4, 0.3, 0.2, 0.1], "nu": [0.2, 0.15, 0.11, 0.12, 0.1, 0.13, 0.14, 0.14, 0.1], "lb": [0.0, 1.15, 1.11, 0.12, 0.13, 0.15, 0.11, 0.12, 0.13, 0.15], "rho": [0.0, 0.0, 0.0, 0.0, 0.0, 0.0, 0.0, 0.0, 0.0, 0.0], "eta": 1.0, "T": 1.0}, "simulation": {"num_samples": 256, "num_time_intervals": 10, "start": 0.0, "end": 1.0, "num_neurons": 4}, "optimal": 1.6080733814101893, "0": {"ell": {"min": 1.35, "mean": 1.3500000000000003, "median": 1.35, "max": 1.35, "std": 2.2208798572156224e-16}}, "1": {"ell": {"min": 1.25, "mean": 1.386184634520473, "median": 1.3684137237957232, "max": 1.4500000000000002, "std": 0.05102518569947865}}, "2": {"ell": {"min": 1.15, "mean": 1.4743117078140986, "median": 1.456885886094788, "max": 1.5500000000000003, "std": 0.0515360853346407}}, "3": {"ell": {"min": 1.0499999999999998, "mean": 1.511904442219357, "median": 1.4997680824819764, "max": 1.6500000000000004, "std": 0.07034548666659478}}, "4": {"ell": {"min": 1.15, "mean": 1.582801095895245, "median": 1.5776499135753967, "max": 1.7500000000000004, "std": 0.07434026936385629}}, "5": {"ell": {"min": 1.0499999999999998, "mean": 1.6068808132393002, "median": 1.6085858642287074, "max": 1.8500000000000005, "std": 0.07253752285077378}}, "6": {"ell": {"min": 1.1666666666666667, "mean": 1.6260503056036881, "median": 1.6279181543367212, "max": 1.9333333333333338, "std": 0.07574208611901126}}, "7": {"ell": {"min": 1.0619047619047617, "mean": 1.600456759904692, "median": 1.5800729443907215, "max": 2.004761904761905, "std": 0.10125260514122152}}, "8": {"ell": {"min": 1.100595238095238, "mean": 1.5815795303080473, "median": 1.5517169579879624, "max": 2.067261904761905, "std": 0.10835812829485562}}, "9": {"ell": {"min": 0.7438492063492063, "mean": 1.56990103839129, "median": 1.536525268988253, "max": 2.1228174603174605, "std": 0.123769108675076}}, "10": {"ell": {"min": 1.0382936507936509, "mean": 1.5511645795565394, "median": 1.5245719422318686, "max": 2.0728174603174607, "std": 0.1307462503893296}}}