{"pde": {"dim": 5, "kappa": [0.0, 1.0, 0.8, 0.6, 0.4, 0.5, 0.3, 0.2, 0.1, 0.7], "theta": [0.0, 0.1, 0.2, 0.3, 0.4, 0.5, 0.4, 0.3, 0.2, 0.1], "nu": [0.2, 0.15, 0.11, 0.12, 0.1, 0.13, 0.14, 0.14, 0.1], "lb": [0.0, 1.15, 1.11, 0.12, 0.13, 0.15, 0.11, 0.12, 0.13, 0.15], "rho": [0.0, 0.0, 0.0, 0.0, 0.0, 0.0, 0.0, 0.0, 0.0, 0.0], "eta": 1.0, "T": 1.0}, "simulation": {"num_samples": 1024, "num_time_intervals": 10, "start": 0.0, "end": 1.0, "num_neurons": 4}, "optimal": 1.6080733814101893, "0": {"ell": {"min": 0.0, "mean": 0.0, "median": 0.0, "max": 0.0, "std": 0.0}, "sigma": {"min": 1.35, "mean": 1.35, "median": 1.35, "max": 1.35, "std": 0.0}}, "1": {"ell": {"min": -0.1, "mean": 0.07234019952912758, "median": 0.0796037129321513, "max": 0.1, "std": 0.030639386865354237}, "sigma": {"min": 1.25, "mean": 1.4223401995291276, "median": 1.4296037129321513, "max": 1.4500000000000002, "std": 0.030639386865354223}}, "2": {"ell": {"min": -0.1, "mean": 0.06091522148445859, "median": 0.06408601038863487, "max": 0.1, "std": 0.03792418202780289}, "sigma": {"min": 1.15, "mean": 1.4827084638221202, "median": 1.4788375624859935, "max": 1.5500000000000003, "std": 0.04573710179526205}}, "3": {"ell": {"min": -0.1, "mean": 0.07970379874007931, "median": 0.1, "max": 0.1, "std": 0.05678257185416659}, "sigma": {"min": 1.0499999999999998, "mean": 1.5598527856453785, "median": 1.5666023312852677, "max": 1.6500000000000004, "std": 0.060507989568012496}}, "4": {"ell": {"min": -0.1, "mean": -0.009348225572395267, "median": -0.015042790865019556, "max": 0.1, "std": 0.06933315534330253}, "sigma": {"min": 0.9499999999999998, "mean": 1.5478513520673096, "median": 1.54783804859085, "max": 1.7500000000000004, "std": 0.083297657198713}}, "5": {"ell": {"min": -0.12, "mean": 0.0343598358689746, "median": 0.007002380855787416, "max": 0.12, "std": 0.06403082726450209}, "sigma": {"min": 0.8299999999999998, "mean": 1.583935024116246, "median": 1.565701067609746, "max": 1.8700000000000006, "std": 0.08660230958750234}}, "6": {"ell": {"min": -0.09999999999999999, "mean": -0.02103286368046785, "median": -0.011157124864197565, "max": 0.09999999999999999, "std": 0.060030079811415775}, "sigma": {"min": 0.7299999999999999, "mean": 1.564052710536843, "median": 1.5520628337324345, "max": 1.9700000000000006, "std": 0.10349218530893137}}, "7": {"ell": {"min": -0.08571428571428572, "mean": 0.02337061094900178, "median": 0.025218589982727996, "max": 0.08571428571428572, "std": 0.04875793783937645}, "sigma": {"min": 0.8157142857142856, "mean": 1.5840110495675002, "median": 1.5626191189779925, "max": 2.0557142857142865, "std": 0.11226604408184786}}, "8": {"ell": {"min": -0.075, "mean": 0.0477914749567196, "median": 0.06718923555195244, "max": 0.075, "std": 0.03946523265266195}, "sigma": {"min": 0.7407142857142857, "mean": 1.6335372640817654, "median": 1.6087462150765799, "max": 2.1307142857142867, "std": 0.11540847489001316}}, "9": {"ell": {"min": -0.06666666666666667, "mean": -0.028436818959002748, "median": -0.03922372132719255, "max": 0.06666666666666667, "std": 0.04336513397852265}, "sigma": {"min": 0.6526190476190474, "mean": 1.6016132025276157, "median": 1.585282134890821, "max": 2.1973809523809535, "std": 0.12201738154843189}}, "10": {"ell": {"min": -0.06, "mean": -0.015861695318310765, "median": -0.017162365568305915, "max": 0.06, "std": 0.04517097664424313}}}