{"pde": {"dim": 2, "kappa": [0.0, 1.0, 0.8, 0.6, 0.4, 0.5, 0.3, 0.2, 0.1, 0.7], "theta": [0.0, 0.1, 0.2, 0.3, 0.4, 0.5, 0.4, 0.3, 0.2, 0.1], "nu": [0.02, 0.015, 0.11, 0.12, 0.01, 0.013, 0.14, 0.14, 0.01], "lb": [0.0, 1.15, 1.11, 0.12, 0.13, 0.15, 0.11, 0.12, 0.13, 0.15], "rho": [0.0, 0.0, 0.0, 0.0, 0.0, 0.0, 0.0, 0.0, 0.0, 0.0], "eta": 1.0, "T": 1.0}, "simulation": {"num_samples": 1024, "num_time_intervals": 10, "start": 0.0, "end": 1.0, "num_neurons": 6}, "optimal": 1.15, "0": {"ell": {"min": 0.5, "mean": 0.5, "median": 0.5, "max": 0.5, "std": 0.0}}, "1": {"ell": {"min": 0.3900632681501861, "mean": 0.7671564178199557, "median": 0.7272319943217326, "max": 2.6, "std": 0.22679931016395644}, "nabla u * ell": {"min": 0.4942609808537522, "mean": 0.5090106422886798, "median": 0.5012684704063466, "max": 0.6627821034080439, "std": 0.01800109865193961}, "min(nabla u , ell)": {"min": 0.44594369026121244, "mean": 0.5351406297676845, "median": 0.5181955255066661, "max": 0.7745009112844023, "std": 0.05636831205539983}}, "2": {"ell": {"min": -0.640209274253555, "mean": 1.0210306377834626, "median": 1.0254588092717183, "max": 3.7, "std": 0.5280482604274425}, "nabla u * ell": {"min": -0.5141494263413585, "mean": 0.8260428294767592, "median": 0.7322816057013034, "max": 3.7, "std": 0.42847448246165193}, "min(nabla u , ell)": {"min": 0.05729052893261727, "mean": 0.6967864268290712, "median": 0.6636028261384047, "max": 2.8154950025361467, "std": 0.2356720513333255}}, "3": {"ell": {"min": -1.118350355034773, "mean": 1.0674978620846804, "median": 0.9757982713446243, "max": 4.466666666666667, "std": 0.5204951150199645}, "nabla u * ell": {"min": -1.1949453230732998, "mean": 1.0088391067256, "median": 0.9761825540164836, "max": 4.466666666666667, "std": 0.5523165868420448}, "min(nabla u , ell)": {"min": -0.641665138857014, "mean": 0.9790942811080019, "median": 0.9322434629575116, "max": 4.051066353294515, "std": 0.4661457465297692}}, "4": {"ell": {"min": -1.8886771970774383, "mean": 1.0095336813453126, "median": 0.9447786198527247, "max": 5.066666666666666, "std": 0.5392621836979699}, "nabla u * ell": {"min": -1.4022810939161117, "mean": 1.065204225717319, "median": 0.9687143664107102, "max": 5.066666666666666, "std": 0.560061530311985}, "min(nabla u , ell)": {"min": -1.0260399682549295, "mean": 1.0151345979968527, "median": 0.9528311155140982, "max": 4.6371991815122975, "std": 0.47732257271361356}}, "5": {"ell": {"min": -1.5597045093967612, "mean": 1.0572411917294153, "median": 0.9671020694819574, "max": 5.566666666666666, "std": 0.5654149134613274}, "nabla u * ell": {"min": -1.5597045093967612, "mean": 1.0271337107687768, "median": 0.9643673530018041, "max": 5.566666666666666, "std": 0.5378581170755825}, "min(nabla u , ell)": {"min": -1.254991689255654, "mean": 1.026457827792801, "median": 0.9538575863465424, "max": 5.199123738897512, "std": 0.5279549042208664}}, "6": {"ell": {"min": -1.097299244387315, "mean": 1.000727343356873, "median": 0.8728163201721072, "max": 6.0, "std": 0.6011290422800127}, "nabla u * ell": {"min": -1.097299244387315, "mean": 1.038828782476696, "median": 0.9167243835923953, "max": 6.0, "std": 0.5815932961971543}, "min(nabla u , ell)": {"min": -1.2975075844710178, "mean": 1.0367599690066625, "median": 0.9235574524857619, "max": 5.818968808417415, "std": 0.5508600579463516}}, "7": {"ell": {"min": -1.1776433027185824, "mean": 1.0110614585030675, "median": 0.8757481493463598, "max": 6.145381084026798, "std": 0.5945106282306168}, "nabla u * ell": {"min": -1.1776433027185824, "mean": 0.9975977306356066, "median": 0.8631191468557168, "max": 6.145381084026798, "std": 0.5949127989368304}, "min(nabla u , ell)": {"min": -1.391495497606029, "mean": 1.0237647180196354, "median": 0.8802737870090429, "max": 6.079026438967287, "std": 0.5855100276896686}}, "8": {"ell": {"min": -1.5357142857142856, "mean": 1.0680845791200722, "median": 0.9647205504345943, "max": 6.735714285714286, "std": 0.6873654133675242}, "nabla u * ell": {"min": -1.2007141086847533, "mean": 1.0344714626379798, "median": 0.8650837307946592, "max": 6.735714285714286, "std": 0.6573603701732164}, "min(nabla u , ell)": {"min": -1.0557499663460146, "mean": 1.0469729241007233, "median": 0.9111334120294363, "max": 6.409145937215265, "std": 0.6420540939283386}}, "9": {"ell": {"min": -1.3194147398901652, "mean": 1.028573662667534, "median": 0.8699889040260137, "max": 7.057936507936508, "std": 0.7541727838161505}, "nabla u * ell": {"min": -1.3194147398901652, "mean": 1.0588730928174321, "median": 0.9369849622627858, "max": 7.057936507936508, "std": 0.7340223489428441}, "min(nabla u , ell)": {"min": -1.1947415150763754, "mean": 1.024328487596766, "median": 0.9622927112810156, "max": 5.826769504023856, "std": 0.6339895681802081}}, "10": {"ell": {"min": -1.8267721207188765, "mean": 1.0054690595735511, "median": 0.8456864540694116, "max": 6.157936507936508, "std": 0.7639313433161999}, "nabla u * ell": {"min": -1.8267785879228546, "mean": 0.9992265037846776, "median": 0.8319684434634242, "max": 6.157936507936508, "std": 0.7585989977235459}, "min(nabla u , ell)": {"min": -1.6420881555148963, "mean": 1.0464027217464513, "median": 0.9075224459073536, "max": 7.0191271943658275, "std": 0.7445860634184372}}}