{"pde": {"dim": 20, "kappa": [0.0, 1.0, 0.8, 0.6, 0.4, 0.5, 0.3, 0.2, 0.1, 0.7, 1.0, 0.8, 0.6, 0.4, 0.5, 0.3, 0.2, 0.1, 0.7, 1.0, 0.8, 0.6, 0.4, 0.5, 0.3, 0.2, 0.1, 0.7], "theta": [0.0, 0.1, 0.2, 0.3, 0.4, 0.5, 0.4, 0.3, 0.2, 0.1, 0.1, 0.2, 0.3, 0.4, 0.5, 0.4, 0.3, 0.2, 0.1, 0.1, 0.2, 0.3, 0.4, 0.5, 0.4, 0.3, 0.2, 0.1], "nu": [0.2, 0.15, 0.11, 0.12, 0.1, 0.13, 0.14, 0.14, 0.1, 0.2, 0.15, 0.11, 0.12, 0.1, 0.13, 0.14, 0.14, 0.1, 0.2, 0.15, 0.11, 0.12, 0.1, 0.13, 0.14, 0.14, 0.1], "lb": [0.0, 1.15, 1.11, 0.12, 0.13, 0.15, 0.11, 0.12, 0.13, 0.15, 1.15, 1.11, 0.12, 0.13, 0.15, 0.11, 0.12, 0.13, 0.15, 1.15, 1.11, 0.12, 0.13, 0.15, 0.11, 0.12, 0.13, 0.15], "rho": [0.0, 0.0, 0.0, 0.0, 0.0, 0.0, 0.0, 0.0, 0.0, 0.0, 0.0, 0.0, 0.0, 0.0, 0.0, 0.0, 0.0, 0.0, 0.0, 0.0, 0.0, 0.0, 0.0, 0.0, 0.0, 0.0, 0.0, 0.0], "eta": 1.0, "T": 1.0}, "simulation": {"num_samples": 1024, "num_time_intervals": 10, "start": 0.0, "end": 1.0, "num_neurons": 4}, "optimal": 2.582847266099953, "0": {"ell": {"min": 0.0, "mean": 0.0, "median": 0.0, "max": 0.0, "std": 0.0}, "sigma": {"min": 1.35, "mean": 1.35, "median": 1.35, "max": 1.35, "std": 0.0}}, "1": {"ell": {"min": -0.1, "mean": 0.08007683054476923, "median": 0.1, "max": 0.1, "std": 0.03136283289173524}, "sigma": {"min": 1.25, "mean": 1.430076830544769, "median": 1.4500000000000002, "max": 1.4500000000000002, "std": 0.03136283289173515}}, "2": {"ell": {"min": -0.1, "mean": 0.08187809526422414, "median": 0.1, "max": 0.1, "std": 0.029407354450951044}, "sigma": {"min": 1.15, "mean": 1.5109159586272027, "median": 1.5500000000000003, "max": 1.5500000000000003, "std": 0.05488488263792204}}, "3": {"ell": {"min": -0.1, "mean": 0.06907237943294711, "median": 0.1, "max": 0.1, "std": 0.03743066478276631}, "sigma": {"min": 1.0499999999999998, "mean": 1.5779487734334052, "median": 1.6313888678784396, "max": 1.6500000000000004, "std": 0.08743876201823027}}, "4": {"ell": {"min": -0.1, "mean": 0.06130242761908762, "median": 0.0631564593965196, "max": 0.1, "std": 0.04167084686757638}, "sigma": {"min": 1.15, "mean": 1.6374359936392644, "median": 1.6791981667252895, "max": 1.7500000000000004, "std": 0.11742652901296112}}, "5": {"ell": {"min": -0.05, "mean": 0.048444660589169374, "median": 0.05, "max": 0.05, "std": 0.009340909903297322}, "sigma": {"min": 0.8999999999999998, "mean": 1.6825920728046324, "median": 1.7222231525334526, "max": 1.8000000000000005, "std": 0.12137364725262369}}, "6": {"ell": {"min": -0.05, "mean": 0.015059401093430513, "median": 0.00889731429027088, "max": 0.05, "std": 0.03197804407446936}}}