{"pde": {"dim": 3, "kappa": [0.0, 1.0, 0.8, 0.6, 0.4, 0.5, 0.3, 0.2, 0.1, 0.7, 1.0, 0.8, 0.6, 0.4, 0.5, 0.3, 0.2, 0.1, 0.7, 1.0, 0.8, 0.6, 0.4, 0.5, 0.3, 0.2, 0.1, 0.7], "theta": [0.0, 0.1, 0.2, 0.3, 0.4, 0.5, 0.4, 0.3, 0.2, 0.1, 0.1, 0.2, 0.3, 0.4, 0.5, 0.4, 0.3, 0.2, 0.1, 0.1, 0.2, 0.3, 0.4, 0.5, 0.4, 0.3, 0.2, 0.1], "nu": [0.2, 0.15, 0.11, 0.12, 0.1, 0.13, 0.14, 0.14, 0.1, 0.2, 0.15, 0.11, 0.12, 0.1, 0.13, 0.14, 0.14, 0.1, 0.2, 0.15, 0.11, 0.12, 0.1, 0.13, 0.14, 0.14, 0.1], "lb": [0.0, 1.15, 1.11, 0.12, 0.13, 0.15, 0.11, 0.12, 0.13, 0.15, 1.15, 1.11, 0.12, 0.13, 0.15, 0.11, 0.12, 0.13, 0.15, 1.15, 1.11, 0.12, 0.13, 0.15, 0.11, 0.12, 0.13, 0.15], "rho": [0.0, 0.0, 0.0, 0.0, 0.0, 0.0, 0.0, 0.0, 0.0, 0.0, 0.0, 0.0, 0.0, 0.0, 0.0, 0.0, 0.0, 0.0, 0.0, 0.0, 0.0, 0.0, 0.0, 0.0, 0.0, 0.0, 0.0, 0.0], "eta": 1.0, "T": 1.0}, "simulation": {"num_samples": 12288, "num_time_intervals": 10, "start": 0.0, "end": 1.0, "num_neurons": 6}, "optimal": 1.598311609167624, "bounds": [1.0, 1.0, 1.0, 1.0, 1.0, 1.0, 1.0, 1.0, 1.0, 1.0, 1.0], "0": {"ell": {"min": 0.0, "mean": 0.0, "median": 0.0, "max": 0.0, "std": 0.0}, "sigma": {"min": 1.7, "mean": 1.6999999999999995, "median": 1.7, "max": 1.7, "std": 4.440910168647126e-16}}, "1": {"ell": {"min": -1.0, "mean": -0.03616624760668894, "median": -0.04974447327501996, "max": 1.0, "std": 0.3854344457626873}, "sigma": {"min": 0.7, "mean": 1.6638337523933109, "median": 1.65025552672498, "max": 2.7, "std": 0.38543444576268737}}, "2": {"ell": {"min": -1.0, "mean": -0.028616080155362093, "median": 2.8544233812088743e-13, "max": 1.0, "std": 0.34644622396998986}, "sigma": {"min": -0.30000000000000004, "mean": 1.641781726972237, "median": 1.650791393614161, "max": 3.7, "std": 0.4800089494408795}}, "3": {"ell": {"min": -1.0, "mean": 0.0057448315065415185, "median": -5.65190460158073e-07, "max": 1.0, "std": 0.22956727646745126}, "sigma": {"min": -1.3, "mean": 1.6322593020551037, "median": 1.6482168195982474, "max": 4.7, "std": 0.5192615851163455}}, "4": {"ell": {"min": -1.0, "mean": -0.0006278413114873693, "median": 0.0, "max": 1.0, "std": 0.07855964717549435}, "sigma": {"min": -2.3, "mean": 1.6335051761223691, "median": 1.647864117999256, "max": 5.7, "std": 0.5235826045035458}}, "5": {"ell": {"min": -1.0, "mean": -0.0002804999450408218, "median": 0.0, "max": 1.0, "std": 0.07156942576985098}, "sigma": {"min": -1.5525250973734845, "mean": 1.6324242186339062, "median": 1.6483394734539267, "max": 5.703861385003221, "std": 0.5339396114378974}}, "6": {"ell": {"min": -1.0, "mean": 0.0025777011108080727, "median": 1.29334928958819e-10, "max": 1.0, "std": 0.11377117908317518}}}