{"pde": {"dim": 2, "kappa": [0.0, 1.0, 0.8, 0.6, 0.4, 0.5, 0.3, 0.2, 0.1, 0.7], "theta": [0.0, 0.4, 0.2, 0.3, 0.4, 0.5, 0.4, 0.3, 0.2, 0.1], "nu": [0.0, 0.2, 0.15, 0.11, 0.12, 0.1, 0.13, 0.14, 0.14, 0.1], "lb": [0.0, 1.5, 1.11, 0.12, 0.13, 0.15, 0.11, 0.12, 0.13, 0.15], "rho": [0.0, 0.0, 0.0, 0.0, 0.0, 0.0, 0.0, 0.0, 0.0, 0.0], "eta": 0.5, "T": 1.0}, "simulation": {"num_samples": 4096, "num_time_intervals": 10, "start": 0.9, "end": 1.1, "num_neurons": 6}, "optimal": 3.0, "bounds": 8.0, "0": {"ell": {"min": 0.0, "mean": 0.0, "median": 0.0, "max": 0.0, "std": 0.0, "bound": 0.0}, "sigma": {"min": 1.7, "mean": 1.6999999999999997, "median": 1.7, "max": 1.7, "std": 2.2204731548009436e-16}}, "1": {"ell": {"min": -8.0, "mean": 0.3341257908117893, "median": 0.30254346200566506, "max": 8.0, "std": 0.3395507871149839, "bound": 8.0}, "sigma": {"min": -6.3, "mean": 2.0341257908117893, "median": 2.002543462005665, "max": 9.7, "std": 0.3395507871149839}}, "2": {"ell": {"min": -1.0, "mean": -0.3068857100490479, "median": -0.08032921500833665, "max": 1.0, "std": 0.5215553101817155, "bound": 1.0}, "sigma": {"min": -6.3000014339175, "mean": 1.7505538168397592, "median": 1.822072701069268, "max": 10.7, "std": 0.7793310708318444}}, "3": {"ell": {"min": -1.0, "mean": -0.16957840331318397, "median": -0.11959720477058897, "max": 1.0, "std": 0.45535897144013593, "bound": 1.0}}}