{"pde": {"dim": 2, "kappa": [0.0, 1.0, 0.8, 0.6, 0.4, 0.5, 0.3, 0.2, 0.1, 0.7], "theta": [0.0, 0.4, 0.2, 0.3, 0.4, 0.5, 0.4, 0.3, 0.2, 0.1], "nu": [0.0, 0.2, 0.15, 0.11, 0.12, 0.1, 0.13, 0.14, 0.14, 0.1], "lb": [0.0, 1.5, 1.11, 0.12, 0.13, 0.15, 0.11, 0.12, 0.13, 0.15], "rho": [0.0, 0.0, 0.0, 0.0, 0.0, 0.0, 0.0, 0.0, 0.0, 0.0], "eta": 0.5, "T": 1.0}, "simulation": {"num_samples": 1024, "num_time_intervals": 10, "start": 0.9, "end": 1.1, "num_neurons": 6}, "optimal": 3.0, "bounds": 8.0, "0": {"ell": {"min": 0.0, "mean": 0.0, "median": 0.0, "max": 0.0, "std": 0.0, "bound": 0.0}, "sigma": {"min": 1.7, "mean": 1.6999999999999997, "median": 1.7, "max": 1.7, "std": 2.2205544774091416e-16}}, "1": {"ell": {"min": -1.468173477854072, "mean": 0.256158559890116, "median": 0.1917495115507488, "max": 8.0, "std": 0.320962052842914, "bound": 8.0}, "sigma": {"min": 0.23182652214592792, "mean": 1.956158559890116, "median": 1.8917495115507488, "max": 9.7, "std": 0.320962052842914}}, "2": {"ell": {"min": -1.0, "mean": -0.2928537982258444, "median": -0.21144281989011315, "max": 1.0, "std": 0.5861053197044791, "bound": 1.0}, "sigma": {"min": -7.3, "mean": 1.6502679315361515, "median": 1.7149675487607103, "max": 10.7, "std": 0.7107179982980879}}, "3": {"ell": {"min": -1.0, "mean": 0.06992388959848544, "median": 0.19460862395803888, "max": 1.0, "std": 0.6367920441851713, "bound": 1.0}, "sigma": {"min": -4.3, "mean": 1.8296334545066653, "median": 1.5897224695094652, "max": 11.7, "std": 0.8486282336993335}}, "4": {"ell": {"min": -1.0, "mean": -0.28323481403231593, "median": -0.6502428824898786, "max": 1.0, "std": 0.8357053880821376, "bound": 1.0}, "sigma": {"min": -7.3, "mean": 1.535461911630887, "median": 1.272568819442661, "max": 12.7, "std": 1.0373692823650238}}, "5": {"ell": {"min": -1.0, "mean": 0.05760846298708777, "median": 0.1042435917177203, "max": 1.0, "std": 0.552028231002709, "bound": 1.0}, "sigma": {"min": -6.3, "mean": 1.752147562682314, "median": 1.7653200873666093, "max": 11.7, "std": 0.8991856958339685}}}