{"pde": {"dim": 2, "kappa": [0.0, 1.0, 0.8, 0.6, 0.4, 0.5, 0.3, 0.2, 0.1, 0.7], "theta": [0.0, 0.1, 0.2, 0.3, 0.4, 0.5, 0.4, 0.3, 0.2, 0.1], "nu": [0.02, 0.015, 0.11, 0.12, 0.01, 0.013, 0.14, 0.14, 0.01], "lb": [0.0, 1.15, 1.11, 0.12, 0.13, 0.15, 0.11, 0.12, 0.13, 0.15], "rho": [0.0, 0.0, 0.0, 0.0, 0.0, 0.0, 0.0, 0.0, 0.0, 0.0], "eta": 1.0, "T": 1.0}, "simulation": {"num_samples": 4096, "num_time_intervals": 10, "start": 0.0, "end": 1.0, "num_neurons": 7}, "optimal": 1.15, "0": {"ell": {"min": 0.5, "mean": 0.5, "median": 0.5, "max": 0.5, "std": 0.0}}, "1": {"ell": {"min": 0.5791312033356785, "mean": 0.5999958515257187, "median": 0.6, "max": 0.6, "std": 0.0002589367005456818}, "nabla u * ell": {"min": 0.5001976466664809, "mean": 0.512541125789034, "median": 0.5103312229074108, "max": 0.5518997389757926, "std": 0.009721062117234607}, "min(nabla u , ell)": {"min": 0.5053086866523862, "mean": 0.5492834987524382, "median": 0.5424971455910123, "max": 0.6014316839065373, "std": 0.030057800557268203}}, "2": {"ell": {"min": 0.6771583085829448, "mean": 0.6999867247588032, "median": 0.7, "max": 0.7, "std": 0.00043403711051466986}, "nabla u * ell": {"min": 0.578277095108877, "mean": 0.6166160854733901, "median": 0.6161036054361577, "max": 0.7, "std": 0.009625875268715365}, "min(nabla u , ell)": {"min": 0.5422505034204267, "mean": 0.6545671193707643, "median": 0.6517461513106863, "max": 0.7008894632625365, "std": 0.03034358732318015}}, "3": {"ell": {"min": 0.7545010528519421, "mean": 0.7999416101815561, "median": 0.7999999999999999, "max": 0.7999999999999999, "std": 0.0011848623203557277}, "nabla u * ell": {"min": 0.6571788062287479, "mean": 0.7124547015393174, "median": 0.711931207598308, "max": 0.7999999999999999, "std": 0.007909938987392754}, "min(nabla u , ell)": {"min": 0.6321705480921067, "mean": 0.7502557138131809, "median": 0.7466851619562261, "max": 0.8010069240701273, "std": 0.03149786827091398}}, "4": {"ell": {"min": 0.7, "mean": 0.8940787216585944, "median": 0.8999999999999999, "max": 0.8999999999999999, "std": 0.018827044827635538}, "nabla u * ell": {"min": 0.7485237294562728, "mean": 0.8083364394689052, "median": 0.8077599662016014, "max": 0.8656348653746783, "std": 0.006826860449723693}, "min(nabla u , ell)": {"min": 0.7024804154171155, "mean": 0.8323729685949111, "median": 0.8292551777829338, "max": 0.891612084603278, "std": 0.030352377272606562}}, "5": {"ell": {"min": 0.6, "mean": 0.9889088261832096, "median": 0.9999999999999999, "max": 0.9999999999999999, "std": 0.02457051748743024}, "nabla u * ell": {"min": 0.6883190950480482, "mean": 0.9003140979073457, "median": 0.907299151632721, "max": 0.9832972730735935, "std": 0.023327692865112735}, "min(nabla u , ell)": {"min": 0.7023176192983427, "mean": 0.9270466843781303, "median": 0.9430318852240023, "max": 0.9900242213034999, "std": 0.057126392047302424}}, "6": {"ell": {"min": 0.7, "mean": 1.0737297210795107, "median": 1.0893392838498828, "max": 1.0999999999999999, "std": 0.042025048292017274}, "nabla u * ell": {"min": 0.6227788290004934, "mean": 0.9912738172828746, "median": 1.0014072805826364, "max": 1.0999999999999999, "std": 0.02869676346742304}, "min(nabla u , ell)": {"min": 0.7302221642857137, "mean": 0.9989162689795734, "median": 1.0170221953157375, "max": 1.0848841672905376, "std": 0.060442031234988924}}, "7": {"ell": {"min": 0.6, "mean": 1.1247835141625302, "median": 1.1256319852228456, "max": 1.2, "std": 0.055805727756159114}, "nabla u * ell": {"min": 0.6, "mean": 1.074251849502677, "median": 1.0897367309235253, "max": 1.2, "std": 0.04646707466358669}, "min(nabla u , ell)": {"min": 0.7219438508883956, "mean": 1.0687348073295169, "median": 1.0973862257685896, "max": 1.1704977803668692, "std": 0.0726516875040368}}, "8": {"ell": {"min": 0.765398352811249, "mean": 1.1153278570695746, "median": 1.1235536619755315, "max": 1.3, "std": 0.05131119347804506}, "nabla u * ell": {"min": 0.7991527625961891, "mean": 1.1222877504926152, "median": 1.124100036067052, "max": 1.3, "std": 0.05681542239752358}, "min(nabla u , ell)": {"min": 0.8073917132274747, "mean": 1.094291028103634, "median": 1.1188068784131353, "max": 1.2567266580755596, "std": 0.0666939040044874}}, "9": {"ell": {"min": 0.7999999999999999, "mean": 1.1323226635429944, "median": 1.1391883913584844, "max": 1.4000000000000001, "std": 0.0749130672491669}, "nabla u * ell": {"min": 0.7999999999999999, "mean": 1.1152016201776387, "median": 1.1242670053137103, "max": 1.3850968437302553, "std": 0.048623918475894166}, "min(nabla u , ell)": {"min": 0.8073067608093908, "mean": 1.0962158204317185, "median": 1.108474884492219, "max": 1.3337372734106812, "std": 0.06681674030138103}}, "10": {"ell": {"min": 0.7, "mean": 1.1479244144976548, "median": 1.1511925368240352, "max": 1.5000000000000002, "std": 0.06309493176281006}, "nabla u * ell": {"min": 0.7313771712967465, "mean": 1.1328936719475475, "median": 1.1390445205044226, "max": 1.4481059274821007, "std": 0.07412725396461263}, "min(nabla u , ell)": {"min": 0.8086214333141255, "mean": 1.1307349969813738, "median": 1.1390097409332762, "max": 1.4388111176028957, "std": 0.07265924455621772}}}