{"pde": {"dim": 20, "kappa": [0.0, 1.0, 0.8, 0.6, 0.4, 0.5, 0.3, 0.2, 0.1, 0.7, 1.0, 0.8, 0.6, 0.4, 0.5, 0.3, 0.2, 0.1, 0.7, 1.0, 0.8, 0.6, 0.4, 0.5, 0.3, 0.2, 0.1, 0.7], "theta": [0.0, 0.1, 0.2, 0.3, 0.4, 0.5, 0.4, 0.3, 0.2, 0.1, 0.1, 0.2, 0.3, 0.4, 0.5, 0.4, 0.3, 0.2, 0.1, 0.1, 0.2, 0.3, 0.4, 0.5, 0.4, 0.3, 0.2, 0.1], "nu": [0.2, 0.15, 0.11, 0.12, 0.1, 0.13, 0.14, 0.14, 0.1, 0.2, 0.15, 0.11, 0.12, 0.1, 0.13, 0.14, 0.14, 0.1, 0.2, 0.15, 0.11, 0.12, 0.1, 0.13, 0.14, 0.14, 0.1], "lb": [0.0, 1.15, 1.11, 0.12, 0.13, 0.15, 0.11, 0.12, 0.13, 0.15, 1.15, 1.11, 0.12, 0.13, 0.15, 0.11, 0.12, 0.13, 0.15, 1.15, 1.11, 0.12, 0.13, 0.15, 0.11, 0.12, 0.13, 0.15], "rho": [0.0, 0.0, 0.0, 0.0, 0.0, 0.0, 0.0, 0.0, 0.0, 0.0, 0.0, 0.0, 0.0, 0.0, 0.0, 0.0, 0.0, 0.0, 0.0, 0.0, 0.0, 0.0, 0.0, 0.0, 0.0, 0.0, 0.0, 0.0], "eta": 1.0, "T": 1.0}, "simulation": {"num_samples": 1024, "num_time_intervals": 10, "start": 0.0, "end": 1.0, "num_neurons": 6}, "optimal": 2.582847266099953, "0": {"ell": {"min": 0.0, "mean": 0.0, "median": 0.0, "max": 0.0, "std": 0.0}, "sigma": {"min": 2.0, "mean": 2.0, "median": 2.0, "max": 2.0, "std": 0.0}}, "1": {"ell": {"min": -1.0, "mean": -0.06434131551580946, "median": -0.021418819697201715, "max": 1.0, "std": 0.5282529845815848}, "sigma": {"min": 1.0, "mean": 1.9356586844841908, "median": 1.9785811803027984, "max": 3.0, "std": 0.5282529845815848}}, "2": {"ell": {"min": -1.0, "mean": -0.0034203860419324454, "median": 4.126700347884812e-15, "max": 1.0, "std": 0.20086521847658476}, "sigma": {"min": 0.0, "mean": 1.85486710044861, "median": 1.9667412390344503, "max": 4.0, "std": 0.5717833317900015}}, "3": {"ell": {"min": -1.0, "mean": -0.007865657311778084, "median": -5.953733453491617e-16, "max": 1.0, "std": 0.22016053172028996}, "sigma": {"min": -0.888074963090304, "mean": 1.831827332754545, "median": 1.9636115305527289, "max": 5.0, "std": 0.6058185667560289}}, "4": {"ell": {"min": -1.0, "mean": -0.009103471959379144, "median": -1.6326734939091988e-10, "max": 1.0, "std": 0.22452560223551016}, "sigma": {"min": -1.8306821157591608, "mean": 1.823092135063085, "median": 1.9652574582822917, "max": 6.0, "std": 0.6189776149550763}}, "5": {"ell": {"min": -1.0, "mean": -0.003627244263939016, "median": 0.0, "max": 1.0, "std": 0.14823304092140271}}}