{"pde": {"dim": 2, "kappa": [0.0, 1.0, 0.8, 0.6, 0.4, 0.5, 0.3, 0.2, 0.1, 0.7], "theta": [0.0, 0.4, 0.2, 0.3, 0.4, 0.5, 0.4, 0.3, 0.2, 0.1], "nu": [0.0, 0.2, 0.15, 0.11, 0.12, 0.1, 0.13, 0.14, 0.14, 0.1], "lb": [0.0, 1.5, 1.11, 0.12, 0.13, 0.15, 0.11, 0.12, 0.13, 0.15], "rho": [0.0, 0.0, 0.0, 0.0, 0.0, 0.0, 0.0, 0.0, 0.0, 0.0], "eta": 0.5, "T": 1.0}, "simulation": {"num_samples": 1024, "num_time_intervals": 10, "start": 0.0, "end": 1.0, "num_neurons": 4}, "optimal": 3.0, "bounds": 8.0, "0": {"ell": {"min": 0.0, "mean": 0.0, "median": 0.0, "max": 0.0, "std": 0.0, "bound": 0.0}, "sigma": {"min": 1.7, "mean": 1.6999999999999997, "median": 1.7, "max": 1.7, "std": 2.2205544774091416e-16}}, "1": {"ell": {"min": 0.06966653199021058, "mean": 0.21889192177695138, "median": 0.16148478462936744, "max": 8.0, "std": 0.1931031464197677, "bound": 8.0}, "sigma": {"min": 1.7696665319902105, "mean": 1.918891921776951, "median": 1.8614847846293674, "max": 9.7, "std": 0.1931031464197677}}, "2": {"ell": {"min": -4.0, "mean": 0.2022296418966934, "median": 0.17759033518791914, "max": 4.0, "std": 0.3032300090619053, "bound": 4.0}, "sigma": {"min": -2.184848656695377, "mean": 2.139399971991385, "median": 2.044617924389084, "max": 13.7, "std": 0.46912155337253647}}, "3": {"ell": {"min": -2.0, "mean": 0.08536234857528258, "median": 0.0016811269027150744, "max": 2.0, "std": 0.38258797757482643, "bound": 2.0}, "sigma": {"min": -2.8164068062296552, "mean": 2.2352925893597915, "median": 2.0443641523562146, "max": 15.124970844969774, "std": 0.6441275263483284}}, "4": {"ell": {"min": -1.0, "mean": -0.1461104110759176, "median": -0.0111026811004641, "max": 1.0, "std": 0.33442792013467926, "bound": 1.0}, "sigma": {"min": -1.6891984970714429, "mean": 2.0762425890122, "median": 2.0056869559276107, "max": 15.518010505057845, "std": 0.6856695405207271}}, "5": {"ell": {"min": -0.5, "mean": 0.13954322510706627, "median": 0.09094226163825775, "max": 0.5, "std": 0.163056131619279, "bound": 0.5}, "sigma": {"min": -1.3484693774301766, "mean": 2.197126572822507, "median": 2.1002859630884547, "max": 13.2, "std": 0.5334152466593173}}, "6": {"ell": {"min": -0.25, "mean": -0.028299628329417986, "median": -0.0091252689209525, "max": 0.25, "std": 0.16933602727993674, "bound": 0.25}, "sigma": {"min": -1.9152093672217738, "mean": 2.1735441173342673, "median": 2.07134173483405, "max": 13.046957885861207, "std": 0.6444489268786286}}, "7": {"ell": {"min": -0.125, "mean": 0.053604365593897765, "median": 0.054950072164245634, "max": 0.125, "std": 0.06189365100188354, "bound": 0.125}, "sigma": {"min": -1.9343470211935876, "mean": 2.2283250116999076, "median": 2.14055883823867, "max": 17.575, "std": 0.6260008580219311}}, "8": {"ell": {"min": -0.0625, "mean": 0.049431244707653824, "median": 0.0625, "max": 0.0625, "std": 0.03787302779584312, "bound": 0.0625}, "sigma": {"min": -1.936729725003128, "mean": 2.2884833238992472, "median": 2.205867337966664, "max": 16.5125, "std": 0.6427387992216572}}, "9": {"ell": {"min": -0.03125, "mean": 0.004321623107571189, "median": 0.03125, "max": 0.03125, "std": 0.03022020576660105, "bound": 0.03125}, "sigma": {"min": -2.8143793825612162, "mean": 2.294861127591867, "median": 2.2239881878073113, "max": 13.60625, "std": 0.6153687843292096}}, "10": {"ell": {"min": -0.015625, "mean": 0.007159054855579698, "median": 0.015625, "max": 0.015625, "std": 0.011752228473126501, "bound": 0.015625}, "sigma": {"min": -3.815207585585701, "mean": 2.307807585813966, "median": 2.239170607062918, "max": 16.382673690392075, "std": 0.6759178174416002}}}