{"pde": {"dim": 2, "kappa": [0.0, 1.0, 0.8, 0.6, 0.4, 0.5, 0.3, 0.2, 0.1, 0.7], "theta": [0.0, 0.1, 0.2, 0.3, 0.4, 0.5, 0.4, 0.3, 0.2, 0.1], "nu": [0.02, 0.015, 0.11, 0.12, 0.01, 0.013, 0.14, 0.14, 0.01], "lb": [0.0, 1.15, 1.11, 0.12, 0.13, 0.15, 0.11, 0.12, 0.13, 0.15], "rho": [0.0, 0.0, 0.0, 0.0, 0.0, 0.0, 0.0, 0.0, 0.0, 0.0], "eta": 1.0, "T": 1.0}, "simulation": {"num_samples": 1024, "num_time_intervals": 10, "start": 0.0, "end": 1.0, "num_neurons": 6}, "optimal": 1.15, "0": {"ell": {"min": 0.5, "mean": 0.5, "median": 0.5, "max": 0.5, "std": 0.0}}, "1": {"ell": {"min": 0.4717840735541058, "mean": 0.7859175134653721, "median": 0.7323614017893096, "max": 2.6, "std": 0.23572422946081373}, "nabla u * ell": {"min": 0.4993520638844577, "mean": 0.5072255934098301, "median": 0.5005071376467832, "max": 0.8016377685136333, "std": 0.015947461447892393}, "min(nabla u , ell)": {"min": 0.4999541126529814, "mean": 0.5356060034410947, "median": 0.5161354017397712, "max": 0.8282799245287013, "std": 0.04588557596554388}}, "2": {"ell": {"min": -0.5094085319611846, "mean": 0.9845209066446106, "median": 0.8968128509554627, "max": 3.7, "std": 0.4025283995610773}, "nabla u * ell": {"min": -0.5094085319611846, "mean": 0.8351780948492233, "median": 0.725185022277956, "max": 3.7, "std": 0.38609950866426035}, "min(nabla u , ell)": {"min": 0.4626861436386248, "mean": 0.6821074154547506, "median": 0.6310041460749874, "max": 2.890760539020152, "std": 0.20347371766591363}}, "3": {"ell": {"min": -1.2905397819403666, "mean": 0.805223395472759, "median": 0.7431309777808178, "max": 4.466666666666667, "std": 0.4720322379850357}, "nabla u * ell": {"min": -1.2905397819403666, "mean": 0.9224550253922642, "median": 0.8486961901737832, "max": 4.466666666666667, "std": 0.3980826016391448}, "min(nabla u , ell)": {"min": -0.29136411941827023, "mean": 0.8026036030981178, "median": 0.7395316916316484, "max": 4.1302480389346155, "std": 0.3098008033461009}}, "4": {"ell": {"min": -1.8847659496270328, "mean": 0.8454581695320116, "median": 0.876135132581554, "max": 5.066666666666666, "std": 0.4129648599769887}, "nabla u * ell": {"min": -1.8847659496270328, "mean": 0.7661316146691997, "median": 0.7425769942334481, "max": 5.066666666666666, "std": 0.42418974754924654}, "min(nabla u , ell)": {"min": 0.13616534183435403, "mean": 0.7520493408113083, "median": 0.7525919322158687, "max": 4.469564865169058, "std": 0.19622795497775714}}, "5": {"ell": {"min": -0.2588825447610096, "mean": 0.9464438365296493, "median": 0.9556982463364454, "max": 4.566666666666666, "std": 0.31525179033432543}, "nabla u * ell": {"min": -0.2511295521373638, "mean": 0.8231940600720794, "median": 0.8302502728191872, "max": 4.566666666666666, "std": 0.3668691256266435}, "min(nabla u , ell)": {"min": 0.136145632878844, "mean": 0.904524488694916, "median": 0.9682311844416194, "max": 3.2973079064484625, "std": 0.2052386917994104}}, "6": {"ell": {"min": -0.1131814737609832, "mean": 0.7951208257210926, "median": 0.7620514009223394, "max": 5.0, "std": 0.45255271899360333}, "nabla u * ell": {"min": -0.1131814737609832, "mean": 0.8673146186734861, "median": 0.9142336946539799, "max": 5.0, "std": 0.3850448199319663}, "min(nabla u , ell)": {"min": -0.40400041674390674, "mean": 0.844464206662423, "median": 0.8462110839292445, "max": 3.855576810289124, "std": 0.2965544496274497}}, "7": {"ell": {"min": -0.0714979234251778, "mean": 0.8568268323756015, "median": 0.8611684538154556, "max": 4.615407654682874, "std": 0.29886951590679467}, "nabla u * ell": {"min": 0.06028026623873962, "mean": 0.7290138827867064, "median": 0.6312444896141585, "max": 4.614285714285714, "std": 0.3601677909183868}, "min(nabla u , ell)": {"min": 0.052579877577857204, "mean": 0.894327878515109, "median": 1.0091771864461196, "max": 1.7888356229687128, "std": 0.2605148891608477}}, "8": {"ell": {"min": 0.25837297871560755, "mean": 1.1143660606711658, "median": 1.0980424113251144, "max": 4.8865833408024155, "std": 0.2915986774514127}, "nabla u * ell": {"min": 0.03326893038021099, "mean": 0.9246238323711087, "median": 0.910938405348793, "max": 4.8865833408024155, "std": 0.34076519987210857}, "min(nabla u , ell)": {"min": 0.145533928764575, "mean": 1.021738612487853, "median": 1.0433131771858797, "max": 4.089109697836918, "std": 0.22381951703704323}}, "9": {"ell": {"min": -1.6589550952576333, "mean": 1.3350325583145835, "median": 1.375295552765562, "max": 4.7134920634920645, "std": 0.3929591852835749}, "nabla u * ell": {"min": -1.6589550952576333, "mean": 1.1635252594195595, "median": 1.1530075157273953, "max": 4.7134920634920645, "std": 0.36516934358861447}, "min(nabla u , ell)": {"min": 0.04177388642580204, "mean": 1.2617846601817988, "median": 1.2461582542795004, "max": 5.1277153622424, "std": 0.24026617289310712}}, "10": {"ell": {"min": -0.6496988620846639, "mean": 1.1502499314045551, "median": 1.1753968253968257, "max": 5.334827464290146, "std": 0.49368366244402123}, "nabla u * ell": {"min": -0.6496988620846639, "mean": 1.2566867487067053, "median": 1.2937259835707413, "max": 4.997574572138437, "std": 0.4759572525705057}, "min(nabla u , ell)": {"min": 0.10129835374000018, "mean": 1.315050169919396, "median": 1.3609448571133178, "max": 4.534341887891151, "std": 0.33740417508475534}}}