{"pde": {"dim": 2, "kappa": [0.0, 1.0, 0.8, 0.6, 0.4, 0.5, 0.3, 0.2, 0.1, 0.7], "theta": [0.0, 0.4, 0.2, 0.3, 0.4, 0.5, 0.4, 0.3, 0.2, 0.1], "nu": [0.0, 0.2, 0.15, 0.11, 0.12, 0.1, 0.13, 0.14, 0.14, 0.1], "lb": [0.0, 1.5, 1.11, 0.12, 0.13, 0.15, 0.11, 0.12, 0.13, 0.15], "rho": [0.0, 0.0, 0.0, 0.0, 0.0, 0.0, 0.0, 0.0, 0.0, 0.0], "eta": 0.5, "T": 1.0}, "simulation": {"num_samples": 1024, "num_time_intervals": 10, "start": 0.0, "end": 1.0, "num_neurons": 4}, "optimal": 3.0, "bounds": 8.0, "0": {"ell": {"min": 0.0, "mean": 0.0, "median": 0.0, "max": 0.0, "std": 0.0, "bound": 0.0}, "sigma": {"min": 1.7, "mean": 1.6999999999999997, "median": 1.7, "max": 1.7, "std": 2.2205544774091416e-16}}, "1": {"ell": {"min": -1.0831250141654616, "mean": 0.1904818935401752, "median": 0.1287284542763493, "max": 2.609400406364445, "std": 0.1843556824076224, "bound": 8.0}, "sigma": {"min": 0.6168749858345384, "mean": 1.8904818935401753, "median": 1.8287284542763493, "max": 4.309400406364445, "std": 0.18435568240762243}}, "2": {"ell": {"min": -2.374845459260979, "mean": 0.15938670020232779, "median": 0.10137664243388012, "max": 2.374845459260979, "std": 0.2837082864143722, "bound": 2.374845459260979}, "sigma": {"min": -1.6173576372625045, "mean": 2.064323403807107, "median": 1.9282517429825032, "max": 12.074845459260978, "std": 0.5189843374682234}}, "3": {"ell": {"min": -1.5737633357458851, "mean": 0.28216078951542534, "median": 0.38119640723846526, "max": 1.5737633357458851, "std": 0.3790019522995091, "bound": 1.5737633357458851}, "sigma": {"min": -2.971089752026303, "mean": 2.3476512220176375, "median": 2.305885454351521, "max": 13.648608795006863, "std": 0.6550275092666331}}, "4": {"ell": {"min": -1.4964593767050784, "mean": -0.1593916114232336, "median": -0.004855854236794191, "max": 1.4964593767050784, "std": 0.6600715551881442, "bound": 1.4964593767050784}, "sigma": {"min": -1.7421451953013025, "mean": 2.2151092370605903, "median": 2.2523648351552685, "max": 15.14506817171194, "std": 0.9374640150192624}}, "5": {"ell": {"min": -1.887770268057602, "mean": -0.32983807655004477, "median": -0.061430459612494215, "max": 1.887770268057602, "std": 0.6701500066128645, "bound": 1.887770268057602}, "sigma": {"min": -3.6391015526956316, "mean": 1.768854727964716, "median": 2.1880238883589476, "max": 17.03283843976954, "std": 1.019194519342992}}, "6": {"ell": {"min": -2.165089257622371, "mean": 0.6744392226260082, "median": 0.319425668839079, "max": 2.165089257622371, "std": 1.0350986958762958, "bound": 2.165089257622371}, "sigma": {"min": -3.1292337277019855, "mean": 2.450663942247999, "median": 2.35785677461533, "max": 16.20500894398176, "std": 1.39968009450952}}, "7": {"ell": {"min": -3.1410810670206937, "mean": -0.00033929152547849094, "median": 0.0, "max": 3.1410810670206937, "std": 0.14744190690968062, "bound": 3.1410810670206937}, "sigma": {"min": -3.7871173890632304, "mean": 2.5045213440856577, "median": 2.3587763726078386, "max": 19.346090011002453, "std": 1.6081638358122001}}, "8": {"ell": {"min": -1.3631269822794254, "mean": -0.10636413388506538, "median": -2.816053902338951e-10, "max": 1.3631269822794254, "std": 0.7141579146935046, "bound": 1.3631269822794254}, "sigma": {"min": -4.479971581006887, "mean": 2.3650216337195964, "median": 2.3340233765137275, "max": 20.709216993281878, "std": 1.7693788851043637}}, "9": {"ell": {"min": -1.8734879231271244, "mean": -0.014480701295546053, "median": -0.07594032878200374, "max": 1.8734879231271244, "std": 0.8962930262927994, "bound": 1.8734879231271244}}}