{"pde": {"dim": 3, "kappa": [0.0, 1.0, 0.8, 0.6, 0.4, 0.5, 0.3, 0.2, 0.1, 0.7, 1.0, 0.8, 0.6, 0.4, 0.5, 0.3, 0.2, 0.1, 0.7, 1.0, 0.8, 0.6, 0.4, 0.5, 0.3, 0.2, 0.1, 0.7], "theta": [0.0, 0.1, 0.2, 0.3, 0.4, 0.5, 0.4, 0.3, 0.2, 0.1, 0.1, 0.2, 0.3, 0.4, 0.5, 0.4, 0.3, 0.2, 0.1, 0.1, 0.2, 0.3, 0.4, 0.5, 0.4, 0.3, 0.2, 0.1], "nu": [0.2, 0.15, 0.11, 0.12, 0.1, 0.13, 0.14, 0.14, 0.1, 0.2, 0.15, 0.11, 0.12, 0.1, 0.13, 0.14, 0.14, 0.1, 0.2, 0.15, 0.11, 0.12, 0.1, 0.13, 0.14, 0.14, 0.1], "lb": [0.0, 1.15, 1.11, 0.12, 0.13, 0.15, 0.11, 0.12, 0.13, 0.15, 1.15, 1.11, 0.12, 0.13, 0.15, 0.11, 0.12, 0.13, 0.15, 1.15, 1.11, 0.12, 0.13, 0.15, 0.11, 0.12, 0.13, 0.15], "rho": [0.0, 0.0, 0.0, 0.0, 0.0, 0.0, 0.0, 0.0, 0.0, 0.0, 0.0, 0.0, 0.0, 0.0, 0.0, 0.0, 0.0, 0.0, 0.0, 0.0, 0.0, 0.0, 0.0, 0.0, 0.0, 0.0, 0.0, 0.0], "eta": 1.0, "T": 1.0}, "simulation": {"num_samples": 1024, "num_time_intervals": 10, "start": 0.0, "end": 1.0, "num_neurons": 4}, "optimal": 1.598311609167624, "0": {"ell": {"min": 0.0, "mean": 0.0, "median": 0.0, "max": 0.0, "std": 0.0}, "sigma": {"min": 1.7, "mean": 1.6999999999999997, "median": 1.7, "max": 1.7, "std": 2.2205544774091416e-16}}, "1": {"ell": {"min": -1.0, "mean": -0.1689708229718267, "median": -0.09095505897219897, "max": 1.0, "std": 0.305128118755945}, "sigma": {"min": 0.7, "mean": 1.5310291770281732, "median": 1.609044941027801, "max": 2.7, "std": 0.305128118755945}}, "2": {"ell": {"min": -1.0, "mean": -0.012204680321785729, "median": -0.10333272784514624, "max": 1.0, "std": 0.3885589112530756}, "sigma": {"min": -0.30000000000000004, "mean": 1.4934626023756206, "median": 1.5204206128898925, "max": 3.7, "std": 0.3011002219291571}}, "3": {"ell": {"min": -1.0, "mean": 0.05002320144145815, "median": -0.00044784009546732016, "max": 1.0, "std": 0.5909276518058564}, "sigma": {"min": -1.3, "mean": 1.5266417135374166, "median": 1.5663982333852622, "max": 4.7, "std": 0.685439740680199}}, "4": {"ell": {"min": -1.0, "mean": -0.045139581348097604, "median": 0.0001379971313850995, "max": 1.0, "std": 0.47706465431149564}, "sigma": {"min": -2.2086910218088205, "mean": 1.3284798417248045, "median": 1.5253358507531873, "max": 5.7, "std": 0.8330268423320119}}, "5": {"ell": {"min": -1.0, "mean": -0.0014688301290231855, "median": 0.0, "max": 1.0, "std": 0.08426730874044988}, "sigma": {"min": -3.247636182330985, "mean": 1.293025604963626, "median": 1.5105186324998716, "max": 5.7000151559687975, "std": 0.8486440681902734}}, "6": {"ell": {"min": -1.0, "mean": -0.0019333019270221324, "median": 0.0, "max": 1.0, "std": 0.061910235698542974}, "sigma": {"min": -2.2999999999961256, "mean": 1.3007535342589454, "median": 1.5154272578504013, "max": 5.838464075570483, "std": 0.8585604573177648}}, "7": {"ell": {"min": -1.0, "mean": 0.00042637998822830594, "median": -8.584571798018548e-18, "max": 1.0, "std": 0.06806919455372056}, "sigma": {"min": -3.2999999999999825, "mean": 1.3105769787572066, "median": 1.513077679519517, "max": 6.902516648780371, "std": 0.838837624849126}}, "8": {"ell": {"min": -1.0, "mean": 0.2682615224788981, "median": 0.05278575513991335, "max": 1.0, "std": 0.5053233696840803}, "sigma": {"min": -3.300000000010127, "mean": 1.5565698771692396, "median": 1.5064533186178735, "max": 6.700000000231048, "std": 0.6962650655697744}}, "9": {"ell": {"min": -1.0, "mean": -0.0003900327158270062, "median": 0.0, "max": 1.0, "std": 0.09914405972002859}, "sigma": {"min": -3.4546885343688163, "mean": 1.6465147386915948, "median": 1.567133429467942, "max": 7.10371683432474, "std": 0.7883097571527656}}, "10": {"ell": {"min": -1.0, "mean": -0.0006512462085898303, "median": 0.0, "max": 1.0, "std": 0.11699330330696459}, "sigma": {"min": -3.300000000056125, "mean": 1.6398821548967313, "median": 1.5665687991341457, "max": 6.866936269372557, "std": 0.7813021000050231}}}