{"pde": {"dim": 5, "kappa": [0.0, 1.0, 0.8, 0.6, 0.4, 0.5, 0.3, 0.2, 0.1, 0.7], "theta": [0.0, 0.1, 0.2, 0.3, 0.4, 0.5, 0.4, 0.3, 0.2, 0.1], "nu": [0.2, 0.15, 0.11, 0.12, 0.1, 0.13, 0.14, 0.14, 0.1], "lb": [0.0, 1.15, 1.11, 0.12, 0.13, 0.15, 0.11, 0.12, 0.13, 0.15], "rho": [0.0, 0.0, 0.0, 0.0, 0.0, 0.0, 0.0, 0.0, 0.0, 0.0], "eta": 1.0, "T": 1.0}, "simulation": {"num_samples": 1024, "num_time_intervals": 10, "start": 0.0, "end": 1.0, "num_neurons": 4}, "optimal": 1.6080733814101893, "0": {"ell": {"min": 0.0, "mean": 0.0, "median": 0.0, "max": 0.0, "std": 0.0}, "sigma": {"min": 1.35, "mean": 1.35, "median": 1.35, "max": 1.35, "std": 0.0}}, "1": {"ell": {"min": -0.1, "mean": 0.03835881616443311, "median": 0.03846014468558595, "max": 0.1, "std": 0.058909435636668686}, "sigma": {"min": 1.25, "mean": 1.3883588161644331, "median": 1.388460144685586, "max": 1.4500000000000002, "std": 0.05890943563666868}}, "2": {"ell": {"min": -0.1, "mean": 0.07533376129886536, "median": 0.1, "max": 0.1, "std": 0.045995179529858266}, "sigma": {"min": 1.15, "mean": 1.46286808798278, "median": 1.4636561408293485, "max": 1.5500000000000003, "std": 0.07910473566426941}}, "3": {"ell": {"min": -0.1, "mean": -0.005688369014258412, "median": -0.02195436047619076, "max": 0.1, "std": 0.05130219709669975}, "sigma": {"min": 1.0499999999999998, "mean": 1.454916018614688, "median": 1.4500000000000002, "max": 1.6500000000000004, "std": 0.09639422290251493}}, "4": {"ell": {"min": -0.1, "mean": -0.03836905861479454, "median": -0.03812022341530985, "max": 0.1, "std": 0.057150760223611735}, "sigma": {"min": 0.9499999999999998, "mean": 1.4144788255043466, "median": 1.397614394688757, "max": 1.7500000000000004, "std": 0.08479846297836852}}, "5": {"ell": {"min": -0.05, "mean": 0.013012432855740413, "median": 0.04122665411907239, "max": 0.05, "std": 0.04164377113044275}, "sigma": {"min": 0.8999999999999998, "mean": 1.427719527219071, "median": 1.432840517698523, "max": 1.8000000000000005, "std": 0.100647006917318}}, "6": {"ell": {"min": -0.05, "mean": -0.011374420655223197, "median": -0.028679331449908585, "max": 0.05, "std": 0.0422220354070842}, "sigma": {"min": 0.9499999999999998, "mean": 1.4147315392660411, "median": 1.4158286922086234, "max": 1.8500000000000005, "std": 0.10437623441353583}}, "7": {"ell": {"min": -0.05, "mean": -0.0315715898365687, "median": -0.05, "max": 0.05, "std": 0.02655933975955466}, "sigma": {"min": 0.9999999999999998, "mean": 1.3811345998854523, "median": 1.3741728791093029, "max": 1.9000000000000006, "std": 0.10021434173988045}}, "8": {"ell": {"min": -0.05, "mean": -0.02163807961234353, "median": -0.05, "max": 0.05, "std": 0.04013386939668349}, "sigma": {"min": 0.8499999999999998, "mean": 1.3618387332004787, "median": 1.3454589267805515, "max": 1.9500000000000006, "std": 0.11267599578654572}}, "9": {"ell": {"min": -0.05, "mean": -0.021859720791801127, "median": -0.0266200804461367, "max": 0.05, "std": 0.030666719865359234}, "sigma": {"min": 0.8999999999999998, "mean": 1.3412519264405338, "median": 1.3136902066375888, "max": 2.0000000000000004, "std": 0.11876845732874369}}, "10": {"ell": {"min": -0.05, "mean": 0.015617776022802694, "median": 0.02091244724969557, "max": 0.05, "std": 0.03376366572195027}}}