{"pde": {"dim": 5, "kappa": [0.0, 1.0, 0.8, 0.6, 0.4, 0.5, 0.3, 0.2, 0.1, 0.7], "theta": [0.0, 0.1, 0.2, 0.3, 0.4, 0.5, 0.4, 0.3, 0.2, 0.1], "nu": [0.2, 0.15, 0.11, 0.12, 0.1, 0.13, 0.14, 0.14, 0.1], "lb": [0.0, 1.15, 1.11, 0.12, 0.13, 0.15, 0.11, 0.12, 0.13, 0.15], "rho": [0.0, 0.0, 0.0, 0.0, 0.0, 0.0, 0.0, 0.0, 0.0, 0.0], "eta": 1.0, "T": 1.0}, "simulation": {"num_samples": 256, "num_time_intervals": 10, "start": 0.0, "end": 1.0, "num_neurons": 4}, "optimal": 1.6080733814101893, "0": {"ell": {"min": 1.35, "mean": 1.3500000000000003, "median": 1.35, "max": 1.35, "std": 2.2208798572156224e-16}}, "1": {"ell": {"min": 1.25, "mean": 1.3887611082283793, "median": 1.3806856453930743, "max": 1.4500000000000002, "std": 0.04324570354227025}}, "2": {"ell": {"min": 1.15, "mean": 1.4147248552352105, "median": 1.4094927697309836, "max": 1.5500000000000003, "std": 0.06513466050061119}}, "3": {"ell": {"min": 1.0666666666666667, "mean": 1.4084738052659678, "median": 1.40097032322454, "max": 1.6333333333333335, "std": 0.06795133406682956}}, "4": {"ell": {"min": 1.1291666666666667, "mean": 1.3946091580711806, "median": 1.3819435994314055, "max": 1.6958333333333335, "std": 0.07787820872111922}}, "5": {"ell": {"min": 0.9541666666666666, "mean": 1.382602269567037, "median": 1.3700182769111695, "max": 1.7458333333333336, "std": 0.08684227625577853}}, "6": {"ell": {"min": 1.0125, "mean": 1.3925906239138093, "median": 1.376710094325317, "max": 1.7875000000000003, "std": 0.08196713895418975}}, "7": {"ell": {"min": 0.9601190476190475, "mean": 1.3936057401186315, "median": 1.379262157993604, "max": 1.8232142857142861, "std": 0.0788527328827999}}, "8": {"ell": {"min": 1.1163690476190475, "mean": 1.407720906290112, "median": 1.3881942455313578, "max": 1.8544642857142861, "std": 0.08199190105746801}}, "9": {"ell": {"min": 0.8891865079365079, "mean": 1.3981323769845457, "median": 1.3804306998967328, "max": 1.8266865079365084, "std": 0.08685485913944273}}, "10": {"ell": {"min": 1.0475198412698417, "mean": 1.393069789435368, "median": 1.3744785031614946, "max": 1.8516865079365084, "std": 0.08705974614319213}}}