{"pde": {"dim": 2, "kappa": [0.0, 1.0, 0.8, 0.6, 0.4, 0.5, 0.3, 0.2, 0.1, 0.7], "theta": [0.0, 0.1, 0.2, 0.3, 0.4, 0.5, 0.4, 0.3, 0.2, 0.1], "nu": [0.2, 0.15, 0.11, 0.12, 0.1, 0.13, 0.14, 0.14, 0.1], "lb": [0.0, 1.15, 1.11, 0.12, 0.13, 0.15, 0.11, 0.12, 0.13, 0.15], "rho": [0.0, 0.0, 0.0, 0.0, 0.0, 0.0, 0.0, 0.0, 0.0, 0.0], "eta": 1.0, "T": 1.0}, "simulation": {"num_samples": 256, "num_time_intervals": 10, "start": 0.0, "end": 1.0, "num_neurons": 4}, "optimal": 1.15, "0": {"ell": {"min": 1.35, "mean": 1.3500000000000003, "median": 1.35, "max": 1.35, "std": 2.2208798572156224e-16}}, "1": {"ell": {"min": 1.25, "mean": 1.3727746268905274, "median": 1.3984841893686026, "max": 1.4500000000000002, "std": 0.07669311056003685}}, "2": {"ell": {"min": 1.15, "mean": 1.3421601692346647, "median": 1.3520649735080146, "max": 1.5500000000000003, "std": 0.0899699296300075}}, "3": {"ell": {"min": 1.0499999999999998, "mean": 1.3100457302773787, "median": 1.3091306928714208, "max": 1.6500000000000004, "std": 0.08156689782903116}}, "4": {"ell": {"min": 0.9499999999999998, "mean": 1.2796354895066335, "median": 1.2729017912620562, "max": 1.7500000000000004, "std": 0.08237153272837225}}, "5": {"ell": {"min": 1.0499999999999998, "mean": 1.2482527251377615, "median": 1.2388870669284948, "max": 1.8500000000000005, "std": 0.11324348047884868}}, "6": {"ell": {"min": 0.9333333333333332, "mean": 1.232825848731261, "median": 1.2087545357484761, "max": 1.9333333333333338, "std": 0.11785192842622501}}, "7": {"ell": {"min": 0.895238095238095, "mean": 1.238585058962953, "median": 1.2321345659600902, "max": 2.004761904761905, "std": 0.10478565078098163}}, "8": {"ell": {"min": 0.832738095238095, "mean": 1.2410999871587862, "median": 1.2257093553537135, "max": 2.067261904761905, "std": 0.10770879417064275}}, "9": {"ell": {"min": 0.9572338478898799, "mean": 1.204125915510891, "median": 1.1797437889280231, "max": 2.1228174603174605, "std": 0.11453105088891631}}, "10": {"ell": {"min": 0.7271825396825394, "mean": 1.198445071931978, "median": 1.1659613509412419, "max": 2.1728174603174604, "std": 0.1197170230447569}}, "11": {"ell": {"min": 0.681727994227994, "mean": 1.2099018115876654, "median": 1.1816643082854656, "max": 2.018272005772006, "std": 0.11923168551887446}}, "12": {"ell": {"min": 0.7233946608946606, "mean": 1.2202340233382787, "median": 1.1828235100537612, "max": 2.033748196248197, "std": 0.12941011512514705}}, "13": {"ell": {"min": 0.7849331224331223, "mean": 1.2284013251309078, "median": 1.1980857152262625, "max": 2.098400210900211, "std": 0.124951811274064}}}