{"pde": {"dim": 2, "kappa": [0.0, 1.0, 0.8, 0.6, 0.4, 0.5, 0.3, 0.2, 0.1, 0.7], "theta": [0.0, 0.4, 0.2, 0.3, 0.4, 0.5, 0.4, 0.3, 0.2, 0.1], "nu": [0.0, 0.2, 0.15, 0.11, 0.12, 0.1, 0.13, 0.14, 0.14, 0.1], "lb": [0.0, 1.5, 1.11, 0.12, 0.13, 0.15, 0.11, 0.12, 0.13, 0.15], "rho": [0.0, 0.0, 0.0, 0.0, 0.0, 0.0, 0.0, 0.0, 0.0, 0.0], "eta": 0.5, "T": 1.0}, "simulation": {"num_samples": 1024, "num_time_intervals": 10, "start": 0.0, "end": 1.0, "num_neurons": 4}, "optimal": 3.0, "bounds": 8.0, "0": {"ell": {"min": 0.0, "mean": 0.0, "median": 0.0, "max": 0.0, "std": 0.0, "bound": 0.0}, "sigma": {"min": 1.7, "mean": 1.6999999999999997, "median": 1.7, "max": 1.7, "std": 2.2205544774091416e-16}}, "1": {"ell": {"min": -8.0, "mean": 0.20968942527066795, "median": 0.1624041367576741, "max": 8.0, "std": 0.20840090420202795, "bound": 8.0}, "sigma": {"min": -6.3, "mean": 1.909689425270668, "median": 1.862404136757674, "max": 9.7, "std": 0.20840090420202795}}, "2": {"ell": {"min": -1.6672072336162236, "mean": 0.1522237464490433, "median": 0.11379246218472733, "max": 1.6672072336162236, "std": 0.2779108086413111, "bound": 1.6672072336162236}, "sigma": {"min": -7.967207233616223, "mean": 2.07017153710439, "median": 1.9689486882989138, "max": 11.367207233616224, "std": 0.5002176247301454}}, "3": {"ell": {"min": -0.463334910466928, "mean": -0.08612551445017427, "median": -0.006642339424823309, "max": 0.463334910466928, "std": 0.17346233055743682, "bound": 0.463334910466928}, "sigma": {"min": -4.652348447876871, "mean": 1.991695307663102, "median": 1.9349105010220105, "max": 11.830542144083152, "std": 0.5392129990144695}}, "4": {"ell": {"min": -0.08037115339821466, "mean": 0.07735592500100572, "median": 0.08037115339821466, "max": 0.08037115339821466, "std": 0.02115020231381752, "bound": 0.08037115339821466}, "sigma": {"min": -4.745168509474319, "mean": 2.0497788817190594, "median": 2.0141641981158784, "max": 11.868177859110878, "std": 0.4478070380874331}}, "5": {"ell": {"min": -0.0016998661545671026, "mean": -0.0005454915758474875, "median": -0.00014129424586822655, "max": 0.0016998661545671026, "std": 0.001085553212232446, "bound": 0.0016998661545671026}, "sigma": {"min": -0.7823301988720418, "mean": 2.0636286355962925, "median": 2.0145531414208135, "max": 11.9092134313268, "std": 0.49047020396669355}}, "6": {"ell": {"min": -1.8452951644555337e-06, "mean": -7.210279623673666e-07, "median": -1.8452951644555337e-06, "max": 1.8452951644555337e-06, "std": 1.698584987314078e-06, "bound": 1.8452951644555337e-06}, "sigma": {"min": -8.076876082852749, "mean": 2.0670817291447166, "median": 2.0160235815211554, "max": 11.912615008931098, "std": 0.5088178999954119}}, "7": {"ell": {"min": -3.134390663507432e-12, "mean": 1.3443597455199845e-12, "median": 3.134390663507432e-12, "max": 3.134390663507432e-12, "std": 2.831586958343636e-12, "bound": 3.134390663507432e-12}, "sigma": {"min": -5.017454544308758, "mean": 2.0561450168966577, "median": 2.010257067940265, "max": 11.910018648842827, "std": 0.48747686314612143}}, "8": {"ell": {"min": -8.875299725141699e-24, "mean": -2.6417884338117088e-24, "median": -8.875299725141699e-24, "max": 8.875299725141699e-24, "std": 8.473423788201967e-24, "bound": 8.875299725141699e-24}, "sigma": {"min": -4.716173658045035, "mean": 2.0654562867016457, "median": 2.01461599345348, "max": 11.910883260383097, "std": 0.4965206224096844}}, "9": {"ell": {"min": -7.520417581843805e-47, "mean": -2.059301845653323e-47, "median": -7.520417581843805e-47, "max": 7.520417581843805e-47, "std": 7.2333302145622435e-47, "bound": 7.520417581843805e-47}, "sigma": {"min": -8.00960171157724, "mean": 2.058617970398236, "median": 2.0142427106569163, "max": 11.9092115860285, "std": 0.4691140037563964}}, "10": {"ell": {"min": -5.439766372087592e-93, "mean": 4.518618433689164e-93, "median": 5.439766372087592e-93, "max": 5.439766372087592e-93, "std": 3.0288680288378788e-93, "bound": 5.439766372087592e-93}, "sigma": {"min": -8.351872702131534, "mean": 2.056106519733661, "median": 2.014597695380155, "max": 11.910703252578381, "std": 0.49170696777497}}}