{"pde": {"dim": 2, "kappa": [0.0, 1.0, 0.8, 0.6, 0.4, 0.5, 0.3, 0.2, 0.1, 0.7], "theta": [0.0, 0.4, 0.2, 0.3, 0.4, 0.5, 0.4, 0.3, 0.2, 0.1], "nu": [0.0, 0.2, 0.15, 0.11, 0.12, 0.1, 0.13, 0.14, 0.14, 0.1], "lb": [0.0, 1.5, 1.11, 0.12, 0.13, 0.15, 0.11, 0.12, 0.13, 0.15], "rho": [0.0, 0.0, 0.0, 0.0, 0.0, 0.0, 0.0, 0.0, 0.0, 0.0], "eta": 0.5, "T": 1.0}, "simulation": {"num_samples": 1024, "num_time_intervals": 10, "start": 0.0, "end": 1.0, "num_neurons": 4}, "optimal": 3.0, "bounds": 8.0, "0": {"ell": {"min": 0.0, "mean": 0.0, "median": 0.0, "max": 0.0, "std": 0.0, "bound": 0.0}, "sigma": {"min": 1.7, "mean": 1.6999999999999997, "median": 1.7, "max": 1.7, "std": 2.2205544774091416e-16}}, "1": {"ell": {"min": -2.4786329937326883, "mean": 0.20650357375759895, "median": 0.14751132452964497, "max": 8.0, "std": 0.25402236584405946, "bound": 8.0}, "sigma": {"min": -0.7786329937326883, "mean": 1.906503573757599, "median": 1.8475113245296448, "max": 9.7, "std": 0.25402236584405946}}, "2": {"ell": {"min": -20.321789267524757, "mean": 0.40582363591180626, "median": 0.34472255072999314, "max": 20.321789267524757, "std": 2.430445119670603, "bound": 20.321789267524757}, "sigma": {"min": -18.522661049381735, "mean": 2.3187142915399575, "median": 2.170908530217124, "max": 30.021789267524756, "std": 2.42343564890178}}, "3": {"ell": {"min": -493.90993548229983, "mean": -0.1942652399620281, "median": 0.0, "max": 493.90993548229983, "std": 13.804798138071275, "bound": 493.90993548229983}, "sigma": {"min": -512.0407192594007, "mean": 2.1630387597725855, "median": 2.1613727634771513, "max": 516.5039748713915, "std": 14.363754106416254}}, "4": {"ell": {"min": -9.310952240792794, "mean": 0.05327902524744903, "median": 0.06491176389405813, "max": 8.606887354669604, "std": 0.1702483227886729, "bound": 68183.26957720956}, "sigma": {"min": -485.8464492999126, "mean": 2.468292104661656, "median": 2.2372357903942097, "max": 507.5285189993824, "std": 11.182168519868574}}, "5": {"ell": {"min": -2.3217504375268105, "mean": 0.0425414723803015, "median": 0.04597457138874647, "max": 2.678607173786336, "std": 0.06888323870608172, "bound": 116080.87287767876}, "sigma": {"min": -479.48838795254346, "mean": 2.32111764554733, "median": 2.2770205166738187, "max": 509.48571886697897, "std": 14.543892475468082}}, "6": {"ell": {"min": -12.899515174223724, "mean": 0.05032606588150558, "median": 0.026369026164907272, "max": 0.7725343846163062, "std": 0.2187967775990846, "bound": 79960.26475643474}, "sigma": {"min": -509.30872529033746, "mean": 2.3420919061830348, "median": 2.3004881512080315, "max": 30.36025412059456, "std": 10.200410402099035}}, "7": {"ell": {"min": -24.55922217846473, "mean": -0.011018809467460911, "median": -0.0003703041475844396, "max": 25.1902703903923, "std": 0.6798898246391187, "bound": 174950.48264677575}, "sigma": {"min": -501.8680687936599, "mean": 2.3579251297212442, "median": 2.256867428626072, "max": 548.2534423283932, "std": 16.418761356623936}}, "8": {"ell": {"min": -8.516278558600401, "mean": 0.06846706298847391, "median": 0.06501890761051327, "max": 9.272874933826614, "std": 0.18263489733470292, "bound": 1189470.5296724555}, "sigma": {"min": -500.9966892490926, "mean": 2.521508433623891, "median": 2.314153889323666, "max": 536.8247168343211, "std": 10.483846620371907}}, "9": {"ell": {"min": -6.049359533912088, "mean": 0.03648939425007948, "median": 0.0311963797856384, "max": 5.92936537863958, "std": 0.17491291920710583, "bound": 2172388.2806938365}, "sigma": {"min": -532.0372609732775, "mean": 2.6605807824301526, "median": 2.3352007225655234, "max": 552.5888304911139, "std": 16.163059331421092}}, "10": {"ell": {"min": -10.875000612227137, "mean": 0.12010959525843903, "median": 0.132589106759346, "max": 13.264182393750175, "std": 0.2642290160543679, "bound": 3799787.758274646}, "sigma": {"min": -537.6391761044897, "mean": 2.6673804649170973, "median": 2.4594891081830603, "max": 565.8799435357433, "std": 14.019136912922566}}}