{"pde": {"dim": 2, "kappa": [0.0, 1.0, 0.8, 0.6, 0.4, 0.5, 0.3, 0.2, 0.1, 0.7], "theta": [0.0, 0.4, 0.2, 0.3, 0.4, 0.5, 0.4, 0.3, 0.2, 0.1], "nu": [0.0, 0.2, 0.15, 0.11, 0.12, 0.1, 0.13, 0.14, 0.14, 0.1], "lb": [0.0, 1.5, 1.11, 0.12, 0.13, 0.15, 0.11, 0.12, 0.13, 0.15], "rho": [0.0, 0.0, 0.0, 0.0, 0.0, 0.0, 0.0, 0.0, 0.0, 0.0], "eta": 0.5, "T": 1.0}, "simulation": {"num_samples": 4096, "num_time_intervals": 20, "start": 0.9, "end": 1.1, "num_neurons": 6}, "optimal": 3.0, "bounds": 4.0, "0": {"ell": {"min": 0.0, "mean": 0.0, "median": 0.0, "max": 0.0, "std": 0.0, "bound": 0.0}, "sigma": {"min": 0.7, "mean": 0.6999999999999998, "median": 0.7, "max": 0.7, "std": 1.1102298009507737e-16}}, "1": {"ell": {"min": 0.06380058696839049, "mean": 0.28957757179062915, "median": 0.25440677482111673, "max": 2.7662411054050478, "std": 0.12126472178762718, "bound": 4.0}, "sigma": {"min": 0.7638005869683905, "mean": 0.989577571790629, "median": 0.9544067748211167, "max": 3.4662411054050475, "std": 0.12126472178762718}}, "2": {"ell": {"min": -2.3642882849822104, "mean": 0.26316012170251046, "median": 0.24779255452882584, "max": 3.5, "std": 0.11130773165803128, "bound": 3.5}, "sigma": {"min": 0.816838309160385, "mean": 1.2620703695129687, "median": 1.1986396964129562, "max": 4.513955467541816, "std": 0.23350166930455138}}, "3": {"ell": {"min": -3.0, "mean": 0.18593062993699028, "median": 0.1694031696537912, "max": 3.0, "std": 0.10247864049793487, "bound": 3.0}, "sigma": {"min": -1.7643655382154568, "mean": 1.455989893746343, "median": 1.3619502319836654, "max": 5.002559992609133, "std": 0.3157173385413587}}, "4": {"ell": {"min": -2.5, "mean": 0.18584134816716563, "median": 0.18197545628229242, "max": 2.5, "std": 0.09290157741238068, "bound": 2.5}, "sigma": {"min": 0.831738310451998, "mean": 1.6458017763760033, "median": 1.5407780528310715, "max": 7.5319986813804025, "std": 0.3577116317008338}}, "5": {"ell": {"min": -2.0, "mean": 0.1729645648346067, "median": 0.17182278640289075, "max": 2.0, "std": 0.09028013315608192, "bound": 2.0}, "sigma": {"min": -0.5608359353335395, "mean": 1.821130984397978, "median": 1.711374930510167, "max": 6.02063895520339, "std": 0.40496466743410137}}}