{"pde": {"dim": 3, "kappa": [0.0, 1.0, 0.8, 0.6, 0.4, 0.5, 0.3, 0.2, 0.1, 0.7, 1.0, 0.8, 0.6, 0.4, 0.5, 0.3, 0.2, 0.1, 0.7, 1.0, 0.8, 0.6, 0.4, 0.5, 0.3, 0.2, 0.1, 0.7], "theta": [0.0, 0.1, 0.2, 0.3, 0.4, 0.5, 0.4, 0.3, 0.2, 0.1, 0.1, 0.2, 0.3, 0.4, 0.5, 0.4, 0.3, 0.2, 0.1, 0.1, 0.2, 0.3, 0.4, 0.5, 0.4, 0.3, 0.2, 0.1], "nu": [0.2, 0.15, 0.11, 0.12, 0.1, 0.13, 0.14, 0.14, 0.1, 0.2, 0.15, 0.11, 0.12, 0.1, 0.13, 0.14, 0.14, 0.1, 0.2, 0.15, 0.11, 0.12, 0.1, 0.13, 0.14, 0.14, 0.1], "lb": [0.0, 1.15, 1.11, 0.12, 0.13, 0.15, 0.11, 0.12, 0.13, 0.15, 1.15, 1.11, 0.12, 0.13, 0.15, 0.11, 0.12, 0.13, 0.15, 1.15, 1.11, 0.12, 0.13, 0.15, 0.11, 0.12, 0.13, 0.15], "rho": [0.0, 0.0, 0.0, 0.0, 0.0, 0.0, 0.0, 0.0, 0.0, 0.0, 0.0, 0.0, 0.0, 0.0, 0.0, 0.0, 0.0, 0.0, 0.0, 0.0, 0.0, 0.0, 0.0, 0.0, 0.0, 0.0, 0.0, 0.0], "eta": 1.0, "T": 1.0}, "simulation": {"num_samples": 1024, "num_time_intervals": 10, "start": 0.0, "end": 1.0, "num_neurons": 4}, "optimal": 1.598311609167624, "0": {"ell": {"min": 0.0, "mean": 0.0, "median": 0.0, "max": 0.0, "std": 0.0}, "sigma": {"min": 2.0, "mean": 2.0, "median": 2.0, "max": 2.0, "std": 0.0}}, "1": {"ell": {"min": -0.5, "mean": -0.03709236610579887, "median": -0.00022135313760352106, "max": 0.5, "std": 0.251992757999464}, "sigma": {"min": 1.5, "mean": 1.962907633894201, "median": 1.9997786468623964, "max": 2.5, "std": 0.251992757999464}}, "2": {"ell": {"min": -0.5, "mean": -0.09074529311127183, "median": -0.049774950447264, "max": 0.5, "std": 0.36494855301277085}, "sigma": {"min": 1.0, "mean": 1.8533594210265858, "median": 1.9851312055434618, "max": 3.0, "std": 0.4749894000944337}}, "3": {"ell": {"min": -0.5, "mean": 0.0028678558413608073, "median": -3.2961766938951964e-15, "max": 0.5, "std": 0.11110721000369739}, "sigma": {"min": 0.5, "mean": 1.8304088958364944, "median": 1.9664721432612793, "max": 3.5, "std": 0.5036389027747672}}, "4": {"ell": {"min": -0.5, "mean": 0.0991230852278325, "median": 0.018576085653823477, "max": 0.5, "std": 0.34470453844835425}, "sigma": {"min": 0.0, "mean": 1.9175767205803431, "median": 1.9927783000976556, "max": 4.0, "std": 0.5930282805862156}}, "5": {"ell": {"min": -0.4, "mean": -0.005083173908527634, "median": 0.0, "max": 0.4, "std": 0.10711655310282697}, "sigma": {"min": -0.12066017778573734, "mean": 1.9306033578407789, "median": 1.9948250269381074, "max": 4.4, "std": 0.6005844986110956}}, "6": {"ell": {"min": -0.3333333333333333, "mean": -0.01661814345165208, "median": -3.412421911015074e-11, "max": 0.3333333333333333, "std": 0.13796281485902842}, "sigma": {"min": 2.8830984887560943e-09, "mean": 1.907146249233514, "median": 1.9766177720729845, "max": 4.399999999998674, "std": 0.603896444164824}}, "7": {"ell": {"min": -0.2857142857142857, "mean": -0.0028411665868921616, "median": 0.0, "max": 0.2857142857142857, "std": 0.07754042767824026}, "sigma": {"min": -0.12857941332924247, "mean": 1.910448176921561, "median": 1.9771345235919375, "max": 5.019047619047619, "std": 0.6080211000758036}}, "8": {"ell": {"min": -0.25, "mean": -0.011110288517741786, "median": -1.138914149308437e-07, "max": 0.25, "std": 0.09976890037682759}, "sigma": {"min": -0.01990377263854708, "mean": 1.8909604588122346, "median": 1.964919620464322, "max": 4.869047618023504, "std": 0.6110063731338699}}, "9": {"ell": {"min": -0.2222222222222222, "mean": -0.009303147091546329, "median": 0.0, "max": 0.2222222222222222, "std": 0.0648319592048798}, "sigma": {"min": -0.34769207535919205, "mean": 1.8861183451555394, "median": 1.9634360498517256, "max": 4.8763500724894255, "std": 0.6103870214220534}}, "10": {"ell": {"min": -0.2, "mean": 0.0012083298214849562, "median": -1.498997826341071e-10, "max": 0.2, "std": 0.03385326029508835}, "sigma": {"min": -0.3588610001704794, "mean": 1.8802267886880244, "median": 1.956251816336289, "max": 4.631798463116526, "std": 0.6086079183395321}}}