{"pde": {"dim": 2, "kappa": [0.0, 1.0, 0.8, 0.6, 0.4, 0.5, 0.3, 0.2, 0.1, 0.7], "theta": [0.0, 0.4, 0.2, 0.3, 0.4, 0.5, 0.4, 0.3, 0.2, 0.1], "nu": [0.0, 0.2, 0.15, 0.11, 0.12, 0.1, 0.13, 0.14, 0.14, 0.1], "lb": [0.0, 1.5, 1.11, 0.12, 0.13, 0.15, 0.11, 0.12, 0.13, 0.15], "rho": [0.0, 0.0, 0.0, 0.0, 0.0, 0.0, 0.0, 0.0, 0.0, 0.0], "eta": 0.5, "T": 1.0}, "simulation": {"num_samples": 1024, "num_time_intervals": 10, "start": 0.0, "end": 1.0, "num_neurons": 4}, "optimal": 3.0, "bounds": 8.0, "0": {"ell": {"min": 0.0, "mean": 0.0, "median": 0.0, "max": 0.0, "std": 0.0, "bound": 0.0}, "sigma": {"min": 1.7, "mean": 1.6999999999999997, "median": 1.7, "max": 1.7, "std": 2.2205544774091416e-16}}, "1": {"ell": {"min": 0.02315266974696314, "mean": 0.2032804217872611, "median": 0.14714749460477886, "max": 8.0, "std": 0.23722368860900037, "bound": 8.0}, "sigma": {"min": 1.723152669746963, "mean": 1.903280421787261, "median": 1.8471474946047788, "max": 9.7, "std": 0.23722368860900034}}, "2": {"ell": {"min": -7.2, "mean": 0.25278281732604113, "median": 0.27756584032073134, "max": 7.2, "std": 0.837516448948573, "bound": 7.2}, "sigma": {"min": -5.405396436511554, "mean": 2.1722073562731237, "median": 2.1310086824769665, "max": 16.9, "std": 0.8656364788242282}}, "3": {"ell": {"min": -6.48, "mean": 0.036532111429703376, "median": -0.014427636683878017, "max": 6.48, "std": 1.9537790821316687, "bound": 6.48}, "sigma": {"min": -11.730910968816087, "mean": 2.1862367423619986, "median": 2.070326272612811, "max": 23.38, "std": 2.2793727570346003}}, "4": {"ell": {"min": -6.48, "mean": -0.005013599685166978, "median": 0.0, "max": 6.48, "std": 0.34037891338851234, "bound": 6.48}, "sigma": {"min": -18.22341369279904, "mean": 2.078575478617642, "median": 2.071593945736128, "max": 23.38, "std": 1.978897213507176}}, "5": {"ell": {"min": -6.48, "mean": 0.45679603890727066, "median": -4.448582900759331e-09, "max": 6.48, "std": 2.1079577057192256, "bound": 6.48}, "sigma": {"min": -18.185330709331883, "mean": 2.539699360059408, "median": 2.0373756053388083, "max": 23.380716335554585, "std": 2.914206454110922}}, "6": {"ell": {"min": -5.832000000000001, "mean": 0.005682123889450404, "median": 0.0, "max": 5.832000000000001, "std": 0.3282801643970925, "bound": 5.832000000000001}, "sigma": {"min": -18.120707723765523, "mean": 2.6014887960756177, "median": 2.0386098140494227, "max": 23.38427506909449, "std": 3.2317508686205794}}, "7": {"ell": {"min": -5.832000000000001, "mean": -1.1031501166807114, "median": -0.011089802380245128, "max": 5.832000000000001, "std": 3.0373774268558487, "bound": 5.832000000000001}, "sigma": {"min": -17.309285830690897, "mean": 1.5120165964081145, "median": 1.8021057276444616, "max": 23.454796237526267, "std": 4.528086018231954}}, "8": {"ell": {"min": -5.832000000000001, "mean": -0.002866865667170354, "median": 0.0, "max": 5.832000000000001, "std": 0.4788993078184211, "bound": 5.832000000000001}, "sigma": {"min": -18.692367409742875, "mean": 1.6465028048993737, "median": 1.8641412789260894, "max": 26.897607334733966, "std": 4.335863637850265}}, "9": {"ell": {"min": -5.832000000000001, "mean": -0.0021101415543625783, "median": 0.0, "max": 5.832000000000001, "std": 0.42781693508403645, "bound": 5.832000000000001}, "sigma": {"min": -28.98524198113244, "mean": 1.6976813826716435, "median": 1.871025741384234, "max": 26.34265734393274, "std": 4.3567526301850945}}, "10": {"ell": {"min": -5.832000000000001, "mean": -0.013659270373552277, "median": 0.0, "max": 5.832000000000001, "std": 0.4643478578161336, "bound": 5.832000000000001}, "sigma": {"min": -23.030105888538195, "mean": 1.7137819123225513, "median": 1.8852586207557054, "max": 28.199538847576832, "std": 4.396830900132793}}}