{"pde": {"dim": 2, "kappa": [0.0, 1.0, 0.8, 0.6, 0.4, 0.5, 0.3, 0.2, 0.1, 0.7], "theta": [0.0, 0.4, 0.2, 0.3, 0.4, 0.5, 0.4, 0.3, 0.2, 0.1], "nu": [0.0, 0.2, 0.15, 0.11, 0.12, 0.1, 0.13, 0.14, 0.14, 0.1], "lb": [0.0, 1.5, 1.11, 0.12, 0.13, 0.15, 0.11, 0.12, 0.13, 0.15], "rho": [0.0, 0.0, 0.0, 0.0, 0.0, 0.0, 0.0, 0.0, 0.0, 0.0], "eta": 0.5, "T": 1.0}, "simulation": {"num_samples": 4096, "num_time_intervals": 20, "start": 0.9, "end": 1.1, "num_neurons": 6}, "optimal": 3.0, "bounds": 8.0, "0": {"ell": {"min": 0.0, "mean": 0.0, "median": 0.0, "max": 0.0, "std": 0.0, "bound": 0.0}, "sigma": {"min": 0.7, "mean": 0.6999999999999998, "median": 0.7, "max": 0.7, "std": 1.1102298009507737e-16}}, "1": {"ell": {"min": 0.06091677578861328, "mean": 0.3116677160101317, "median": 0.27422881673950883, "max": 2.8662325719407518, "std": 0.13962627441682743, "bound": 8.0}, "sigma": {"min": 0.7609167757886133, "mean": 1.0116677160101317, "median": 0.9742288167395088, "max": 3.566232571940752, "std": 0.13962627441682743}}, "2": {"ell": {"min": -7.5, "mean": 0.2165108703662421, "median": 0.19921974090024958, "max": 7.5, "std": 0.1646945050234006, "bound": 7.5}, "sigma": {"min": -5.621676318580597, "mean": 1.2408667400654128, "median": 1.172076066785371, "max": 8.570605536248577, "std": 0.27703852092676523}}, "3": {"ell": {"min": -7.0, "mean": 0.2387967876416493, "median": 0.22235333097156756, "max": 7.0, "std": 0.25831472155005036, "bound": 7.0}, "sigma": {"min": -8.607935897683621, "mean": 1.4873515199511314, "median": 1.3897350980756256, "max": 15.461848044602009, "std": 0.400947596402261}}, "4": {"ell": {"min": -6.5, "mean": 0.16135889933941658, "median": 0.11891157699972826, "max": 6.5, "std": 0.5861341936285591, "bound": 6.5}, "sigma": {"min": -11.337871270887256, "mean": 1.658066440109159, "median": 1.5115194997120647, "max": 22.01263005082234, "std": 0.7761655412586572}}, "5": {"ell": {"min": -6.0, "mean": 0.1656112561048831, "median": -0.20078699126282773, "max": 6.0, "std": 3.8923983254207397, "bound": 6.0}, "sigma": {"min": -17.60108404832494, "mean": 1.8193923828333496, "median": 1.2892516989572662, "max": 28.0066404761849, "std": 3.9132578328807086}}}