{"pde": {"dim": 3, "kappa": [0.0, 1.0, 0.8, 0.6, 0.4, 0.5, 0.3, 0.2, 0.1, 0.7, 1.0, 0.8, 0.6, 0.4, 0.5, 0.3, 0.2, 0.1, 0.7, 1.0, 0.8, 0.6, 0.4, 0.5, 0.3, 0.2, 0.1, 0.7], "theta": [0.0, 0.1, 0.2, 0.3, 0.4, 0.5, 0.4, 0.3, 0.2, 0.1, 0.1, 0.2, 0.3, 0.4, 0.5, 0.4, 0.3, 0.2, 0.1, 0.1, 0.2, 0.3, 0.4, 0.5, 0.4, 0.3, 0.2, 0.1], "nu": [0.2, 0.15, 0.11, 0.12, 0.1, 0.13, 0.14, 0.14, 0.1, 0.2, 0.15, 0.11, 0.12, 0.1, 0.13, 0.14, 0.14, 0.1, 0.2, 0.15, 0.11, 0.12, 0.1, 0.13, 0.14, 0.14, 0.1], "lb": [0.0, 1.15, 1.11, 0.12, 0.13, 0.15, 0.11, 0.12, 0.13, 0.15, 1.15, 1.11, 0.12, 0.13, 0.15, 0.11, 0.12, 0.13, 0.15, 1.15, 1.11, 0.12, 0.13, 0.15, 0.11, 0.12, 0.13, 0.15], "rho": [0.0, 0.0, 0.0, 0.0, 0.0, 0.0, 0.0, 0.0, 0.0, 0.0, 0.0, 0.0, 0.0, 0.0, 0.0, 0.0, 0.0, 0.0, 0.0, 0.0, 0.0, 0.0, 0.0, 0.0, 0.0, 0.0, 0.0, 0.0], "eta": 1.0, "T": 1.0}, "simulation": {"num_samples": 1024, "num_time_intervals": 10, "start": 0.0, "end": 1.0, "num_neurons": 4}, "optimal": 1.598311609167624, "0": {"ell": {"min": 0.0, "mean": 0.0, "median": 0.0, "max": 0.0, "std": 0.0}, "sigma": {"min": 2.0, "mean": 2.0, "median": 2.0, "max": 2.0, "std": 0.0}}, "1": {"ell": {"min": -0.5, "mean": 0.047821653623449936, "median": 0.01170565441227094, "max": 0.5, "std": 0.366859847033169}, "sigma": {"min": 1.5, "mean": 2.04782165362345, "median": 2.011705654412271, "max": 2.5, "std": 0.366859847033169}}, "2": {"ell": {"min": -0.5, "mean": -0.05768479296326767, "median": 5.336152065047219e-08, "max": 0.5, "std": 0.3290695015462661}, "sigma": {"min": 1.0, "mean": 1.9771432714869728, "median": 2.00043596304862, "max": 3.0, "std": 0.5056174149570475}}, "3": {"ell": {"min": -0.5, "mean": 0.013554983066212148, "median": 2.1720613459237007e-05, "max": 0.5, "std": 0.22250348994699615}, "sigma": {"min": 0.5, "mean": 1.9769474048567008, "median": 2.002569823647717, "max": 3.5, "std": 0.5978515415344061}}, "4": {"ell": {"min": -0.5, "mean": -0.0035004572388150413, "median": -1.8353282531322027e-21, "max": 0.5, "std": 0.28446220834370933}, "sigma": {"min": 0.0, "mean": 1.953745510640981, "median": 2.0007487480078003, "max": 4.0, "std": 0.6546310665082898}}, "5": {"ell": {"min": -0.1, "mean": -0.012738054828042949, "median": -0.001033374040525713, "max": 0.1, "std": 0.06972050926452834}, "sigma": {"min": 0.1, "mean": 1.9416591729452388, "median": 2.0004881204198965, "max": 4.1, "std": 0.6808440594117212}}, "6": {"ell": {"min": -0.1, "mean": -0.04328605721473878, "median": -0.07625674936078594, "max": 0.1, "std": 0.06704151746391517}, "sigma": {"min": 0.2, "mean": 1.8754304987185613, "median": 1.9989513323955583, "max": 4.199999999999999, "std": 0.6658614848059623}}, "7": {"ell": {"min": -0.1, "mean": -0.004962108320131613, "median": 1.5610290273479875e-13, "max": 0.1, "std": 0.048764376916404346}, "sigma": {"min": 0.20000000134258505, "mean": 1.8890726449614412, "median": 1.988157952731132, "max": 4.1, "std": 0.6530058831099034}}, "8": {"ell": {"min": -0.1, "mean": -0.0026589618376485114, "median": 0.0, "max": 0.1, "std": 0.04279881317570773}, "sigma": {"min": 0.20000000132421464, "mean": 1.8853625755652843, "median": 1.9911971084568763, "max": 4.128090489278011, "std": 0.6626087152634171}}, "9": {"ell": {"min": -0.1, "mean": 0.00030912783366127225, "median": 0.0, "max": 0.1, "std": 0.02698977381345462}, "sigma": {"min": 0.35581464601676926, "mean": 1.8779112540838194, "median": 1.983444418592733, "max": 4.1, "std": 0.6556018220608032}}, "10": {"ell": {"min": -0.1, "mean": -0.0059334462479117885, "median": -8.147981916804381e-10, "max": 0.1, "std": 0.03562631292111789}}}