{"pde": {"dim": 2, "kappa": [0.0, 1.0, 0.8, 0.6, 0.4, 0.5, 0.3, 0.2, 0.1, 0.7], "theta": [0.0, 0.1, 0.2, 0.3, 0.4, 0.5, 0.4, 0.3, 0.2, 0.1], "nu": [0.2, 0.15, 0.11, 0.12, 0.1, 0.13, 0.14, 0.14, 0.1], "lb": [0.0, 1.15, 1.11, 0.12, 0.13, 0.15, 0.11, 0.12, 0.13, 0.15], "rho": [0.0, 0.0, 0.0, 0.0, 0.0, 0.0, 0.0, 0.0, 0.0, 0.0], "eta": 1.0, "T": 1.0}, "simulation": {"num_samples": 256, "num_time_intervals": 10, "start": 0.0, "end": 1.0, "num_neurons": 4}, "optimal": 1.15, "0": {"ell": {"min": 1.35, "mean": 1.3500000000000003, "median": 1.35, "max": 1.35, "std": 2.2208798572156224e-16}}, "1": {"ell": {"min": 1.25, "mean": 1.286748118784762, "median": 1.2687704911133049, "max": 1.4500000000000002, "std": 0.048958690845307705}}, "2": {"ell": {"min": 1.15, "mean": 1.2153920981237438, "median": 1.1880374837798724, "max": 1.5500000000000003, "std": 0.0801915597804119}}, "3": {"ell": {"min": 1.0499999999999998, "mean": 1.2309560901229666, "median": 1.2152550860049716, "max": 1.6500000000000004, "std": 0.08394475028801834}}, "4": {"ell": {"min": 1.0726997639498932, "mean": 1.2106022367904745, "median": 1.1793769406351882, "max": 1.7500000000000004, "std": 0.09503782864009346}}, "5": {"ell": {"min": 0.8499999999999999, "mean": 1.161500818369794, "median": 1.1269782798651522, "max": 1.8500000000000005, "std": 0.11640334872858688}}, "6": {"ell": {"min": 0.7499999999999999, "mean": 1.167332797731262, "median": 1.1383957484632337, "max": 1.9500000000000006, "std": 0.10580293815677476}}, "7": {"ell": {"min": 0.8499999999999999, "mean": 1.1882838413417698, "median": 1.1686594204051313, "max": 2.0500000000000007, "std": 0.0988689895895911}}, "8": {"ell": {"min": 0.7499999999999999, "mean": 1.1612802900851396, "median": 1.1181275714435204, "max": 2.10962993694373, "std": 0.14729040464062607}}, "9": {"ell": {"min": 0.8611111111111109, "mean": 1.1074339155477513, "median": 1.061294426508229, "max": 2.061111111111112, "std": 0.1582055311208859}}, "10": {"ell": {"min": 0.8767741517562186, "mean": 1.127557729663256, "median": 1.0648293834364075, "max": 2.141111111111112, "std": 0.15086493946006932}}, "11": {"ell": {"min": 0.8538383838383837, "mean": 1.124678838552727, "median": 1.083985625276827, "max": 2.07155504068602, "std": 0.1546230199952236}}, "12": {"ell": {"min": 0.747171717171717, "mean": 1.0892406284773053, "median": 1.028009144452316, "max": 2.2805050505050515, "std": 0.18070431721359934}}, "13": {"ell": {"min": 0.7032556332556331, "mean": 1.11481637629011, "median": 1.0756668746764446, "max": 2.230197106074968, "std": 0.1477394712818556}}, "14": {"ell": {"min": 0.7427761127761127, "mean": 1.1511050037318857, "median": 1.1206970165063037, "max": 2.3378109593859104, "std": 0.12542260233598584}}}