{"pde": {"dim": 2, "kappa": [0.0, 1.0, 0.8, 0.6, 0.4, 0.5, 0.3, 0.2, 0.1, 0.7], "theta": [0.0, 0.1, 0.2, 0.3, 0.4, 0.5, 0.4, 0.3, 0.2, 0.1], "nu": [0.2, 0.15, 0.11, 0.12, 0.1, 0.13, 0.14, 0.14, 0.1], "lb": [0.0, 1.15, 1.11, 0.12, 0.13, 0.15, 0.11, 0.12, 0.13, 0.15], "rho": [0.0, 0.0, 0.0, 0.0, 0.0, 0.0, 0.0, 0.0, 0.0, 0.0], "eta": 1.0, "T": 1.0}, "simulation": {"num_samples": 512, "num_time_intervals": 10, "start": 0.0, "end": 1.0, "num_neurons": 5}, "optimal": 1.15, "0": {"ell": {"min": 1.35, "mean": 1.3500000000000003, "median": 1.35, "max": 1.35, "std": 2.220662921453717e-16}}, "1": {"ell": {"min": 1.25, "mean": 1.3096443595311673, "median": 1.2981121753281293, "max": 1.4500000000000002, "std": 0.06934601524752786}}, "2": {"ell": {"min": 1.15, "mean": 1.3172157521304322, "median": 1.3381731349339903, "max": 1.5500000000000003, "std": 0.10330444307683118}}, "3": {"ell": {"min": 1.0499999999999998, "mean": 1.2875870723945158, "median": 1.2726442859116724, "max": 1.6500000000000004, "std": 0.11636072650740814}}, "4": {"ell": {"min": 0.9499999999999998, "mean": 1.2708867262539738, "median": 1.2625008379373166, "max": 1.7500000000000004, "std": 0.11984177569518323}}, "5": {"ell": {"min": 0.8499999999999999, "mean": 1.2559471233880726, "median": 1.2454757751235008, "max": 1.8500000000000005, "std": 0.09571890881416763}}, "6": {"ell": {"min": 0.9499999999999998, "mean": 1.2189184114828384, "median": 1.1948369435930815, "max": 1.7500000000000004, "std": 0.10219049292757931}}, "7": {"ell": {"min": 0.8499999999999999, "mean": 1.2254458944723803, "median": 1.2239185854641388, "max": 1.8500000000000005, "std": 0.10361958121293612}}, "8": {"ell": {"min": 0.9387176316291398, "mean": 1.1747004211743335, "median": 1.1531945223590556, "max": 1.9500000000000006, "std": 0.10869409325424803}}, "9": {"ell": {"min": 0.8611111111111109, "mean": 1.1758492797458802, "median": 1.149283020184914, "max": 1.8611111111111118, "std": 0.11424020299006866}}, "10": {"ell": {"min": 0.781111111111111, "mean": 1.196251910151747, "median": 1.1718450167838446, "max": 2.1188888888888897, "std": 0.10682064133392712}}, "11": {"ell": {"min": 0.8683838383838381, "mean": 1.2105844025682992, "median": 1.1856356556708834, "max": 2.163374015712486, "std": 0.13380925816644326}}, "12": {"ell": {"min": 0.7750505050505049, "mean": 1.1824245194085155, "median": 1.1459519208254172, "max": 2.4582828282828295, "std": 0.14794894970431016}}}