{"pde": {"dim": 2, "kappa": [0.0, 1.0, 0.8, 0.6, 0.4, 0.5, 0.3, 0.2, 0.1, 0.7], "theta": [0.0, 0.1, 0.2, 0.3, 0.4, 0.5, 0.4, 0.3, 0.2, 0.1], "nu": [0.2, 0.15, 0.11, 0.12, 0.1, 0.13, 0.14, 0.14, 0.1], "lb": [0.0, 1.15, 1.11, 0.12, 0.13, 0.15, 0.11, 0.12, 0.13, 0.15], "rho": [0.0, 0.0, 0.0, 0.0, 0.0, 0.0, 0.0, 0.0, 0.0, 0.0], "eta": 1.0, "T": 1.0}, "simulation": {"num_samples": 4096, "num_time_intervals": 10, "start": 0.0, "end": 1.0, "num_neurons": 7}, "optimal": 1.15, "0": {"ell": {"min": 0.5, "mean": 0.5, "median": 0.5, "max": 0.5, "std": 0.0}}, "1": {"ell": {"min": 0.5983494937126818, "mean": 0.5999996273505341, "median": 0.6, "max": 0.6, "std": 2.254686563140271e-05}, "nabla u * ell": {"min": 0.500527738581986, "mean": 0.5141049185176169, "median": 0.5122904986569152, "max": 0.5496486645418401, "std": 0.010052062506798836}, "min(nabla u , ell)": {"min": 0.5075018685921804, "mean": 0.5547940307210422, "median": 0.5520097337435692, "max": 0.6004638462157397, "std": 0.029193957221386763}}, "2": {"ell": {"min": 0.6675660276806044, "mean": 0.6999217236326135, "median": 0.7, "max": 0.7, "std": 0.0011231912163387912}, "nabla u * ell": {"min": 0.6002922789222532, "mean": 0.6153905602170029, "median": 0.6141431450709468, "max": 0.7, "std": 0.00995014838691208}, "min(nabla u , ell)": {"min": 0.5595241273163762, "mean": 0.6502718942781858, "median": 0.6482367476196355, "max": 0.699668724841801, "std": 0.029987484624451326}}, "3": {"ell": {"min": 0.6794422028487184, "mean": 0.799617219982219, "median": 0.7999999999999999, "max": 0.7999999999999999, "std": 0.0040247321035518525}, "nabla u * ell": {"min": 0.6262933867850913, "mean": 0.7134581766071634, "median": 0.7132324336502188, "max": 0.7999999999999999, "std": 0.009065003310367536}, "min(nabla u , ell)": {"min": 0.5895679369638291, "mean": 0.7494234674357924, "median": 0.7485604512849128, "max": 0.8010928765906685, "std": 0.03375268477137885}}, "4": {"ell": {"min": 0.6903240041685915, "mean": 0.8937802508768268, "median": 0.8999999999999999, "max": 0.8999999999999999, "std": 0.019147727513155834}, "nabla u * ell": {"min": 0.6678968410040148, "mean": 0.8071605199036075, "median": 0.8065796289695257, "max": 0.8493977692620701, "std": 0.009997341510957995}, "min(nabla u , ell)": {"min": 0.6131922169524902, "mean": 0.8306668443034099, "median": 0.83207809044536, "max": 0.8936231787576295, "std": 0.039892795318737906}}, "5": {"ell": {"min": 0.6, "mean": 0.9724975892677241, "median": 0.9999999999999999, "max": 0.9999999999999999, "std": 0.048839403408869726}, "nabla u * ell": {"min": 0.6, "mean": 0.8964040586877958, "median": 0.9012499045334269, "max": 0.9999999999999999, "std": 0.0262589536652525}, "min(nabla u , ell)": {"min": 0.6285807197464115, "mean": 0.8922167256158341, "median": 0.9018960097434972, "max": 0.9849082875929084, "std": 0.05386392933092834}}, "6": {"ell": {"min": 0.5, "mean": 1.0350541515063374, "median": 1.0608264312802331, "max": 1.0999999999999999, "std": 0.07806592551397301}, "nabla u * ell": {"min": 0.5, "mean": 0.9720513565969296, "median": 1.000246989712294, "max": 1.0999999999999999, "std": 0.056815474831992174}, "min(nabla u , ell)": {"min": 0.6172015595462852, "mean": 0.9498264509850186, "median": 0.974901414109435, "max": 1.0889838253016342, "std": 0.08661217215360936}}, "7": {"ell": {"min": 0.6, "mean": 1.0763545874002887, "median": 1.0623854087171234, "max": 1.2, "std": 0.08870379268597142}, "nabla u * ell": {"min": 0.5320651135915927, "mean": 1.0343496580286928, "median": 1.0609048447444516, "max": 1.1818609015071708, "std": 0.08210241099538676}, "min(nabla u , ell)": {"min": 0.398760356257732, "mean": 1.012605439449835, "median": 1.02653030396942, "max": 1.1741760103988228, "std": 0.1053703558296604}}, "8": {"ell": {"min": 0.7, "mean": 1.1381788765886296, "median": 1.1241609664408703, "max": 1.3, "std": 0.09242827602359688}, "nabla u * ell": {"min": 0.6342418903956605, "mean": 1.0774020851470107, "median": 1.0636356047274083, "max": 1.3, "std": 0.09284014547121058}, "min(nabla u , ell)": {"min": 0.4689817651927091, "mean": 1.0754050554728785, "median": 1.0573174010460926, "max": 1.2828947631744185, "std": 0.1077222122029782}}, "9": {"ell": {"min": 0.7999999999999999, "mean": 1.168161255607282, "median": 1.1502603362250292, "max": 1.4000000000000001, "std": 0.09118227363419099}, "nabla u * ell": {"min": 0.7288088485512079, "mean": 1.1373494564000606, "median": 1.1229465925645867, "max": 1.3852459802719015, "std": 0.09210358227128453}, "min(nabla u , ell)": {"min": 0.727656211121825, "mean": 1.1278571248421676, "median": 1.1134157863486887, "max": 1.3504026457691138, "std": 0.10669024715245255}}, "10": {"ell": {"min": 0.7, "mean": 1.2000822743138917, "median": 1.194456352939443, "max": 1.5000000000000002, "std": 0.10167393210678183}, "nabla u * ell": {"min": 0.7852826044099662, "mean": 1.1674250117992355, "median": 1.1506634630767671, "max": 1.452716694263837, "std": 0.09340697320554675}, "min(nabla u , ell)": {"min": 0.7619454299508296, "mean": 1.1728856971246946, "median": 1.1586269646699954, "max": 1.3980870446335372, "std": 0.10623765508814632}}}